{
  "string": [
    {
      "name": "app_name",
      "value": "健康记事本"
    },
    {
      "name": "main_page_title",
      "value": "健康记事本"
    },
    {
      "name": "health_module",
      "value": "健康记录"
    },
    {
      "name": "sleep_record",
      "value": "睡眠记录"
    },
    {
      "name": "fitness_record",
      "value": "健身记录"
    },
    {
      "name": "mood_record",
      "value": "心理状态"
    },
    {
      "name": "add_record",
      "value": "添加记录"
    },
    {
      "name": "edit_record",
      "value": "编辑记录"
    },
    {
      "name": "delete",
      "value": "删除"
    },
    {
      "name": "cancel",
      "value": "取消"
    },
    {
      "name": "save",
      "value": "保存"
    },
    {
      "name": "sleep_date",
      "value": "日期"
    },
    {
      "name": "sleep_time",
      "value": "睡眠时间(小时)"
    },
    {
      "name": "sleep_quality",
      "value": "睡眠质量"
    },
    {
      "name": "fitness_date",
      "value": "日期"
    },
    {
      "name": "fitness_calories",
      "value": "消耗卡路里(千卡)"
    },
    {
      "name": "fitness_duration",
      "value": "锻炼时间(分钟)"
    },
    {
      "name": "fitness_stand_time",
      "value": "站立时间(小时)"
    },
    {
      "name": "mood_date",
      "value": "日期"
    },
    {
      "name": "mood_status",
      "value": "心理状态"
    },
    {
      "name": "mood_notes",
      "value": "备注"
    },
    {
      "name": "ai_advice",
      "value": "AI建议"
    },
    {
      "name": "confirm_delete",
      "value": "确认删除这条记录吗？"
    }
  ]
}