{
  "entry|entry|1.0.0|src/main/ets/entryability/EntryAbility.ts": {
    "version": 3,
    "file": "EntryAbility.ets",
    "sourceRoot": "",
    "sources": [
      "entry/src/main/ets/entryability/EntryAbility.ets"
    ],
    "names": [],
    "mappings": "YAAS,eAAe;OAAE,qBAAqB;OAAE,SAAS;YAAE,IAAI;OACvD,KAAK;YACL,MAAM;AAEf,MAAM,MAAM,GAAG,MAAM,CAAC;AAEtB,MAAM,CAAC,OAAO,OAAO,YAAa,SAAQ,SAAS;IACjD,QAAQ,CAAC,IAAI,EAAE,IAAI,EAAE,WAAW,EAAE,eAAe,CAAC,WAAW,GAAG,IAAI;QAClE,IAAI,CAAC,OAAO,CAAC,qBAAqB,EAAE,CAAC,YAAY,CAAC,qBAAqB,CAAC,SAAS,CAAC,kBAAkB,CAAC,CAAC;QACtG,KAAK,CAAC,IAAI,CAAC,MAAM,EAAE,SAAS,EAAE,YAAY,EAAE,kBAAkB,CAAC,CAAC;IAClE,CAAC;IAED,SAAS,IAAI,IAAI;QACf,KAAK,CAAC,IAAI,CAAC,MAAM,EAAE,SAAS,EAAE,YAAY,EAAE,mBAAmB,CAAC,CAAC;IACnE,CAAC;IAED,mBAAmB,CAAC,WAAW,EAAE,MAAM,CAAC,WAAW,GAAG,IAAI;QACxD,yDAAyD;QACzD,KAAK,CAAC,IAAI,CAAC,MAAM,EAAE,SAAS,EAAE,YAAY,EAAE,6BAA6B,CAAC,CAAC;QAE3E,WAAW,CAAC,WAAW,CAAC,aAAa,EAAE,CAAC,GAAG,EAAE,EAAE;YAC7C,IAAI,GAAG,CAAC,IAAI,EAAE;gBACZ,KAAK,CAAC,KAAK,CAAC,MAAM,EAAE,SAAS,EAAE,+CAA+C,EAAE,IAAI,CAAC,SAAS,CAAC,GAAG,CAAC,CAAC,CAAC;gBACrG,OAAO;aACR;YACD,KAAK,CAAC,IAAI,CAAC,MAAM,EAAE,SAAS,EAAE,mCAAmC,CAAC,CAAC;QACrE,CAAC,CAAC,CAAC;IACL,CAAC;IAED,oBAAoB,IAAI,IAAI;QAC1B,yDAAyD;QACzD,KAAK,CAAC,IAAI,CAAC,MAAM,EAAE,SAAS,EAAE,YAAY,EAAE,8BAA8B,CAAC,CAAC;IAC9E,CAAC;IAED,YAAY,IAAI,IAAI;QAClB,oCAAoC;QACpC,KAAK,CAAC,IAAI,CAAC,MAAM,EAAE,SAAS,EAAE,YAAY,EAAE,sBAAsB,CAAC,CAAC;IACtE,CAAC;IAED,YAAY,IAAI,IAAI;QAClB,iCAAiC;QACjC,KAAK,CAAC,IAAI,CAAC,MAAM,EAAE,SAAS,EAAE,YAAY,EAAE,sBAAsB,CAAC,CAAC;IACtE,CAAC;CACF",
    "entry-package-info": "entry|1.0.0"
  },
  "entry|entry|1.0.0|src/main/ets/pages/ReminderModel.ts": {
    "version": 3,
    "file": "ReminderModel.ets",
    "sourceRoot": "",
    "sources": [
      "entry/src/main/ets/pages/ReminderModel.ets"
    ],
    "names": [],
    "mappings": "AAAA,MAAM,OAAO,QAAQ;IACnB,EAAE,EAAE,MAAM,GAAG,CAAC,CAAC;IACf,KAAK,EAAE,MAAM,GAAG,EAAE,CAAC;IACnB,OAAO,EAAE,MAAM,GAAG,EAAE,CAAC;IACrB,IAAI,EAAE,MAAM,GAAG,EAAE,CAAC,CAAE,iBAAiB;IACrC,IAAI,EAAE,MAAM,GAAG,EAAE,CAAC,CAAE,YAAY;IAChC,SAAS,EAAE,MAAM,GAAG,CAAC,CAAC,CAAC,cAAc;IAErC,YAAY,EAAE,EAAE,MAAM,EAAE,KAAK,EAAE,MAAM,EAAE,OAAO,EAAE,MAAM,EAAE,IAAI,EAAE,MAAM,EAAE,IAAI,EAAE,MAAM;QAChF,IAAI,CAAC,EAAE,GAAG,EAAE,CAAC;QACb,IAAI,CAAC,KAAK,GAAG,KAAK,CAAC;QACnB,IAAI,CAAC,OAAO,GAAG,OAAO,CAAC;QACvB,IAAI,CAAC,IAAI,GAAG,IAAI,CAAC;QACjB,IAAI,CAAC,IAAI,GAAG,IAAI,CAAC;QACjB,IAAI,CAAC,SAAS,GAAG,IAAI,IAAI,CAAC,GAAG,IAAI,IAAI,IAAI,EAAE,CAAC,CAAC,OAAO,EAAE,CAAC;IACzD,CAAC;CACF",
    "entry-package-info": "entry|1.0.0"
  },
  "entry|entry|1.0.0|src/main/ets/pages/ReminderService.ts": {
    "version": 3,
    "file": "ReminderService.ets",
    "sourceRoot": "",
    "sources": [
      "entry/src/main/ets/pages/ReminderService.ets"
    ],
    "names": [],
    "mappings": "OAAO,EAAE,QAAQ,EAAE;OACZ,OAAO;AAEd,MAAM,WAAW,GAAG,WAAW,CAAC;AAChC,IAAI,SAAS,EAAE,QAAQ,EAAE,GAAG,EAAE,CAAC;AAC/B,IAAI,eAAe,EAAE,OAAO,CAAC,OAAO,CAAC;AAErC,WAAW;AACX,UAAU,cAAc;IACtB,EAAE,EAAE,MAAM,CAAC;IACX,KAAK,EAAE,MAAM,CAAC;IACd,OAAO,EAAE,MAAM,CAAC;IAChB,IAAI,EAAE,MAAM,CAAC;IACb,IAAI,EAAE,MAAM,CAAC;CACd;AAED,MAAM,OAAO,eAAe;IAC1B,OAAO,CAAC,MAAM,CAAC,KAAK,CAAC,OAAO,IAAI,OAAO,CAAC,IAAI,CAAC;QAC3C,IAAI,CAAC,eAAe,EAAE;YACpB,MAAM,eAAe,CAAC,IAAI,EAAE,CAAC;SAC9B;QACD,MAAM,eAAe,CAAC,GAAG,CAAC,WAAW,EAAE,IAAI,CAAC,SAAS,CAAC,SAAS,CAAC,CAAC,CAAC;QAClE,MAAM,eAAe,CAAC,KAAK,EAAE,CAAC;IAChC,CAAC;IAED,MAAM,CAAC,KAAK,CAAC,IAAI,IAAI,OAAO,CAAC,IAAI,CAAC;QAChC,IAAI;YACF,eAAe,GAAG,MAAM,OAAO,CAAC,UAAU,CAAC,oBAAoB,CAAC,CAAC;YACjE,MAAM,IAAI,GAAG,MAAM,eAAe,CAAC,GAAG,CAAC,WAAW,EAAE,IAAI,CAAC,CAAC;YAE1D,IAAI,UAAU,EAAE,MAAM,CAAC;YACvB,IAAI,OAAO,IAAI,KAAK,QAAQ,EAAE;gBAC5B,UAAU,GAAG,IAAI,CAAC;aACnB;iBAAM,IAAI,OAAO,IAAI,KAAK,QAAQ,EAAE;gBACnC,UAAU,GAAG,IAAI,CAAC,QAAQ,EAAE,CAAC;aAC9B;iBAAM;gBACL,UAAU,GAAG,IAAI,CAAC,CAAC,MAAM;aAC1B;YAED,MAAM,UAAU,EAAE,cAAc,EAAE,GAAG,IAAI,CAAC,KAAK,CAAC,UAAU,CAAC,CAAC;YAC5D,SAAS,GAAG,UAAU,CAAC,GAAG,CAAC,IAAI,CAAC,EAAE,CAClC,IAAI,QAAQ,CAAC,IAAI,CAAC,EAAE,EAAE,IAAI,CAAC,KAAK,EAAE,IAAI,CAAC,OAAO,EAAE,IAAI,CAAC,IAAI,EAAE,IAAI,CAAC,IAAI,CAAC,CACpE,CAAC;SACH;QAAC,OAAO,KAAK,EAAE;YACd,OAAO,CAAC,KAAK,CAAC,iCAAiC,EAAE,KAAK,CAAC,CAAC;YACxD,SAAS,GAAG,EAAE,CAAC;SAChB;IACH,CAAC;IAED,MAAM,CAAC,MAAM,IAAI,QAAQ,EAAE;QACzB,OAAO,CAAC,GAAG,SAAS,CAAC,CAAC;IACxB,CAAC;IAED,MAAM,CAAC,SAAS,CAAC,IAAI,EAAE,MAAM,GAAG,QAAQ,EAAE;QACxC,OAAO,SAAS,CAAC,MAAM,CAAC,CAAC,CAAC,EAAE,CAAC,CAAC,CAAC,IAAI,KAAK,IAAI,CAAC,CAAC,IAAI,CAAC,CAAC,CAAC,EAAE,CAAC,EAAE,EAAE,CAAC,CAAC,CAAC,IAAI,CAAC,aAAa,CAAC,CAAC,CAAC,IAAI,CAAC,CAAC,CAAC;IAC7F,CAAC;IAED,MAAM,CAAC,OAAO,CAAC,EAAE,EAAE,MAAM,GAAG,QAAQ,GAAG,SAAS;QAC9C,OAAO,SAAS,CAAC,IAAI,CAAC,CAAC,CAAC,EAAE,CAAC,CAAC,CAAC,EAAE,KAAK,EAAE,CAAC,CAAC;IAC1C,CAAC;IAED,MAAM,CAAC,KAAK,CAAC,GAAG,CAAC,QAAQ,EAAE,QAAQ,GAAG,OAAO,CAAC,IAAI,CAAC;QACjD,SAAS,CAAC,IAAI,CAAC,QAAQ,CAAC,CAAC;QACzB,MAAM,eAAe,CAAC,OAAO,EAAE,CAAC;IAClC,CAAC;IAED,MAAM,CAAC,KAAK,CAAC,MAAM,CAAC,QAAQ,EAAE,QAAQ,GAAG,OAAO,CAAC,OAAO,CAAC;QACvD,MAAM,KAAK,GAAG,SAAS,CAAC,SAAS,CAAC,CAAC,CAAC,EAAE,CAAC,CAAC,CAAC,EAAE,KAAK,QAAQ,CAAC,EAAE,CAAC,CAAC;QAC7D,IAAI,KAAK,IAAI,CAAC,EAAE;YACd,SAAS,CAAC,KAAK,CAAC,GAAG,QAAQ,CAAC;YAC5B,MAAM,eAAe,CAAC,OAAO,EAAE,CAAC;YAChC,OAAO,IAAI,CAAC;SACb;QACD,OAAO,KAAK,CAAC;IACf,CAAC;IAED,MAAM,CAAC,KAAK,CAAC,MAAM,CAAC,EAAE,EAAE,MAAM,GAAG,OAAO,CAAC,OAAO,CAAC;QAC/C,MAAM,KAAK,GAAG,SAAS,CAAC,SAAS,CAAC,CAAC,CAAC,EAAE,CAAC,CAAC,CAAC,EAAE,KAAK,EAAE,CAAC,CAAC;QACpD,IAAI,KAAK,IAAI,CAAC,EAAE;YACd,SAAS,CAAC,MAAM,CAAC,KAAK,EAAE,CAAC,CAAC,CAAC;YAC3B,MAAM,eAAe,CAAC,OAAO,EAAE,CAAC;YAChC,OAAO,IAAI,CAAC;SACb;QACD,OAAO,KAAK,CAAC;IACf,CAAC;IAED,MAAM,CAAC,SAAS,IAAI,MAAM;QACxB,OAAO,SAAS,CAAC,MAAM,GAAG,CAAC,CAAC,CAAC,CAAC,IAAI,CAAC,GAAG,CAAC,GAAG,SAAS,CAAC,GAAG,CAAC,CAAC,CAAC,EAAE,CAAC,CAAC,CAAC,EAAE,CAAC,CAAC,GAAG,CAAC,CAAC,CAAC,CAAC,CAAC,CAAC;IAC9E,CAAC;CACF",
    "entry-package-info": "entry|1.0.0"
  },
  "entry|entry|1.0.0|src/main/ets/pages/CalendarComponent.ts": {
    "version": 3,
    "file": "CalendarComponent.ets",
    "sourceRoot": "",
    "sources": [
      "entry/src/main/ets/pages/CalendarComponent.ets"
    ],
    "names": [],
    "mappings": ";;;;IA0PQ,QAAQ,GAAE,QAAQ;IAClB,MAAM,GAAE,MAAM,IAAI;IAClB,QAAQ,GAAE,MAAM,IAAI;;;IA/OnB,WAAW,GAAE,MAAM;IACnB,YAAY,GAAE,MAAM;IACpB,YAAY,GAAE,MAAM;IACpB,SAAS,GAAE,QAAQ,EAAE;IAGrB,YAAY,GAAE,WAAW,EAAE,EAAE;;cAnB7B,QAAQ,QAAQ,iBAAiB;OACnC,EAAE,eAAe,EAAE;OACjB,MAAM;AAGf,UAAU,WAAW;IACnB,GAAG,EAAE,MAAM,CAAC;IACZ,cAAc,EAAE,OAAO,CAAC;CACzB;MAIM,iBAAiB;IAFxB;;;;;0DAG+B,IAAI,IAAI,EAAE,CAAC,WAAW,EAAE;2DACvB,IAAI,IAAI,EAAE,CAAC,QAAQ,EAAE,GAAG,CAAC;2DACzB,IAAI,CAAC,UAAU,CAAC,IAAI,IAAI,EAAE,CAAC;wDAC1B,EAAE;2DAGM,EAAE;;;KAX1C;;;;;;;;;;;;;;;;;;;;;;;;;;;;;;;;;;;;IAKC,gDAAoB,MAAM,EAA4B;QAA/C,WAAW;;;QAAX,WAAW,WAAE,MAAM;;;IAC1B,iDAAqB,MAAM,EAA6B;QAAjD,YAAY;;;QAAZ,YAAY,WAAE,MAAM;;;IAC3B,iDAAqB,MAAM,EAA+B;QAAnD,YAAY;;;QAAZ,YAAY,WAAE,MAAM;;;IAC3B,8CAAkB,QAAQ,EAAE,EAAM;QAA3B,SAAS;;;QAAT,SAAS,WAAE,QAAQ,EAAE;;;IAE5B,OAAO;IACP,iDAAqB,WAAW,EAAE,EAAE,EAAM;QAAnC,YAAY;;;QAAZ,YAAY,WAAE,WAAW,EAAE,EAAE;;;IAEpC,aAAa;QACX,IAAI,CAAC,gBAAgB,EAAE,CAAC;QACxB,IAAI,CAAC,aAAa,EAAE,CAAC;IACvB,CAAC;IAED,UAAU,CAAC,IAAI,EAAE,IAAI,GAAG,MAAM;QAC5B,MAAM,IAAI,GAAG,IAAI,CAAC,WAAW,EAAE,CAAC;QAChC,MAAM,KAAK,GAAG,CAAC,IAAI,CAAC,QAAQ,EAAE,GAAG,CAAC,CAAC,CAAC,QAAQ,EAAE,CAAC,QAAQ,CAAC,CAAC,EAAE,GAAG,CAAC,CAAC;QAChE,MAAM,GAAG,GAAG,IAAI,CAAC,OAAO,EAAE,CAAC,QAAQ,EAAE,CAAC,QAAQ,CAAC,CAAC,EAAE,GAAG,CAAC,CAAC;QACvD,OAAO,GAAG,IAAI,IAAI,KAAK,IAAI,GAAG,EAAE,CAAC;IACnC,CAAC;IAED,aAAa;QACX,IAAI,CAAC,SAAS,GAAG,eAAe,CAAC,SAAS,CAAC,IAAI,CAAC,YAAY,CAAC,CAAC;IAChE,CAAC;IAED,gBAAgB;QACd,MAAM,QAAQ,GAAG,IAAI,IAAI,CAAC,IAAI,CAAC,WAAW,EAAE,IAAI,CAAC,YAAY,GAAG,CAAC,EAAE,CAAC,CAAC,CAAC;QACtE,MAAM,OAAO,GAAG,IAAI,IAAI,CAAC,IAAI,CAAC,WAAW,EAAE,IAAI,CAAC,YAAY,EAAE,CAAC,CAAC,CAAC;QAEjE,MAAM,QAAQ,GAAG,QAAQ,CAAC,MAAM,EAAE,KAAK,CAAC,CAAC,CAAC,CAAC,CAAC,CAAC,CAAC,CAAC,QAAQ,CAAC,MAAM,EAAE,GAAG,CAAC,CAAC,CAAC,cAAc;QACpF,MAAM,SAAS,GAAG,OAAO,CAAC,OAAO,EAAE,CAAC;QAEpC,MAAM,gBAAgB,GAAG,IAAI,IAAI,CAAC,IAAI,CAAC,WAAW,EAAE,IAAI,CAAC,YAAY,GAAG,CAAC,EAAE,CAAC,CAAC,CAAC,OAAO,EAAE,CAAC;QAExF,IAAI,QAAQ,EAAE,WAAW,EAAE,EAAE,GAAG,EAAE,CAAC;QACnC,IAAI,IAAI,EAAE,WAAW,EAAE,GAAG,EAAE,CAAC;QAE7B,SAAS;QACT,KAAK,IAAI,CAAC,GAAG,QAAQ,GAAG,CAAC,EAAE,CAAC,IAAI,CAAC,EAAE,CAAC,EAAE,EAAE;YACtC,IAAI,CAAC,IAAI,CAAC,EAAE,GAAG,EAAE,gBAAgB,GAAG,CAAC,EAAE,cAAc,EAAE,KAAK,EAAE,CAAC,CAAC;YAChE,IAAI,IAAI,CAAC,MAAM,KAAK,CAAC,EAAE;gBACrB,QAAQ,CAAC,IAAI,CAAC,CAAC,GAAG,IAAI,CAAC,CAAC,CAAC;gBACzB,IAAI,GAAG,EAAE,CAAC;aACX;SACF;QAED,SAAS;QACT,KAAK,IAAI,CAAC,GAAG,CAAC,EAAE,CAAC,IAAI,SAAS,EAAE,CAAC,EAAE,EAAE;YACnC,IAAI,CAAC,IAAI,CAAC,EAAE,GAAG,EAAE,CAAC,EAAE,cAAc,EAAE,IAAI,EAAE,CAAC,CAAC;YAC5C,IAAI,IAAI,CAAC,MAAM,KAAK,CAAC,EAAE;gBACrB,QAAQ,CAAC,IAAI,CAAC,CAAC,GAAG,IAAI,CAAC,CAAC,CAAC;gBACzB,IAAI,GAAG,EAAE,CAAC;aACX;SACF;QAED,SAAS;QACT,IAAI,YAAY,GAAG,CAAC,CAAC;QACrB,OAAO,IAAI,CAAC,MAAM,GAAG,CAAC,IAAI,IAAI,CAAC,MAAM,GAAG,CAAC,EAAE;YACzC,IAAI,CAAC,IAAI,CAAC,EAAE,GAAG,EAAE,YAAY,EAAE,cAAc,EAAE,KAAK,EAAE,CAAC,CAAC;YACxD,YAAY,EAAE,CAAC;YACf,IAAI,IAAI,CAAC,MAAM,KAAK,CAAC,EAAE;gBACrB,QAAQ,CAAC,IAAI,CAAC,CAAC,GAAG,IAAI,CAAC,CAAC,CAAC;gBACzB,IAAI,GAAG,EAAE,CAAC;aACX;SACF;QAED,IAAI,CAAC,YAAY,GAAG,QAAQ,CAAC;IAC/B,CAAC;IAED,WAAW,CAAC,MAAM,EAAE,MAAM;QACxB,IAAI,QAAQ,GAAG,IAAI,CAAC,YAAY,GAAG,MAAM,CAAC;QAC1C,IAAI,OAAO,GAAG,IAAI,CAAC,WAAW,CAAC;QAE/B,IAAI,QAAQ,GAAG,CAAC,EAAE;YAChB,QAAQ,GAAG,EAAE,CAAC;YACd,OAAO,EAAE,CAAC;SACX;aAAM,IAAI,QAAQ,GAAG,EAAE,EAAE;YACxB,QAAQ,GAAG,CAAC,CAAC;YACb,OAAO,EAAE,CAAC;SACX;QAED,IAAI,CAAC,YAAY,GAAG,QAAQ,CAAC;QAC7B,IAAI,CAAC,WAAW,GAAG,OAAO,CAAC;QAC3B,IAAI,CAAC,gBAAgB,EAAE,CAAC;IAC1B,CAAC;IAED,SAAS,CAAC,GAAG,EAAE,MAAM,EAAE,cAAc,EAAE,OAAO;QAC5C,IAAI,CAAC,cAAc,EAAE;YACnB,IAAI,CAAC,WAAW,CAAC,GAAG,GAAG,EAAE,CAAC,CAAC,CAAC,CAAC,CAAC,CAAC,CAAC,CAAC,CAAC,CAAC,CAAC;YACpC,OAAO;SACR;QAED,MAAM,cAAc,GAAG,IAAI,CAAC,YAAY,CAAC,QAAQ,EAAE,CAAC,QAAQ,CAAC,CAAC,EAAE,GAAG,CAAC,CAAC;QACrE,MAAM,YAAY,GAAG,GAAG,CAAC,QAAQ,EAAE,CAAC,QAAQ,CAAC,CAAC,EAAE,GAAG,CAAC,CAAC;QACrD,IAAI,CAAC,YAAY,GAAG,GAAG,IAAI,CAAC,WAAW,IAAI,cAAc,IAAI,YAAY,EAAE,CAAC;QAC5E,IAAI,CAAC,aAAa,EAAE,CAAC;IACvB,CAAC;IAED;;YACE,MAAM;;YAAN,MAAM,CAmIL,KAAK,CAAC,MAAM;YAnIb,MAAM,CAoIL,MAAM,CAAC,MAAM;YApId,MAAM,CAqIL,OAAO,CAAC,EAAE;;;YApIT,OAAO;YACP,GAAG,QAAC,EAAE,KAAK,EAAE,EAAE,EAAE;;YADjB,OAAO;YACP,GAAG,CAeF,cAAc,CAAC,SAAS,CAAC,MAAM;YAhBhC,OAAO;YACP,GAAG,CAgBF,KAAK,CAAC,MAAM;YAjBb,OAAO;YACP,GAAG,CAiBF,MAAM,CAAC,EAAE,GAAG,EAAE,EAAE,EAAE,MAAM,EAAE,EAAE,EAAE;;;YAhB7B,MAAM,iBAAC,GAAG,EAAE,EAAE,IAAI,EAAE,UAAU,CAAC,MAAM,EAAE,WAAW,EAAE,IAAI,EAAE;;YAA1D,MAAM,CACH,OAAO,CAAC,GAAG,EAAE,CAAC,IAAI,CAAC,WAAW,CAAC,CAAC,CAAC,CAAC;YADrC,MAAM,CAEH,KAAK,CAAC,EAAE;YAFX,MAAM,CAGH,MAAM,CAAC,EAAE;;QAHZ,MAAM;;YAKN,IAAI,QAAC,GAAG,IAAI,CAAC,WAAW,IAAI,IAAI,CAAC,YAAY,GAAG;;YAAhD,IAAI,CACD,QAAQ,CAAC,EAAE;YADd,IAAI,CAED,UAAU,CAAC,UAAU,CAAC,IAAI;;QAF7B,IAAI;;YAIJ,MAAM,iBAAC,GAAG,EAAE,EAAE,IAAI,EAAE,UAAU,CAAC,MAAM,EAAE,WAAW,EAAE,IAAI,EAAE;;YAA1D,MAAM,CACH,OAAO,CAAC,GAAG,EAAE,CAAC,IAAI,CAAC,WAAW,CAAC,CAAC,CAAC;YADpC,MAAM,CAEH,KAAK,CAAC,EAAE;YAFX,MAAM,CAGH,MAAM,CAAC,EAAE;;QAHZ,MAAM;QAXR,OAAO;QACP,GAAG;;YAmBH,OAAO;YACP,GAAG;;YADH,OAAO;YACP,GAAG,CASF,KAAK,CAAC,MAAM;YAVb,OAAO;YACP,GAAG,CAUF,MAAM,CAAC,EAAE,MAAM,EAAE,EAAE,EAAE;;;YATpB,OAAO;;;;oBACL,IAAI,QAAC,GAAG;;oBAAR,IAAI,CACD,QAAQ,CAAC,EAAE;oBADd,IAAI,CAED,UAAU,CAAC,UAAU,CAAC,IAAI;oBAF7B,IAAI,CAGD,SAAS,CAAC,SAAS,CAAC,MAAM;oBAH7B,IAAI,CAID,KAAK,CAAC,QAAQ;;gBAJjB,IAAI;;+CADE,CAAC,GAAG,EAAE,GAAG,EAAE,GAAG,EAAE,GAAG,EAAE,GAAG,EAAE,GAAG,EAAE,GAAG,CAAC;;QAA3C,OAAO;QAFT,OAAO;QACP,GAAG;;YAYH,OAAO;YACP,OAAO;;;;oBACL,GAAG;;oBAAH,GAAG,CAwBF,KAAK,CAAC,MAAM;oBAxBb,GAAG,CAyBF,MAAM,CAAC,EAAE,MAAM,EAAE,CAAC,EAAE;;;oBAxBnB,OAAO;;;;4BACL,MAAM;;4BAAN,MAAM,CAWL,KAAK,CAAC,QAAQ;4BAXf,MAAM,CAYL,MAAM,CAAC,EAAE;4BAZV,MAAM,CAaL,YAAY,CAAC,EAAE;4BAbhB,MAAM,CAcL,eAAe,CACd,OAAO,CAAC,cAAc;gCACpB,IAAI,CAAC,YAAY,KAAK,GAAG,IAAI,CAAC,WAAW,IAAI,IAAI,CAAC,YAAY,CAAC,QAAQ,EAAE,CAAC,QAAQ,CAAC,CAAC,EAAE,GAAG,CAAC,IAAI,OAAO,CAAC,GAAG,CAAC,QAAQ,EAAE,CAAC,QAAQ,CAAC,CAAC,EAAE,GAAG,CAAC,EAAE,CAAC,CAAC;gCAC3I,KAAK,CAAC,IAAI,CAAC,CAAC,CAAC,KAAK,CAAC,WAAW;4BAjBhC,MAAM,CAmBL,OAAO,CAAC,GAAG,EAAE,CAAC,IAAI,CAAC,SAAS,CAAC,OAAO,CAAC,GAAG,EAAE,OAAO,CAAC,cAAc,CAAC;;;4BAlBhE,wBAAwB;4BACxB,IAAI,QAAC,OAAO,CAAC,GAAG,CAAC,QAAQ,EAAE;;4BAD3B,wBAAwB;4BACxB,IAAI,CACD,QAAQ,CAAC,EAAE;4BAFd,wBAAwB;4BACxB,IAAI,CAED,SAAS,CAAC,OAAO,CAAC,cAAc,CAAC,CAAC;gCACjC,CAAC,IAAI,CAAC,YAAY,KAAK,GAAG,IAAI,CAAC,WAAW,IAAI,IAAI,CAAC,YAAY,CAAC,QAAQ,EAAE,CAAC,QAAQ,CAAC,CAAC,EAAE,GAAG,CAAC,IAAI,OAAO,CAAC,GAAG,CAAC,QAAQ,EAAE,CAAC,QAAQ,CAAC,CAAC,EAAE,GAAG,CAAC,EAAE,CAAC,CAAC;oCAC1I,KAAK,CAAC,KAAK,CAAC,CAAC,CAAC,KAAK,CAAC,KAAK,CAAC,CAAC,CAAC;gCAC9B,KAAK,CAAC,IAAI;4BANZ,wBAAwB;4BACxB,IAAI,CAMD,SAAS,CAAC,SAAS,CAAC,MAAM;4BAP7B,wBAAwB;4BACxB,IAAI,CAOD,KAAK,CAAC,MAAM;;wBARf,wBAAwB;wBACxB,IAAI;wBAFN,MAAM;;uDADA,IAAI;;gBAAZ,OAAO;gBADT,GAAG;;+CADG,IAAI,CAAC,YAAY;;QADzB,OAAO;QACP,OAAO;;YA6BP,SAAS;YACT,GAAG;;YADH,SAAS;YACT,GAAG,CAiBF,KAAK,CAAC,MAAM;YAlBb,SAAS;YACT,GAAG,CAkBF,MAAM,CAAC,EAAE,GAAG,EAAE,EAAE,EAAE,MAAM,EAAE,EAAE,EAAE;;;YAjB7B,IAAI,QAAC,MAAM;;YAAX,IAAI,CACD,QAAQ,CAAC,EAAE;YADd,IAAI,CAED,UAAU,CAAC,UAAU,CAAC,IAAI;;QAF7B,IAAI;;YAIJ,KAAK;;;QAAL,KAAK;;YAEL,MAAM,iBAAC,GAAG,EAAE,EAAE,IAAI,EAAE,UAAU,CAAC,MAAM,EAAE,WAAW,EAAE,IAAI,EAAE;;YAA1D,MAAM,CACH,OAAO,CAAC,GAAG,EAAE;gBACZ,MAAM,CAAC,OAAO,CAAC;oBACb,GAAG,EAAE,wBAAwB;oBAC7B,MAAM,EAAE,EAAE,IAAI,EAAE,IAAI,CAAC,YAAY,EAAE;iBACpC,CAAC,CAAC;YACL,CAAC;YANH,MAAM,CAOH,KAAK,CAAC,EAAE;YAPX,MAAM,CAQH,MAAM,CAAC,EAAE;;QARZ,MAAM;QARR,SAAS;QACT,GAAG;;;YAoBH,OAAO;YACP,IAAI,IAAI,CAAC,SAAS,CAAC,MAAM,GAAG,CAAC,EAAE;;;wBAC7B,IAAI,QAAC,EAAE,KAAK,EAAE,EAAE,EAAE;;wBAAlB,IAAI,CAgCH,YAAY,CAAC,CAAC;wBAhCf,IAAI,CAiCH,KAAK,CAAC,MAAM;wBAjCb,IAAI,CAkCH,MAAM,CAAC,KAAK;;;wBAjCX,OAAO;;;;;;;;wCACL,QAAQ;;;;;;;;;;;wCACN,MAAM;;wCAAN,MAAM,CAwBL,KAAK,CAAC,MAAM;wCAxBb,MAAM,CAyBL,OAAO,CAAC,EAAE;;;wCAxBT,IAAI,QAAC,QAAQ,CAAC,KAAK;;wCAAnB,IAAI,CACD,QAAQ,CAAC,EAAE;wCADd,IAAI,CAED,UAAU,CAAC,UAAU,CAAC,IAAI;wCAF7B,IAAI,CAGD,SAAS,CAAC,SAAS,CAAC,KAAK;;oCAH5B,IAAI;;wCAKJ,IAAI,QAAC,GAAG,QAAQ,CAAC,IAAI,IAAI,QAAQ,CAAC,IAAI,EAAE;;wCAAxC,IAAI,CACD,QAAQ,CAAC,EAAE;wCADd,IAAI,CAED,SAAS,CAAC,KAAK,CAAC,IAAI;wCAFvB,IAAI,CAGD,SAAS,CAAC,SAAS,CAAC,KAAK;;oCAH5B,IAAI;;wCAKJ,MAAM,iBAAC,MAAM,EAAE,EAAE,IAAI,EAAE,UAAU,CAAC,MAAM,EAAE;;wCAA1C,MAAM,CACH,KAAK,CAAC,GAAG;wCADZ,MAAM,CAEH,MAAM,CAAC,EAAE,GAAG,EAAE,CAAC,EAAE;wCAFpB,MAAM,CAGH,OAAO,CAAC,GAAG,EAAE;4CACZ,MAAM,CAAC,OAAO,CAAC;gDACb,GAAG,EAAE,wBAAwB;gDAC7B,MAAM,EAAE;oDACN,IAAI,EAAE,MAAM;oDACZ,EAAE,EAAE,QAAQ,CAAC,EAAE;iDAChB;6CACF,CAAC,CAAC;wCACL,CAAC;;oCAXH,MAAM;oCAXR,MAAM;oCADR,QAAQ;;;gCAAR,QAAQ;;;2DADF,IAAI,CAAC,SAAS;;oBAAtB,OAAO;oBADT,IAAI;;aAmCL;iBAAM;;;wBACL,IAAI,QAAC,UAAU;;wBAAf,IAAI,CACD,QAAQ,CAAC,EAAE;wBADd,IAAI,CAED,SAAS,CAAC,KAAK,CAAC,IAAI;wBAFvB,IAAI,CAGD,SAAS,CAAC,SAAS,CAAC,MAAM;wBAH7B,IAAI,CAID,KAAK,CAAC,MAAM;wBAJf,IAAI,CAKD,MAAM,CAAC,EAAE,GAAG,EAAE,EAAE,EAAE;;oBALrB,IAAI;;aAML;;;QAjIH,MAAM;KAsIP;;;;;;;;MAII,YAAY;IADnB;;;;;;;;;;KAFC;;;;qCAIO,QAAQ;mCACR,MAAM;qCACN,QAAQ;;;;;;;;;;;;;;IAFd,kDAAgB,QAAQ,EAAC;QAAnB,QAAQ;;;QAAR,QAAQ,WAAE,QAAQ;;;IACxB,gDAAc,MAAM,IAAI,EAAC;QAAnB,MAAM;;;QAAN,MAAM,WAAE,MAAM,IAAI;;;IACxB,kDAAgB,MAAM,IAAI,EAAC;QAArB,QAAQ;;;QAAR,QAAQ,WAAE,MAAM,IAAI;;;IAE1B;;YACE,GAAG;;YAAH,GAAG,CA6BF,KAAK,CAAC,MAAM;YA7Bb,GAAG,CA8BF,OAAO,CAAC,EAAE;YA9BX,GAAG,CA+BF,eAAe,CAAC,KAAK,CAAC,KAAK;YA/B5B,GAAG,CAgCF,YAAY,CAAC,CAAC;YAhCf,GAAG,CAiCF,MAAM,CAAC,EAAE,MAAM,EAAE,CAAC,EAAE,KAAK,EAAE,KAAK,CAAC,IAAI,EAAE,OAAO,EAAE,CAAC,EAAE,OAAO,EAAE,CAAC,EAAE;;;YAhC9D,MAAM;;YAAN,MAAM,CAcL,YAAY,CAAC,CAAC;;;YAbb,IAAI,QAAC,IAAI,CAAC,QAAQ,CAAC,KAAK;;YAAxB,IAAI,CACD,QAAQ,CAAC,EAAE;YADd,IAAI,CAED,UAAU,CAAC,UAAU,CAAC,IAAI;;QAF7B,IAAI;;YAIJ,IAAI,QAAC,GAAG,IAAI,CAAC,QAAQ,CAAC,IAAI,IAAI,IAAI,CAAC,QAAQ,CAAC,IAAI,EAAE;;YAAlD,IAAI,CACD,QAAQ,CAAC,EAAE;YADd,IAAI,CAED,SAAS,CAAC,KAAK,CAAC,IAAI;YAFvB,IAAI,CAGD,MAAM,CAAC,EAAE,GAAG,EAAE,CAAC,EAAE;;QAHpB,IAAI;;YAKJ,IAAI,QAAC,IAAI,CAAC,QAAQ,CAAC,OAAO;;YAA1B,IAAI,CACD,QAAQ,CAAC,EAAE;YADd,IAAI,CAED,MAAM,CAAC,EAAE,GAAG,EAAE,CAAC,EAAE;;QAFpB,IAAI;QAVN,MAAM;;YAgBN,GAAG,QAAC,EAAE,KAAK,EAAE,EAAE,EAAE;;;;YACf,MAAM,iBAAC,IAAI,EAAE,EAAE,IAAI,EAAE,UAAU,CAAC,MAAM,EAAE;;YAAxC,MAAM,CACH,OAAO,CAAC,GAAG,EAAE,CAAC,IAAI,CAAC,MAAM,EAAE;YAD9B,MAAM,CAEH,KAAK,CAAC,EAAE;YAFX,MAAM,CAGH,MAAM,CAAC,EAAE;;QAHZ,MAAM;;YAKN,MAAM,iBAAC,IAAI,EAAE,EAAE,IAAI,EAAE,UAAU,CAAC,MAAM,EAAE;;YAAxC,MAAM,CACH,OAAO,CAAC,GAAG,EAAE,CAAC,IAAI,CAAC,QAAQ,EAAE;YADhC,MAAM,CAEH,KAAK,CAAC,EAAE;YAFX,MAAM,CAGH,MAAM,CAAC,EAAE;;QAHZ,MAAM;QANR,GAAG;QAjBL,GAAG;KAkCJ;;;;;AAGH,OAAO,EAAE,iBAAiB,EAAE,CAAC",
    "entry-package-info": "entry|1.0.0"
  },
  "entry|entry|1.0.0|src/main/ets/pages/CalendarPage.ts": {
    "version": 3,
    "file": "CalendarPage.ets",
    "sourceRoot": "",
    "sources": [
      "entry/src/main/ets/pages/CalendarPage.ets"
    ],
    "names": [],
    "mappings": ";;;;;OAAO,EAAE,iBAAiB,EAAE;OACrB,MAAM;MAIN,YAAY;IAFnB;;;;;;;KAFkC;;;;;;;;;;;IAKhC;;YACE,MAAM;;YAAN,MAAM,CAeL,KAAK,CAAC,MAAM;YAfb,MAAM,CAgBL,MAAM,CAAC,MAAM;;;YAfZ,OAAO;YACP,MAAM,iBAAC,IAAI,EAAE,EAAE,IAAI,EAAE,UAAU,CAAC,MAAM,EAAE;;YADxC,OAAO;YACP,MAAM,CACH,KAAK,CAAC,EAAE;YAFX,OAAO;YACP,MAAM,CAEH,MAAM,CAAC,EAAE;YAHZ,OAAO;YACP,MAAM,CAGH,SAAS,CAAC,SAAS,CAAC,KAAK;YAJ5B,OAAO;YACP,MAAM,CAIH,MAAM,CAAC,EAAE;YALZ,OAAO;YACP,MAAM,CAKH,OAAO,CAAC,GAAG,EAAE;gBACZ,MAAM,CAAC,IAAI,EAAE,CAAC;YAChB,CAAC;;QARH,OAAO;QACP,MAAM;;;uBAWH,YAAY,CAAC,CAAC;;;;;;oBAFjB,OAAO;oBACP,iBAAiB;;;;;;;;;;;;;QAZnB,MAAM;KAiBP",
    "entry-package-info": "entry|1.0.0"
  },
  "entry|entry|1.0.0|src/main/ets/pages/Index.ts": {
    "version": 3,
    "file": "Index.ets",
    "sourceRoot": "",
    "sources": [
      "entry/src/main/ets/pages/Index.ets"
    ],
    "names": [],
    "mappings": ";;;;;OACO,MAAM;MAIN,KAAK;IAFZ;;;;;;;KAFkC;;;;;;;;;;;IAKhC;;YACE,MAAM;;YAAN,MAAM,CA4BL,KAAK,CAAC,MAAM;YA5Bb,MAAM,CA6BL,MAAM,CAAC,MAAM;YA7Bd,MAAM,CA8BL,cAAc,CAAC,SAAS,CAAC,MAAM;;;YA7B9B,OAAO;YACP,IAAI,QAAC,QAAQ;;YADb,OAAO;YACP,IAAI,CACD,QAAQ,CAAC,EAAE;YAFd,OAAO;YACP,IAAI,CAED,UAAU,CAAC,UAAU,CAAC,IAAI;YAH7B,OAAO;YACP,IAAI,CAGD,MAAM,CAAC,EAAE,GAAG,EAAE,EAAE,EAAE,MAAM,EAAE,EAAE,EAAE;;QAJjC,OAAO;QACP,IAAI;;YAKJ,QAAQ;YACR,MAAM,iBAAC,MAAM,EAAE,EAAE,IAAI,EAAE,UAAU,CAAC,OAAO,EAAE;;YAD3C,QAAQ;YACR,MAAM,CACH,KAAK,CAAC,KAAK;YAFd,QAAQ;YACR,MAAM,CAEH,MAAM,CAAC,EAAE;YAHZ,QAAQ;YACR,MAAM,CAGH,MAAM,CAAC,EAAE,MAAM,EAAE,EAAE,EAAE;YAJxB,QAAQ;YACR,MAAM,CAIH,OAAO,CAAC,GAAG,EAAE;gBACZ,MAAM,CAAC,OAAO,CAAC;oBACb,GAAG,EAAE,oBAAoB;iBAC1B,CAAC,CAAC;YACL,CAAC;;QATH,QAAQ;QACR,MAAM;;YAWN,MAAM,iBAAC,QAAQ,EAAE,EAAE,IAAI,EAAE,UAAU,CAAC,OAAO,EAAE;;YAA7C,MAAM,CACH,KAAK,CAAC,KAAK;YADd,MAAM,CAEH,MAAM,CAAC,EAAE;YAFZ,MAAM,CAGH,OAAO,CAAC,GAAG,EAAE;gBACZ,MAAM,CAAC,OAAO,CAAC;oBACb,GAAG,EAAE,wBAAwB;iBAC9B,CAAC,CAAC;YACL,CAAC;;QAPH,MAAM;QAnBR,MAAM;KA+BP",
    "entry-package-info": "entry|1.0.0"
  },
  "entry|entry|1.0.0|src/main/ets/pages/NotificationService.ts": {
    "version": 3,
    "file": "NotificationService.ets",
    "sourceRoot": "",
    "sources": [
      "entry/src/main/ets/pages/NotificationService.ets"
    ],
    "names": [],
    "mappings": "cAAS,QAAQ,QAAQ,iBAAiB;OACnC,aAAa;YACb,MAAM;AAEb,iBAAiB;AACjB,UAAU,YAAY;IACpB,KAAK,EAAE,MAAM,CAAC;IACd,IAAI,EAAE,aAAa,CAAC,gBAAgB,CAAC;CACtC;AAED,UAAU,SAAS;IACjB,OAAO,EAAE,MAAM,CAAC;IAChB,WAAW,EAAE,MAAM,CAAC;CACrB;AAED,UAAU,eAAe;IACvB,YAAY,EAAE,aAAa,CAAC,YAAY,CAAC;IACzC,oBAAoB,EAAE,MAAM,CAAC;IAC7B,YAAY,EAAE;QAAC,YAAY;KAAC,CAAC;IAC7B,SAAS,EAAE,SAAS,CAAC;IACrB,KAAK,EAAE,MAAM,CAAC;IACd,OAAO,EAAE,MAAM,CAAC;IAChB,cAAc,EAAE,MAAM,CAAC;IACvB,aAAa,EAAE,MAAM,CAAC;IACtB,cAAc,EAAE,MAAM,CAAC;CACxB;AAED,MAAM,OAAO,mBAAmB;IAC9B,MAAM,CAAC,KAAK,CAAC,gBAAgB,CAAC,OAAO,EAAE,MAAM,CAAC,gBAAgB,EAAE,QAAQ,EAAE,QAAQ;QAChF,IAAI;YACF,iBAAiB;YACjB,MAAM,eAAe,EAAE,eAAe,GAAG;gBACvC,YAAY,EAAE,aAAa,CAAC,YAAY,CAAC,mBAAmB;gBAC5D,oBAAoB,EAAE,IAAI,CAAC,KAAK,CAAC,QAAQ,CAAC,SAAS,GAAG,IAAI,CAAC;gBAC3D,YAAY,EAAE,CAAC;wBACb,KAAK,EAAE,IAAI;wBACX,IAAI,EAAE,aAAa,CAAC,gBAAgB,CAAC,wBAAwB;qBAC9D,CAAC;gBACF,SAAS,EAAE;oBACT,OAAO,EAAE,OAAO,CAAC,WAAW,CAAC,UAAU;oBACvC,WAAW,EAAE,OAAO,CAAC,WAAW,CAAC,IAAI;iBACtC;gBACD,KAAK,EAAE,QAAQ,CAAC,KAAK;gBACrB,OAAO,EAAE,QAAQ,CAAC,OAAO;gBACzB,cAAc,EAAE,OAAO;gBACvB,aAAa,EAAE,MAAM;gBACrB,cAAc,EAAE,QAAQ,CAAC,EAAE;aAC5B,CAAC;YAEF,MAAM,aAAa,CAAC,eAAe,CAAC,eAAe,CAAC,CAAC;SACtD;QAAC,OAAO,KAAK,EAAE;YACd,OAAO,CAAC,KAAK,CAAC,gCAAgC,IAAI,CAAC,SAAS,CAAC,KAAK,CAAC,EAAE,CAAC,CAAC;SACxE;IACH,CAAC;IAED,MAAM,CAAC,KAAK,CAAC,cAAc,CAAC,UAAU,EAAE,MAAM;QAC5C,IAAI;YACF,MAAM,aAAa,CAAC,cAAc,CAAC,UAAU,CAAC,CAAC;SAChD;QAAC,OAAO,KAAK,EAAE;YACd,OAAO,CAAC,KAAK,CAAC,8BAA8B,IAAI,CAAC,SAAS,CAAC,KAAK,CAAC,EAAE,CAAC,CAAC;SACtE;IACH,CAAC;CAEF",
    "entry-package-info": "entry|1.0.0"
  },
  "entry|entry|1.0.0|src/main/ets/pages/ReminderEditPage.ts": {
    "version": 3,
    "file": "ReminderEditPage.ets",
    "sourceRoot": "",
    "sources": [
      "entry/src/main/ets/pages/ReminderEditPage.ets"
    ],
    "names": [],
    "mappings": ";;;;IAgBS,QAAQ,GAAE,QAAQ;IAClB,UAAU,GAAE,OAAO;IACnB,IAAI,GAAE,MAAM;IACZ,cAAc,GAAE,OAAO;IACvB,cAAc,GAAE,OAAO;IACvB,QAAQ,GAAE,MAAM;IAChB,QAAQ,GAAE,MAAM;IAGf,WAAW,GAAE,MAAM,EAAE;;OAzBxB,EAAE,QAAQ,EAAE;OACZ,EAAE,eAAe,EAAE;OACnB,EAAE,mBAAmB,EAAE;OACvB,MAAM;YACN,MAAM;AAGb,UAAU,YAAY;IACpB,EAAE,CAAC,EAAE,MAAM,CAAC;IACZ,IAAI,CAAC,EAAE,MAAM,CAAC;IACd,IAAI,CAAC,EAAE,MAAM,CAAC;CACf;MAIM,gBAAgB;IAFvB;;;;;uDAG8B,IAAI,QAAQ,CAAC,CAAC,EAAE,EAAE,EAAE,EAAE,EAAE,EAAE,EAAE,OAAO,CAAC;yDACnC,KAAK;mDACZ,OAAO;6DACI,KAAK;6DACL,KAAK;uDACZ,EAAE;uDACF,OAAO;2BAGD,CAAC,GAAG,EAAE;YACpC,MAAM,OAAO,EAAC,MAAM,EAAE,GAAG,EAAE,CAAC;YAC5B,KAAK,IAAI,IAAI,GAAG,CAAC,EAAE,IAAI,GAAG,EAAE,EAAE,IAAI,EAAE,EAAE;gBACpC,KAAK,IAAI,MAAM,IAAI,CAAC,IAAI,EAAE,IAAI,CAAC,EAAE;oBAC/B,OAAO,CAAC,IAAI,CAAC,GAAG,IAAI,CAAC,QAAQ,EAAE,CAAC,QAAQ,CAAC,CAAC,EAAE,GAAG,CAAC,IAAI,MAAM,EAAE,CAAC,CAAC;iBAC/D;aACF;YACD,OAAO,OAAO,CAAC;QACjB,CAAC,CAAC,EAAE;;;KAtBL;;;;;;;;;;;;;;;;;;;;;;;;;;;;;;;;;;;;;;;;;;;;;;;;;IAKC,6CAAiB,QAAQ,EAAwC;QAA1D,QAAQ;;;QAAR,QAAQ,WAAE,QAAQ;;;IACzB,+CAAmB,OAAO,EAAS;QAA5B,UAAU;;;QAAV,UAAU,WAAE,OAAO;;;IAC1B,yCAAa,MAAM,EAAW;QAAvB,IAAI;;;QAAJ,IAAI,WAAE,MAAM;;;IACnB,mDAAuB,OAAO,EAAS;QAAhC,cAAc;;;QAAd,cAAc,WAAE,OAAO;;;IAC9B,mDAAuB,OAAO,EAAS;QAAhC,cAAc;;;QAAd,cAAc,WAAE,OAAO;;;IAC9B,6CAAiB,MAAM,EAAM;QAAtB,QAAQ;;;QAAR,QAAQ,WAAE,MAAM;;;IACvB,6CAAiB,MAAM,EAAW;QAA3B,QAAQ;;;QAAR,QAAQ,WAAE,MAAM;;;IAEvB,mBAAmB;IACnB,OAAO,cAAc,MAAM,EAAE,CAQxB;IAEL,SAAS;IACT,OAAO,CAAC,cAAc;QACpB,IAAI,CAAC,QAAQ,GAAG,IAAI,CAAC,QAAQ,CAAC,IAAI,CAAC;QACnC,IAAI,CAAC,cAAc,GAAG,IAAI,CAAC;IAC7B,CAAC;IAED,SAAS;IACT,OAAO,CAAC,cAAc;QACpB,IAAI,CAAC,QAAQ,GAAG,IAAI,CAAC,IAAI,CAAC;QAC1B,IAAI,CAAC,cAAc,GAAG,IAAI,CAAC;IAC7B,CAAC;IAED,SAAS;IACT,OAAO,CAAC,WAAW;QACjB,IAAI,CAAC,QAAQ,CAAC,IAAI,GAAG,IAAI,CAAC,QAAQ,CAAC;QACnC,IAAI,CAAC,cAAc,GAAG,KAAK,CAAC;IAC9B,CAAC;IAED,SAAS;IACT,OAAO,CAAC,WAAW;QACjB,IAAI,CAAC,IAAI,GAAG,IAAI,CAAC,QAAQ,CAAC;QAC1B,IAAI,CAAC,cAAc,GAAG,KAAK,CAAC;IAC9B,CAAC;IAED,OAAO,CAAC,UAAU;QAChB,IAAI,CAAC,cAAc,GAAG,KAAK,CAAC;IAC9B,CAAC;IAED,aAAa;QACX,MAAM,MAAM,GAAG,MAAM,CAAC,SAAS,EAAE,IAAI,YAAY,CAAC;QAElD,IAAI,MAAM,CAAC,IAAI,KAAK,MAAM,IAAI,MAAM,EAAE,EAAE,EAAE;YACxC,MAAM,gBAAgB,GAAG,eAAe,CAAC,OAAO,CAAC,MAAM,CAAC,EAAE,CAAC,CAAC;YAC5D,IAAI,gBAAgB,EAAE;gBACpB,IAAI,CAAC,QAAQ,GAAG,gBAAgB,CAAC;gBACjC,IAAI,CAAC,UAAU,GAAG,IAAI,CAAC;gBACvB,IAAI,CAAC,IAAI,GAAG,IAAI,CAAC,QAAQ,CAAC,IAAI,CAAC;aAChC;SACF;aAAM,IAAI,MAAM,EAAE,IAAI,EAAE;YACvB,IAAI,CAAC,QAAQ,CAAC,IAAI,GAAG,MAAM,CAAC,IAAI,CAAC;SAClC;aAAM;YACL,MAAM,KAAK,GAAG,IAAI,IAAI,EAAE,CAAC;YACzB,MAAM,IAAI,GAAG,KAAK,CAAC,WAAW,EAAE,CAAC;YACjC,MAAM,KAAK,GAAG,CAAC,KAAK,CAAC,QAAQ,EAAE,GAAG,CAAC,CAAC,CAAC,QAAQ,EAAE,CAAC,QAAQ,CAAC,CAAC,EAAE,GAAG,CAAC,CAAC;YACjE,MAAM,GAAG,GAAG,KAAK,CAAC,OAAO,EAAE,CAAC,QAAQ,EAAE,CAAC,QAAQ,CAAC,CAAC,EAAE,GAAG,CAAC,CAAC;YACxD,IAAI,CAAC,QAAQ,CAAC,IAAI,GAAG,GAAG,IAAI,IAAI,KAAK,IAAI,GAAG,EAAE,CAAC;SAChD;IACH,CAAC;IAED,YAAY;QACV,IAAI,CAAC,QAAQ,CAAC,IAAI,GAAG,IAAI,CAAC,IAAI,CAAC;QAE/B,IAAI,IAAI,CAAC,UAAU,EAAE;YACnB,eAAe,CAAC,MAAM,CAAC,IAAI,CAAC,QAAQ,CAAC,CAAC;SACvC;aAAM;YACL,IAAI,CAAC,QAAQ,CAAC,EAAE,GAAG,eAAe,CAAC,SAAS,EAAE,CAAC;YAC/C,eAAe,CAAC,GAAG,CAAC,IAAI,CAAC,QAAQ,CAAC,CAAC;SACpC;QAED,mBAAmB,CAAC,gBAAgB,CAAC,UAAU,CAAC,IAAI,CAAC,IAAI,MAAM,CAAC,gBAAgB,EAAE,IAAI,CAAC,QAAQ,CAAC,CAAC;QACjG,MAAM,CAAC,IAAI,EAAE,CAAC;IAChB,CAAC;IAED;;YACE,KAAK;;;;YACH,MAAM;;YAAN,MAAM,CA+FL,KAAK,CAAC,MAAM;YA/Fb,MAAM,CAgGL,MAAM,CAAC,MAAM;YAhGd,MAAM,CAiGL,OAAO,CAAC,EAAE;;;YAhGT,IAAI,QAAC,IAAI,CAAC,UAAU,CAAC,CAAC,CAAC,MAAM,CAAC,CAAC,CAAC,MAAM;;YAAtC,IAAI,CACD,QAAQ,CAAC,EAAE;YADd,IAAI,CAED,UAAU,CAAC,UAAU,CAAC,IAAI;YAF7B,IAAI,CAGD,KAAK,CAAC,MAAM;YAHf,IAAI,CAID,SAAS,CAAC,SAAS,CAAC,MAAM;YAJ7B,IAAI,CAKD,MAAM,CAAC,EAAE,GAAG,EAAE,EAAE,EAAE,MAAM,EAAE,EAAE,EAAE;;QALjC,IAAI;;YAOJ,KAAK;YACL,IAAI,QAAC,IAAI;;YADT,KAAK;YACL,IAAI,CACD,QAAQ,CAAC,EAAE;YAFd,KAAK;YACL,IAAI,CAED,MAAM,CAAC,EAAE,MAAM,EAAE,CAAC,EAAE;;QAHvB,KAAK;QACL,IAAI;;YAIJ,SAAS,QAAC,EAAE,WAAW,EAAE,QAAQ,EAAE,IAAI,EAAE,IAAI,CAAC,QAAQ,CAAC,KAAK,EAAE;;YAA9D,SAAS,CACN,KAAK,CAAC,MAAM;YADf,SAAS,CAEN,MAAM,CAAC,EAAE;YAFZ,SAAS,CAGN,IAAI,CAAC,SAAS,CAAC,MAAM;YAHxB,SAAS,CAIN,YAAY,CAAC,CAAC;YAJjB,SAAS,CAKN,WAAW,CAAC,CAAC;YALhB,SAAS,CAMN,WAAW,CAAC,KAAK,CAAC,IAAI;YANzB,SAAS,CAON,QAAQ,CAAC,CAAC,KAAK,EAAE,MAAM,EAAE,EAAE;gBAC1B,IAAI,CAAC,QAAQ,CAAC,KAAK,GAAG,KAAK,CAAC;YAC9B,CAAC;YATH,SAAS,CAUN,MAAM,CAAC,EAAE,MAAM,EAAE,EAAE,EAAE;;;YAExB,KAAK;YACL,IAAI,QAAC,IAAI;;YADT,KAAK;YACL,IAAI,CACD,QAAQ,CAAC,EAAE;YAFd,KAAK;YACL,IAAI,CAED,MAAM,CAAC,EAAE,MAAM,EAAE,CAAC,EAAE;;QAHvB,KAAK;QACL,IAAI;;YAIJ,SAAS,QAAC,EAAE,WAAW,EAAE,MAAM,EAAE,IAAI,EAAE,IAAI,CAAC,QAAQ,CAAC,IAAI,EAAE;;YAA3D,SAAS,CACN,KAAK,CAAC,MAAM;YADf,SAAS,CAEN,MAAM,CAAC,EAAE;YAFZ,SAAS,CAGN,IAAI,CAAC,SAAS,CAAC,MAAM;YAHxB,SAAS,CAIN,YAAY,CAAC,CAAC;YAJjB,SAAS,CAKN,WAAW,CAAC,CAAC;YALhB,SAAS,CAMN,WAAW,CAAC,KAAK,CAAC,IAAI;YANzB,SAAS,CAON,OAAO,CAAC,GAAG,EAAE;gBACZ,IAAI,CAAC,cAAc,EAAE,CAAC;YACxB,CAAC;YATH,SAAS,CAUN,MAAM,CAAC,EAAE,MAAM,EAAE,EAAE,EAAE;;;YAExB,KAAK;YACL,IAAI,QAAC,IAAI;;YADT,KAAK;YACL,IAAI,CACD,QAAQ,CAAC,EAAE;YAFd,KAAK;YACL,IAAI,CAED,MAAM,CAAC,EAAE,MAAM,EAAE,CAAC,EAAE;;QAHvB,KAAK;QACL,IAAI;;YAIJ,SAAS,QAAC,EAAE,WAAW,EAAE,MAAM,EAAE,IAAI,EAAE,IAAI,CAAC,IAAI,EAAE;;YAAlD,SAAS,CACN,KAAK,CAAC,MAAM;YADf,SAAS,CAEN,MAAM,CAAC,EAAE;YAFZ,SAAS,CAGN,IAAI,CAAC,SAAS,CAAC,MAAM;YAHxB,SAAS,CAIN,YAAY,CAAC,CAAC;YAJjB,SAAS,CAKN,WAAW,CAAC,CAAC;YALhB,SAAS,CAMN,WAAW,CAAC,KAAK,CAAC,IAAI;YANzB,SAAS,CAON,OAAO,CAAC,GAAG,EAAE;gBACZ,IAAI,CAAC,cAAc,EAAE,CAAC;YACxB,CAAC;YATH,SAAS,CAUN,MAAM,CAAC,EAAE,MAAM,EAAE,EAAE,EAAE;;;YAExB,KAAK;YACL,IAAI,QAAC,IAAI;;YADT,KAAK;YACL,IAAI,CACD,QAAQ,CAAC,EAAE;YAFd,KAAK;YACL,IAAI,CAED,MAAM,CAAC,EAAE,MAAM,EAAE,CAAC,EAAE;;QAHvB,KAAK;QACL,IAAI;;YAIJ,SAAS,QAAC,EAAE,WAAW,EAAE,QAAQ,EAAE,IAAI,EAAE,IAAI,CAAC,QAAQ,CAAC,OAAO,EAAE;;YAAhE,SAAS,CACN,KAAK,CAAC,MAAM;YADf,SAAS,CAEN,MAAM,CAAC,GAAG;YAFb,SAAS,CAGN,IAAI,CAAC,SAAS,CAAC,MAAM;YAHxB,SAAS,CAIN,YAAY,CAAC,CAAC;YAJjB,SAAS,CAKN,WAAW,CAAC,CAAC;YALhB,SAAS,CAMN,WAAW,CAAC,KAAK,CAAC,IAAI;YANzB,SAAS,CAON,QAAQ,CAAC,CAAC,KAAK,EAAE,MAAM,EAAE,EAAE;gBAC1B,IAAI,CAAC,QAAQ,CAAC,OAAO,GAAG,KAAK,CAAC;YAChC,CAAC;YATH,SAAS,CAUN,MAAM,CAAC,EAAE,MAAM,EAAE,EAAE,EAAE;;;YAExB,OAAO;YACP,MAAM,iBAAC,IAAI,CAAC,UAAU,CAAC,CAAC,CAAC,MAAM,CAAC,CAAC,CAAC,MAAM,EAAE,EAAE,IAAI,EAAE,UAAU,CAAC,OAAO,EAAE;;YADtE,OAAO;YACP,MAAM,CACH,KAAK,CAAC,MAAM;YAFf,OAAO;YACP,MAAM,CAEH,MAAM,CAAC,EAAE;YAHZ,OAAO;YACP,MAAM,CAGH,OAAO,CAAC,GAAG,EAAE,CAAC,IAAI,CAAC,YAAY,EAAE;YAJpC,OAAO;YACP,MAAM,CAIH,MAAM,CAAC,EAAE,MAAM,EAAE,EAAE,EAAE;;QALxB,OAAO;QACP,MAAM;;;YAMN,IAAI,IAAI,CAAC,UAAU,EAAE;;;wBACnB,MAAM,iBAAC,MAAM,EAAE,EAAE,IAAI,EAAE,UAAU,CAAC,OAAO,EAAE;;wBAA3C,MAAM,CACH,KAAK,CAAC,MAAM;wBADf,MAAM,CAEH,MAAM,CAAC,EAAE;wBAFZ,MAAM,CAGH,eAAe,CAAC,KAAK,CAAC,GAAG;wBAH5B,MAAM,CAIH,OAAO,CAAC,GAAG,EAAE;4BACZ,eAAe,CAAC,MAAM,CAAC,IAAI,CAAC,QAAQ,CAAC,EAAE,CAAC,CAAC;4BACzC,mBAAmB,CAAC,cAAc,CAAC,IAAI,CAAC,QAAQ,CAAC,EAAE,CAAC,CAAC;4BACrD,MAAM,CAAC,IAAI,EAAE,CAAC;wBAChB,CAAC;;oBARH,MAAM;;aASP;;;;aAAA;;;QA7FH,MAAM;;;YAkGN,UAAU;YACV,IAAI,IAAI,CAAC,cAAc,EAAE;;;wBACvB,MAAM;;wBAAN,MAAM,CA8BL,KAAK,CAAC,KAAK;wBA9BZ,MAAM,CA+BL,OAAO,CAAC,EAAE;wBA/BX,MAAM,CAgCL,eAAe,CAAC,KAAK,CAAC,KAAK;wBAhC5B,MAAM,CAiCL,YAAY,CAAC,EAAE;;;wBAhCd,IAAI,QAAC,MAAM;;wBAAX,IAAI,CACD,QAAQ,CAAC,EAAE;wBADd,IAAI,CAED,MAAM,CAAC,EAAE,MAAM,EAAE,EAAE,EAAE;;oBAFxB,IAAI;;wBAIJ,oBAAoB;wBACpB,cAAc;wBACd,SAAS,QAAC,EAAE,WAAW,EAAE,YAAY,EAAE,IAAI,EAAE,IAAI,CAAC,QAAQ,EAAE;;wBAF5D,oBAAoB;wBACpB,cAAc;wBACd,SAAS,CACN,KAAK,CAAC,KAAK;wBAHd,oBAAoB;wBACpB,cAAc;wBACd,SAAS,CAEN,QAAQ,CAAC,CAAC,KAAK,EAAE,MAAM,EAAE,EAAE;4BAC1B,IAAI,CAAC,QAAQ,GAAG,KAAK,CAAC;wBACxB,CAAC;;;wBAEH,GAAG;;wBAAH,GAAG,CAaF,KAAK,CAAC,MAAM;wBAbb,GAAG,CAcF,cAAc,CAAC,SAAS,CAAC,WAAW;wBAdrC,GAAG,CAeF,MAAM,CAAC,EAAE,GAAG,EAAE,EAAE,EAAE;;;wBAdjB,MAAM,iBAAC,IAAI;;wBAAX,MAAM,CACH,KAAK,CAAC,KAAK;wBADd,MAAM,CAEH,OAAO,CAAC,GAAG,EAAE;4BACZ,IAAI,CAAC,cAAc,GAAG,KAAK,CAAC;wBAC9B,CAAC;;oBAJH,MAAM;;wBAMN,MAAM,iBAAC,IAAI;;wBAAX,MAAM,CACH,KAAK,CAAC,KAAK;wBADd,MAAM,CAEH,OAAO,CAAC,GAAG,EAAE;4BACZ,IAAI,CAAC,WAAW,EAAE,CAAC;wBACrB,CAAC;;oBAJH,MAAM;oBAPR,GAAG;oBAbL,MAAM;;aAkCP;YAED,UAAU;;;;aAFT;;;;;YAED,UAAU;YACV,IAAI,IAAI,CAAC,cAAc,EAAE;;;wBACvB,MAAM;;wBAAN,MAAM,CA+CL,KAAK,CAAC,KAAK;wBA/CZ,MAAM,CAgDL,OAAO,CAAC,EAAE;wBAhDX,MAAM,CAiDL,eAAe,CAAC,KAAK,CAAC,KAAK;wBAjD5B,MAAM,CAkDL,YAAY,CAAC,EAAE;wBAlDhB,MAAM,CAmDL,MAAM,CAAC,EAAE,MAAM,EAAE,EAAE,EAAE,KAAK,EAAE,SAAS,EAAE,OAAO,EAAE,CAAC,EAAE,OAAO,EAAE,CAAC,EAAE;wBAnDhE,MAAM,CAoDL,QAAQ,CAAC,EAAE,CAAC,EAAE,IAAI,EAAE,CAAC,EAAE,KAAK,EAAE;wBApD/B,MAAM,CAqDL,MAAM,CAAC,CAAC;;;wBApDP,IAAI,QAAC,MAAM;;wBAAX,IAAI,CACD,QAAQ,CAAC,EAAE;wBADd,IAAI,CAED,UAAU,CAAC,UAAU,CAAC,IAAI;wBAF7B,IAAI,CAGD,MAAM,CAAC,EAAE,MAAM,EAAE,EAAE,EAAE;;oBAHxB,IAAI;;wBAKJ,IAAI,QAAC,EAAE,KAAK,EAAE,CAAC,EAAE;;wBAAjB,IAAI,CAkBH,MAAM,CAAC,GAAG;wBAlBX,IAAI,CAmBH,KAAK,CAAC,KAAK;;;wBAlBV,OAAO;;;;;;;;wCACL,QAAQ;;;;;;oCAAR,QAAQ,CAWP,YAAY,CAAC,CAAC;oCAXf,QAAQ,CAYP,WAAW,CAAC,CAAC;oCAZd,QAAQ,CAaP,WAAW,CAAC,SAAS;;;;;;wCAZpB,IAAI,QAAC,MAAM;;wCAAX,IAAI,CACD,QAAQ,CAAC,EAAE;wCADd,IAAI,CAED,KAAK,CAAC,MAAM;wCAFf,IAAI,CAGD,SAAS,CAAC,SAAS,CAAC,MAAM;wCAH7B,IAAI,CAID,OAAO,CAAC,EAAE;wCAJb,IAAI,CAKD,eAAe,CAAC,IAAI,CAAC,QAAQ,KAAK,MAAM,CAAC,CAAC,CAAC,SAAS,CAAC,CAAC,CAAC,KAAK,CAAC,KAAK;wCALrE,IAAI,CAMD,OAAO,CAAC,GAAG,EAAE;4CACZ,IAAI,CAAC,QAAQ,GAAG,MAAM,CAAC;wCACzB,CAAC;;oCARH,IAAI;oCADN,QAAQ;;;gCAAR,QAAQ;;;2DADF,IAAI,CAAC,WAAW;;oBAAxB,OAAO;oBADT,IAAI;;wBAsBJ,GAAG;;wBAAH,GAAG,CAeF,KAAK,CAAC,MAAM;wBAfb,GAAG,CAgBF,cAAc,CAAC,SAAS,CAAC,WAAW;wBAhBrC,GAAG,CAiBF,MAAM,CAAC,EAAE,GAAG,EAAE,EAAE,EAAE;;;wBAhBjB,MAAM,iBAAC,IAAI,EAAC,EAAE,IAAI,EAAE,UAAU,CAAC,MAAM,EAAE;;wBAAvC,MAAM,CACH,KAAK,CAAC,GAAG;wBADZ,MAAM,CAEH,MAAM,CAAC,EAAE;wBAFZ,MAAM,CAGH,OAAO,CAAC,GAAG,EAAE;4BACZ,IAAI,CAAC,cAAc,GAAG,KAAK,CAAC;wBAC9B,CAAC;;oBALH,MAAM;;wBAON,MAAM,iBAAC,IAAI,EAAC,EAAE,IAAI,EAAE,UAAU,CAAC,OAAO,EAAE;;wBAAxC,MAAM,CACH,KAAK,CAAC,GAAG;wBADZ,MAAM,CAEH,MAAM,CAAC,EAAE;wBAFZ,MAAM,CAGH,OAAO,CAAC,GAAG,EAAE;4BACZ,IAAI,CAAC,WAAW,EAAE,CAAC;wBACrB,CAAC;;oBALH,MAAM;oBARR,GAAG;oBA5BL,MAAM;;aAsDP;;;;aAAA;;;QAjMH,KAAK;KAmMN",
    "entry-package-info": "entry|1.0.0"
  },
  "entry|entry|1.0.0|src/main/ets/pages/ReminderListPage.ts": {
    "version": 3,
    "file": "ReminderListPage.ets",
    "sourceRoot": "",
    "sources": [
      "entry/src/main/ets/pages/ReminderListPage.ets"
    ],
    "names": [],
    "mappings": ";;;;IAOS,SAAS,GAAE,QAAQ,EAAE;;cAPrB,QAAQ,QAAQ,wBAAwB;OAC1C,EAAE,eAAe,EAAE;OACnB,MAAM;MAIN,gBAAgB;IAFvB;;;;;wDAGiC,eAAe,CAAC,MAAM,EAAE;;;KALvB;;;;;;;;;;;;;;;;IAKhC,8CAAkB,QAAQ,EAAE,EAA4B;QAAjD,SAAS;;;QAAT,SAAS,WAAE,QAAQ,EAAE;;;IAE5B;;YACE,MAAM;;;;YACJ,UAAU;YACV,GAAG;;YADH,UAAU;YACV,GAAG,CAcF,KAAK,CAAC,MAAM;YAfb,UAAU;YACV,GAAG,CAeF,OAAO,CAAC,EAAE;;;YAdT,MAAM,iBAAC,IAAI,EAAE,EAAE,IAAI,EAAE,UAAU,CAAC,MAAM,EAAE;;YAAxC,MAAM,CACH,KAAK,CAAC,EAAE;YADX,MAAM,CAEH,MAAM,CAAC,EAAE;YAFZ,MAAM,CAGH,OAAO,CAAC,GAAG,EAAE;gBACZ,MAAM,CAAC,IAAI,EAAE,CAAC;YAChB,CAAC;;QALH,MAAM;;YAON,IAAI,QAAC,QAAQ;;YAAb,IAAI,CACD,QAAQ,CAAC,EAAE;YADd,IAAI,CAED,UAAU,CAAC,UAAU,CAAC,IAAI;YAF7B,IAAI,CAGD,YAAY,CAAC,CAAC;YAHjB,IAAI,CAID,SAAS,CAAC,SAAS,CAAC,MAAM;;QAJ7B,IAAI;QATN,UAAU;QACV,GAAG;;YAiBH,OAAO;YACP,IAAI,QAAC,EAAE,KAAK,EAAE,EAAE,EAAE;;YADlB,OAAO;YACP,IAAI,CAgCH,YAAY,CAAC,CAAC;YAjCf,OAAO;YACP,IAAI,CAiCH,KAAK,CAAC,MAAM;;;YAhCX,OAAO;;;;;;;;4BACL,QAAQ;;;;;;;;;;;4BACN,MAAM;;4BAAN,MAAM,CAwBL,KAAK,CAAC,MAAM;4BAxBb,MAAM,CAyBL,OAAO,CAAC,EAAE;;;4BAxBT,IAAI,QAAC,QAAQ,CAAC,KAAK;;4BAAnB,IAAI,CACD,QAAQ,CAAC,EAAE;4BADd,IAAI,CAED,UAAU,CAAC,UAAU,CAAC,IAAI;;wBAF7B,IAAI;;4BAKJ,IAAI,QAAC,GAAG,QAAQ,CAAC,IAAI,IAAI,QAAQ,CAAC,IAAI,EAAE;;4BAAxC,IAAI,CACD,QAAQ,CAAC,EAAE;4BADd,IAAI,CAED,SAAS,CAAC,KAAK,CAAC,IAAI;;wBAFvB,IAAI;;4BAKJ,MAAM,iBAAC,MAAM,EAAE,EAAE,IAAI,EAAE,UAAU,CAAC,MAAM,EAAE;;4BAA1C,MAAM,CACH,KAAK,CAAC,GAAG;4BADZ,MAAM,CAEH,MAAM,CAAC,EAAE,GAAG,EAAE,CAAC,EAAE;4BAFpB,MAAM,CAGH,OAAO,CAAC,GAAG,EAAE;gCACZ,MAAM,CAAC,OAAO,CAAC;oCACb,GAAG,EAAE,wBAAwB;oCAC7B,MAAM,EAAE;wCACN,IAAI,EAAE,MAAM;wCACZ,EAAE,EAAE,QAAQ,CAAC,EAAE;qCAChB;iCACF,CAAC,CAAC;4BACL,CAAC;;wBAXH,MAAM;wBAXR,MAAM;wBADR,QAAQ;;;oBAAR,QAAQ;;;+CADF,IAAI,CAAC,SAAS;;QAAtB,OAAO;QAFT,OAAO;QACP,IAAI;QApBN,MAAM;KAuDP",
    "entry-package-info": "entry|1.0.0"
  }
}