{"CACHE_SYNC_FILE_HASH":{"F:\\DevEcoStudioProjects\\DuoLa\\hvigor\\hvigor-config.json5":"10a36f3028a6c6a5066fc99a6afb7d71f6066fc3979cd1fa33a03f6b130e4474","F:\\DevEcoStudioProjects\\DuoLa\\build-profile.json5":"2130cb49966a3d038536eefe36eb35d08d9148a2163887689de4570f4175870c","F:\\DevEcoStudioProjects\\DuoLa\\hvigorfile.ts":"c439c2f3dcd81c8ff81efb4d334d15ebe85a7534fe12694b53537c72d5630b56","F:\\DevEcoStudioProjects\\DuoLa\\oh-package.json5":"64c05ba72c0d1dc4ed6e81161a9522a9c6bf7ef8a5a61530b289f97425987954","F:\\DevEcoStudioProjects\\DuoLa\\entry\\build-profile.json5":"15eff01a31844a1c0efd3d5d61fe5343394d7262dd5b107ec8ce1d146f0ab54a","F:\\DevEcoStudioProjects\\DuoLa\\entry\\hvigorfile.ts":"f695b6c428c51be32c019364869eea4dd51510d78b93ca75f2edf5683c4b0c30","F:\\DevEcoStudioProjects\\DuoLa\\entry\\oh-package.json5":"ee2edfcc8a95e458ed3d38a2ffa31c47a218ccbc51efe1f09148315cabb72bdc","F:\\DevEcoStudioProjects\\DuoLa\\.hvigor\\outputs\\sync\\output.json":"d1557fb46d1007e86b006b539f3c4df35c6bec3eeb5a8f65e9075e462d12a054","SDK_LOCATION":"F:/Program Files/huawei_develop/Huawei/DevEco Studio/sdk"},"OHPM_INSTALL_FILE_HASH":{"F:\\DevEcoStudioProjects\\DuoLa\\oh-package.json5":"64c05ba72c0d1dc4ed6e81161a9522a9c6bf7ef8a5a61530b289f97425987954","F:\\DevEcoStudioProjects\\DuoLa\\oh_modules\\.ohpm\\lock.json5":"11928aa4f49ae14cd20be9765325b0daad8671d3fc7fadea26df912f1f1d3663","F:\\DevEcoStudioProjects\\DuoLa\\entry\\oh-package.json5":"ee2edfcc8a95e458ed3d38a2ffa31c47a218ccbc51efe1f09148315cabb72bdc","F:\\DevEcoStudioProjects\\DuoLa\\oh_modules":true,"F:\\DevEcoStudioProjects\\DuoLa\\entry\\oh_modules":false}}