{
  "ohos-module-entry": {
    "SELECT_TARGET": "default",
    "MODULE_BUILD_DIR": "F:\\DevEcoStudioProjects\\DuoLa\\entry\\build",
    "TARGETS": {
      "default": {
        "SOURCE_ROOT": "F:\\DevEcoStudioProjects\\DuoLa\\entry\\src\\main",
        "RESOURCES_PATH": [
          "F:\\DevEcoStudioProjects\\DuoLa\\entry\\src\\main\\resources"
        ],
        "BUILD_PATH": {
          "OUTPUT_PATH": "F:\\DevEcoStudioProjects\\DuoLa\\entry\\build\\default\\outputs\\default",
          "INTERMEDIA_PATH": "F:\\DevEcoStudioProjects\\DuoLa\\entry\\build\\default\\intermediates",
          "JS_ASSETS_PATH": "F:\\DevEcoStudioProjects\\DuoLa\\entry\\build\\default\\intermediates\\loader_out\\default",
          "JS_LITE_ASSETS_PATH": "F:\\DevEcoStudioProjects\\DuoLa\\entry\\build\\default\\intermediates\\loader_out_lite\\default",
          "RES_PATH": "F:\\DevEcoStudioProjects\\DuoLa\\entry\\build\\default\\intermediates\\res\\default",
          "RES_PROFILE_PATH": "F:\\DevEcoStudioProjects\\DuoLa\\entry\\build\\default\\intermediates\\res\\default\\resources\\base\\profile",
          "ETS_SUPER_VISUAL_PATH": "F:\\DevEcoStudioProjects\\DuoLa\\entry\\build\\default\\cache\\default\\default@CompileArkTS\\esmodule",
          "JS_SUPER_VISUAL_PATH": "F:\\DevEcoStudioProjects\\DuoLa\\entry\\build\\default\\cache\\default\\default@CompileJS\\jsbundle",
          "WORKER_LOADER": "F:\\DevEcoStudioProjects\\DuoLa\\entry\\build\\default\\intermediates\\loader\\default\\loader.json",
          "MANIFEST_JSON": "F:\\DevEcoStudioProjects\\DuoLa\\entry\\build\\default\\intermediates\\manifest\\default",
          "OUTPUT_METADATA_JSON": "F:\\DevEcoStudioProjects\\DuoLa\\entry\\build\\default\\intermediates\\hap_metadata\\default\\output_metadata.json",
          "SOURCE_MAP_DIR": "F:\\DevEcoStudioProjects\\DuoLa\\entry\\build\\default\\intermediates\\source_map\\default"
        },
        "BUILD_OPTION": {
          "debuggable": true
        }
      },
      "ohosTest": {
        "SOURCE_ROOT": "F:\\DevEcoStudioProjects\\DuoLa\\entry\\src\\ohosTest",
        "RESOURCES_PATH": [
          "F:\\DevEcoStudioProjects\\DuoLa\\entry\\src\\ohosTest\\resources"
        ],
        "BUILD_PATH": {
          "OUTPUT_PATH": "F:\\DevEcoStudioProjects\\DuoLa\\entry\\build\\default\\outputs\\ohosTest",
          "INTERMEDIA_PATH": "F:\\DevEcoStudioProjects\\DuoLa\\entry\\build\\default\\intermediates",
          "JS_ASSETS_PATH": "F:\\DevEcoStudioProjects\\DuoLa\\entry\\build\\default\\intermediates\\loader_out\\ohosTest",
          "JS_LITE_ASSETS_PATH": "F:\\DevEcoStudioProjects\\DuoLa\\entry\\build\\default\\intermediates\\loader_out_lite\\ohosTest",
          "RES_PATH": "F:\\DevEcoStudioProjects\\DuoLa\\entry\\build\\default\\intermediates\\res\\ohosTest",
          "RES_PROFILE_PATH": "F:\\DevEcoStudioProjects\\DuoLa\\entry\\build\\default\\intermediates\\res\\ohosTest\\resources\\base\\profile",
          "ETS_SUPER_VISUAL_PATH": "F:\\DevEcoStudioProjects\\DuoLa\\entry\\build\\default\\cache\\ohosTest\\ohosTest@OhosTestCompileArkTS\\esmodule",
          "JS_SUPER_VISUAL_PATH": "F:\\DevEcoStudioProjects\\DuoLa\\entry\\build\\default\\cache\\ohosTest\\ohosTest@OhosTestCompileJS\\jsbundle",
          "WORKER_LOADER": "F:\\DevEcoStudioProjects\\DuoLa\\entry\\build\\default\\intermediates\\loader\\ohosTest\\loader.json",
          "MANIFEST_JSON": "F:\\DevEcoStudioProjects\\DuoLa\\entry\\build\\default\\intermediates\\manifest\\ohosTest",
          "OUTPUT_METADATA_JSON": "F:\\DevEcoStudioProjects\\DuoLa\\entry\\build\\default\\intermediates\\hap_metadata\\ohosTest\\output_metadata.json",
          "SOURCE_MAP_DIR": "F:\\DevEcoStudioProjects\\DuoLa\\entry\\build\\default\\intermediates\\source_map\\ohosTest"
        },
        "BUILD_OPTION": {
          "debuggable": true
        }
      }
    },
    "BUILD_OPTION": {
      "default-default": {
        "debuggable": true,
        "copyFrom": "default",
        "strictMode": {
          "caseSensitiveCheck": true,
          "useNormalizedOHMUrl": true
        },
        "name": "debug"
      }
    },
    "BUILD_PROFILE_OPT": {
      "apiType": "stageMode",
      "buildOption": {},
      "buildOptionSet": [
        {
          "name": "release",
          "arkOptions": {
            "obfuscation": {
              "ruleOptions": {
                "enable": false,
                "files": [
                  "./obfuscation-rules.txt"
                ]
              }
            }
          }
        },
        {
          "name": "default"
        },
        {
          "name": "debug"
        }
      ],
      "targets": [
        {
          "name": "default"
        },
        {
          "name": "ohosTest"
        }
      ]
    },
    "BUILD_CACHE_DIR": ""
  },
  "ohos-project": {
    "SELECT_PRODUCT_NAME": "default",
    "MODULE_BUILD_DIR": "F:\\DevEcoStudioProjects\\DuoLa\\build",
    "BUNDLE_NAME": "com.example.duola",
    "BUILD_PATH": {
      "OUTPUT_PATH": "F:\\DevEcoStudioProjects\\DuoLa\\build\\outputs\\default"
    },
    "MODULES": [
      {
        "name": "entry",
        "srcPath": "F:\\DevEcoStudioProjects\\DuoLa\\entry",
        "targets": [
          {
            "name": "default",
            "applyToProducts": [
              "default"
            ]
          }
        ],
        "belongProjectPath": "F:\\DevEcoStudioProjects\\DuoLa"
      }
    ],
    "PROFILE_OPT": {
      "app": {
        "signingConfigs": [],
        "products": [
          {
            "name": "default",
            "signingConfig": "default",
            "targetSdkVersion": "5.0.5(17)",
            "compatibleSdkVersion": "5.0.5(17)",
            "runtimeOS": "HarmonyOS",
            "buildOption": {
              "strictMode": {
                "caseSensitiveCheck": true,
                "useNormalizedOHMUrl": true
              }
            }
          }
        ],
        "buildModeSet": [
          {
            "name": "debug"
          },
          {
            "name": "release"
          }
        ]
      },
      "modules": [
        {
          "name": "entry",
          "srcPath": "./entry",
          "targets": [
            {
              "name": "default",
              "applyToProducts": [
                "default"
              ]
            }
          ]
        }
      ]
    },
    "CONFIG_PROPERTIES": {
      "enableSignTask": true,
      "skipNativeIncremental": false,
      "hvigor.keepDependency": true
    },
    "OVERALL_PROJECT_PATHS": [
      "F:\\DevEcoStudioProjects\\DuoLa"
    ],
    "BUILD_CACHE_DIR": ""
  },
  "version": 1
}