{
  "HVIGOR_OHOS_PLUGIN": {
    "MODULES": [
      {
        "MODULE_NAME": "1043bfc77febe75fafec0c4309faccf1",
        "API_TYPE": "stageMode"
      }
    ],
    "BUILD_MODE": "debug"
  },
  "HVIGOR": {
    "IS_INCREMENTAL": true,
    "IS_DAEMON": true,
    "IS_PARALLEL": true,
    "IS_HVIGORFILE_TYPE_CHECK": false,
    "TASK_TIME": {
      "1043bfc77febe75fafec0c4309faccf1": {
        "init": 716300,
        "CreateModuleInfo": 2170700,
        "MergeProfile": 14439600,
        "CreateBuildProfile": 4911500,
        "PreCheckSyscap": 924700,
        "GeneratePkgContextInfo": 10167100,
        "ProcessProfile": 453657800,
        "ProcessRouterMap": 8713300,
        "ProcessStartupConfig": 6746300,
        "PreviewProcessResource": 3613100,
        "GenerateLoaderJson": 24778800,
        "PreviewCompileResource": 676887700,
        "PreviewHookCompileResource": 868300,
        "CopyPreviewProfile": 5862600,
        "ReplacePreviewerPage": 570600,
        "buildPreviewerResource": 319800,
        "PreviewUpdateAssets": 3558900,
        "PreviewArkTS": 18362245100,
        "PreviewBuild": 285400
      },
      "APP": {
        "init": 350300
      }
    },
    "CONFIG_PROPERTIES": {
      "enableSignTask": true,
      "skipNativeIncremental": false,
      "hvigor_keepDependency": true
    },
    "BUILD_ID": "202507031904263570",
    "TOTAL_TIME": 19844753100
  }
}