{"CACHE_SYNC_FILE_HASH":{"D:\\devecopyject\\project\\hvigor\\hvigor-config.json5":"58ff699161670f88386d5509a16c61655d60079fe2f0be2774ddd1b7d8dd8b4a","D:\\devecopyject\\project\\build-profile.json5":"1774b86fd0e55016ac9db24c1ec3cd98079b62590bc9914efada2f41f9611595","D:\\devecopyject\\project\\hvigorfile.ts":"1644846fc246f4b5223c00d7dcdf02d93fa817e677253405564c2e54460e39a8","D:\\devecopyject\\project\\oh-package.json5":"ecbd74905f2b418c1260807ba59bfe436ccda21658e105b7bdcec34544424a90","D:\\devecopyject\\project\\entry\\build-profile.json5":"3f9af658120219782ddea3b330e175964d88911cfa7909a10295612a3aa545dc","D:\\devecopyject\\project\\entry\\hvigorfile.ts":"ddc29fcefe6955e203aa583f0a7b7767de410c8fac1f09f5a600fac44b9f36f9","D:\\devecopyject\\project\\entry\\oh-package.json5":"1583eda175128f069ed09a8dc2a798eaf1a227532c8515f788624e4b8f585d73","D:\\devecopyject\\project\\.hvigor\\outputs\\sync\\output.json":"c262fd7c1f5ed64a38edf9e2d9f646e6a71862410754ae0f0f165c7af3cc0e33","SDK_LOCATION":"D:/devstudio/DevEco Studio/sdk"},"OHPM_INSTALL_FILE_HASH":{"D:\\devecopyject\\project\\oh-package.json5":"ecbd74905f2b418c1260807ba59bfe436ccda21658e105b7bdcec34544424a90","D:\\devecopyject\\project\\oh_modules\\.ohpm\\lock.json5":"e6013fa2224ddf7c1979c22bcf1edc379577a2a6744714453c388f6cbc80b54c","D:\\devecopyject\\project\\entry\\oh-package.json5":"1583eda175128f069ed09a8dc2a798eaf1a227532c8515f788624e4b8f585d73","D:\\devecopyject\\project\\oh_modules":true,"D:\\devecopyject\\project\\entry\\oh_modules":false}}