{"CACHE_SYNC_FILE_HASH":{"D:\\Harmony\\devecopyjectui\\project\\hvigor\\hvigor-config.json5":"74777ecd169f591387c556bc8a494150399132af02dd6e33f82ea9776396f54c","D:\\Harmony\\devecopyjectui\\project\\build-profile.json5":"5eed57c4baf0185a5168603f2f0cce19cf22f270f620b9e3e86878e8a26cbe66","D:\\Harmony\\devecopyjectui\\project\\hvigorfile.ts":"61f2773b3752ea39198b9085707495e19651aaa1445aa37d12b1ebfbfed4a181","D:\\Harmony\\devecopyjectui\\project\\oh-package.json5":"5446b0af9a5c63447d6a0df8da48e5424261a16098c9d8bfaa7f1aee6a654675","D:\\Harmony\\devecopyjectui\\project\\entry\\build-profile.json5":"95c3e910dcbbdd837abd58fb7a7bd988ac86eefdc9c2065c737b9323fdda3b28","D:\\Harmony\\devecopyjectui\\project\\entry\\hvigorfile.ts":"61f2773b3752ea39198b9085707495e19651aaa1445aa37d12b1ebfbfed4a181","D:\\Harmony\\devecopyjectui\\project\\entry\\oh-package.json5":"aad579fec27cd3c3f15beaffe3038f1cb291e6f28136327d4d2b91a07b41375c","D:\\Harmony\\devecopyjectui\\project\\.hvigor\\outputs\\sync\\output.json":"97e99fa7111fa8f63240c02095fa67e9802ab055678eb01ce21b09c118b27b78","SDK_LOCATION":"D:/Harmony/DevEco/DevEco Studio/sdk"},"OHPM_INSTALL_FILE_HASH":{"D:\\Harmony\\devecopyjectui\\project\\oh-package.json5":"5446b0af9a5c63447d6a0df8da48e5424261a16098c9d8bfaa7f1aee6a654675","D:\\Harmony\\devecopyjectui\\project\\oh_modules\\.ohpm\\lock.json5":"5888b34982ec5fd7aa0d3f44861ed251511af8fcff56d5f7f6a0e040516f84f7","D:\\Harmony\\devecopyjectui\\project\\entry\\oh-package.json5":"aad579fec27cd3c3f15beaffe3038f1cb291e6f28136327d4d2b91a07b41375c","D:\\Harmony\\devecopyjectui\\project\\oh_modules":true,"D:\\Harmony\\devecopyjectui\\project\\entry\\oh_modules":false}}