{"deviceType":"phone,tablet,2in1,wearable","buildMode":"debug","note":"false","logLevel":"3","isPreview":"true","port":"29900","checkEntry":"true","localPropertiesPath":"D:\\Harmony\\devecopyjectui\\project\\local.properties","Path":"D:\\Harmony\\DevEco\\DevEco Studio\\tools\\node\\","aceProfilePath":"D:\\Harmony\\devecopyjectui\\project\\entry\\.preview\\default\\intermediates\\res\\default\\resources\\base\\profile","hapMode":"false","img2bin":"true","projectProfilePath":"D:\\Harmony\\devecopyjectui\\project\\build-profile.json5","watchMode":"true","appResource":"D:\\Harmony\\devecopyjectui\\project\\entry\\.preview\\default\\intermediates\\res\\default\\ResourceTable.txt","aceBuildJson":"D:\\Harmony\\devecopyjectui\\project\\entry\\.preview\\default\\intermediates\\loader\\default\\loader.json","aceModuleRoot":"D:\\Harmony\\devecopyjectui\\project\\entry\\src\\main\\ets","aceSoPath":"D:\\Harmony\\devecopyjectui\\project\\entry\\.preview\\cache\\nativeDependencies.txt","cachePath":"D:\\Harmony\\devecopyjectui\\project\\entry\\.preview\\cache\\.default","aceModuleBuild":"D:\\Harmony\\devecopyjectui\\project\\entry\\.preview\\default\\intermediates\\assets\\default\\ets","aceModuleJsonPath":"D:\\Harmony\\devecopyjectui\\project\\entry\\.preview\\default\\intermediates\\res\\default\\module.json","stageRouterConfig":{"paths":["D:\\Harmony\\devecopyjectui\\project\\entry\\.preview\\default\\intermediates\\res\\default\\module.json","D:\\Harmony\\devecopyjectui\\project\\entry\\.preview\\default\\intermediates\\res\\default\\resources\\base\\profile\\main_pages.json"],"contents":["{\"module\":{\"pages\":\"$profile:main_pages\",\"name\":\"entry\"}}","{\"src\":[\"pages/Index\",\"pages/HealthIndex\",\"pages/health/sleep/SleepIndex\",\"pages/health/sleep/SleepAddEdit\",\"pages/health/fitness/FitnessIndex\",\"pages/health/fitness/FitnessAddEdit\",\"pages/health/mood/MoodIndex\",\"pages/health/mood/MoodAddEdit\",\"pages/PersonalAssistant\"]}"]}}