{
  "HVIGOR_OHOS_PLUGIN": {
    "MODULES": [
      {
        "MODULE_NAME": "1043bfc77febe75fafec0c4309faccf1",
        "API_TYPE": "stageMode",
        "INCREMENTAL_TASKS": {
          "COMPILE_ARKTS": true
        }
      }
    ],
    "BUILD_MODE": "debug",
    "USE_NORMALIZED_OHMURL": true
  },
  "HVIGOR": {
    "IS_INCREMENTAL": true,
    "IS_DAEMON": true,
    "IS_PARALLEL": true,
    "IS_HVIGORFILE_TYPE_CHECK": false,
    "TASK_TIME": {
      "1043bfc77febe75fafec0c4309faccf1": {
        "CreateModuleInfo": 2988100,
        "ConfigureCmake": 491000,
        "PreCheckSyscap": 434800,
        "ProcessIntegratedHsp": 3372400,
        "BuildNativeWithCmake": 813100,
        "SyscapTransform": 7089400,
        "ProcessStartupConfig": 9358800,
        "BuildNativeWithNinja": 2432100,
        "GenerateLoaderJson": 27804600,
        "BuildJS": 7109700,
        "CompileArkTS": 1129578800,
        "PackageHap": 55465700,
        "SignHap": 2289000,
        "CollectDebugSymbol": 6545600,
        "assembleHap": 204600
      }
    },
    "CONFIG_PROPERTIES": {
      "enableSignTask": true,
      "skipNativeIncremental": false,
      "hvigor_keepDependency": true
    },
    "TOTAL_TIME": 1689479000,
    "BUILD_ID": "202507040345279120"
  }
}