{
  "HVIGOR_OHOS_PLUGIN": {
    "MODULES": [
      {
        "MODULE_NAME": "1043bfc77febe75fafec0c4309faccf1",
        "API_TYPE": "stageMode",
        "INCREMENTAL_TASKS": {
          "COMPILE_ARKTS": true
        }
      }
    ],
    "BUILD_MODE": "debug",
    "USE_NORMALIZED_OHMURL": true
  },
  "HVIGOR": {
    "IS_INCREMENTAL": true,
    "IS_DAEMON": true,
    "IS_PARALLEL": true,
    "IS_HVIGORFILE_TYPE_CHECK": false,
    "TASK_TIME": {
      "1043bfc77febe75fafec0c4309faccf1": {
        "CreateModuleInfo": 1588400,
        "ConfigureCmake": 199500,
        "PreCheckSyscap": 271400,
        "ProcessIntegratedHsp": 1898000,
        "BuildNativeWithCmake": 238800,
        "SyscapTransform": 1938000,
        "ProcessStartupConfig": 4924300,
        "BuildNativeWithNinja": 1214700,
        "BuildJS": 3348500,
        "CompileArkTS": 1104420700,
        "PackageHap": 79361800,
        "SignHap": 1418200,
        "CollectDebugSymbol": 4679900,
        "assembleHap": 200500
      }
    },
    "CONFIG_PROPERTIES": {
      "enableSignTask": true,
      "skipNativeIncremental": false,
      "hvigor_keepDependency": true
    },
    "TOTAL_TIME": 1517134600,
    "BUILD_ID": "202507021939320890"
  }
}