{
  "entry|entry|1.0.0|src/main/ets/entryability/EntryAbility.ts": {
    "version": 3,
    "file": "EntryAbility.ets",
    "sourceRoot": "",
    "sources": [
      "entry/src/main/ets/entryability/EntryAbility.ets"
    ],
    "names": [],
    "mappings": "YAAS,eAAe;OAAE,qBAAqB;OAAE,SAAS;YAAE,IAAI;OACvD,KAAK;YACL,MAAM;AAEf,MAAM,MAAM,GAAG,MAAM,CAAC;AAEtB,MAAM,CAAC,OAAO,OAAO,YAAa,SAAQ,SAAS;IACjD,QAAQ,CAAC,IAAI,EAAE,IAAI,EAAE,WAAW,EAAE,eAAe,CAAC,WAAW,GAAG,IAAI;QAClE,IAAI,CAAC,OAAO,CAAC,qBAAqB,EAAE,CAAC,YAAY,CAAC,qBAAqB,CAAC,SAAS,CAAC,kBAAkB,CAAC,CAAC;QACtG,KAAK,CAAC,IAAI,CAAC,MAAM,EAAE,SAAS,EAAE,YAAY,EAAE,kBAAkB,CAAC,CAAC;IAClE,CAAC;IAED,SAAS,IAAI,IAAI;QACf,KAAK,CAAC,IAAI,CAAC,MAAM,EAAE,SAAS,EAAE,YAAY,EAAE,mBAAmB,CAAC,CAAC;IACnE,CAAC;IAED,mBAAmB,CAAC,WAAW,EAAE,MAAM,CAAC,WAAW,GAAG,IAAI;QACxD,yDAAyD;QACzD,KAAK,CAAC,IAAI,CAAC,MAAM,EAAE,SAAS,EAAE,YAAY,EAAE,6BAA6B,CAAC,CAAC;QAE3E,WAAW,CAAC,WAAW,CAAC,aAAa,EAAE,CAAC,GAAG,EAAE,EAAE;YAC7C,IAAI,GAAG,CAAC,IAAI,EAAE;gBACZ,KAAK,CAAC,KAAK,CAAC,MAAM,EAAE,SAAS,EAAE,+CAA+C,EAAE,IAAI,CAAC,SAAS,CAAC,GAAG,CAAC,CAAC,CAAC;gBACrG,OAAO;aACR;YACD,KAAK,CAAC,IAAI,CAAC,MAAM,EAAE,SAAS,EAAE,mCAAmC,CAAC,CAAC;QACrE,CAAC,CAAC,CAAC;IACL,CAAC;IAED,oBAAoB,IAAI,IAAI;QAC1B,yDAAyD;QACzD,KAAK,CAAC,IAAI,CAAC,MAAM,EAAE,SAAS,EAAE,YAAY,EAAE,8BAA8B,CAAC,CAAC;IAC9E,CAAC;IAED,YAAY,IAAI,IAAI;QAClB,oCAAoC;QACpC,KAAK,CAAC,IAAI,CAAC,MAAM,EAAE,SAAS,EAAE,YAAY,EAAE,sBAAsB,CAAC,CAAC;IACtE,CAAC;IAED,YAAY,IAAI,IAAI;QAClB,iCAAiC;QACjC,KAAK,CAAC,IAAI,CAAC,MAAM,EAAE,SAAS,EAAE,YAAY,EAAE,sBAAsB,CAAC,CAAC;IACtE,CAAC;CACF",
    "entry-package-info": "entry|1.0.0"
  },
  "entry|entry|1.0.0|src/main/ets/entrybackupability/EntryBackupAbility.ts": {
    "version": 3,
    "file": "EntryBackupAbility.ets",
    "sourceRoot": "",
    "sources": [
      "entry/src/main/ets/entrybackupability/EntryBackupAbility.ets"
    ],
    "names": [],
    "mappings": "OAAS,KAAK;OACL,sBAAsB;cAAE,aAAa,IAAb,aAAa;AAE9C,MAAM,MAAM,GAAG,MAAM,CAAC;AAEtB,MAAM,CAAC,OAAO,OAAO,kBAAmB,SAAQ,sBAAsB;IACpE,KAAK,CAAC,QAAQ;QACZ,KAAK,CAAC,IAAI,CAAC,MAAM,EAAE,SAAS,EAAE,aAAa,CAAC,CAAC;QAC7C,MAAM,OAAO,CAAC,OAAO,EAAE,CAAC;IAC1B,CAAC;IAED,KAAK,CAAC,SAAS,CAAC,aAAa,EAAE,aAAa;QAC1C,KAAK,CAAC,IAAI,CAAC,MAAM,EAAE,SAAS,EAAE,yBAAyB,EAAE,IAAI,CAAC,SAAS,CAAC,aAAa,CAAC,CAAC,CAAC;QACxF,MAAM,OAAO,CAAC,OAAO,EAAE,CAAC;IAC1B,CAAC;CACF",
    "entry-package-info": "entry|1.0.0"
  },
  "entry|entry|1.0.0|src/main/ets/pages/Index.ts": {
    "version": 3,
    "file": "Index.ets",
    "sourceRoot": "",
    "sources": [
      "entry/src/main/ets/pages/Index.ets"
    ],
    "names": [],
    "mappings": ";;;;IAKS,QAAQ,GAAE,MAAM;IAChB,QAAQ,GAAE,MAAM;IAChB,OAAO,GAAE,MAAM;;OAPjB,MAAM;MAIN,SAAS;IAFhB;;;;;uDAG4B,EAAE;uDACF,EAAE;sDACH,OAAO;;;KAPA;;;;;;;;;;;;;;;;;;;;;;;;;;IAKhC,6CAAiB,MAAM,EAAM;QAAtB,QAAQ;;;QAAR,QAAQ,WAAE,MAAM;;;IACvB,6CAAiB,MAAM,EAAM;QAAtB,QAAQ;;;QAAR,QAAQ,WAAE,MAAM;;;IACvB,4CAAgB,MAAM,EAAW;QAA1B,OAAO;;;QAAP,OAAO,WAAE,MAAM;;;IAEtB;;YACE,KAAK;;YAAL,KAAK,CAoFJ,KAAK,CAAC,MAAM;YApFb,KAAK,CAqFJ,MAAM,CAAC,MAAM;;;YApFZ,KAAK;;YAAL,KAAK,CACF,KAAK,CAAC,MAAM;YADf,KAAK,CAEF,MAAM,CAAC,MAAM;YAFhB,KAAK,CAGF,SAAS,CAAC,QAAQ,CAAC,IAAI;YAH1B,KAAK,CAIF,OAAO,CAAC,GAAG;;;YACd,MAAM;;YAAN,MAAM,CA0EL,KAAK,CAAC,MAAM;YA1Eb,MAAM,CA2EL,MAAM,CAAC,MAAM;YA3Ed,MAAM,CA4EL,eAAe,CAAC,KAAK,CAAC,WAAW;;;YA3EhC,KAAK;;YAAL,KAAK,CACF,MAAM,CAAC,KAAK;;QADf,KAAK;;YAGL,MAAM;;YAAN,MAAM,CAUL,UAAU,CAAC,eAAe,CAAC,MAAM;YAVlC,MAAM,CAWL,KAAK,CAAC,MAAM;;;YAVX,IAAI,QAAC,IAAI,CAAC,OAAO;;YAAjB,IAAI,CACD,QAAQ,CAAC,EAAE;YADd,IAAI,CAED,SAAS,CAAC,KAAK,CAAC,KAAK;YAFxB,IAAI,CAGD,UAAU,CAAC,UAAU,CAAC,IAAI;YAH7B,IAAI,CAID,MAAM,CAAC,EAAE,MAAM,EAAE,EAAE,EAAE;;QAJxB,IAAI;;YAKJ,IAAI,QAAC,uBAAuB;;YAA5B,IAAI,CACD,QAAQ,CAAC,EAAE;YADd,IAAI,CAED,SAAS,CAAC,KAAK,CAAC,KAAK;;QAFxB,IAAI;QANN,MAAM;;YAYN,KAAK;;YAAL,KAAK,CACF,MAAM,CAAC,KAAK;;QADf,KAAK;;YAEL,MAAM;;YAAN,MAAM,CA2CL,KAAK,CAAC,MAAM;YA3Cb,MAAM,CA4CL,MAAM,CAAC,MAAM;YA5Cd,MAAM,CA6CL,UAAU,CAAC,eAAe,CAAC,MAAM;YA7ClC,MAAM,CA8CL,MAAM,CAAC,EAAE,MAAM,EAAE,EAAE,EAAE;;;YA7CpB,SAAS,QAAC,EAAE,WAAW,EAAE,qBAAqB,EAAE;;YAAhD,SAAS,CACN,KAAK,CAAC,KAAK;YADd,SAAS,CAEN,MAAM,CAAC,EAAE;YAFZ,SAAS,CAGN,MAAM,CAAC,EAAE,MAAM,EAAE,EAAE,EAAE;YAHxB,SAAS,CAIN,eAAe,CAAC,SAAS;YAJ5B,SAAS,CAKN,YAAY,CAAC,CAAC;YALjB,SAAS,CAMN,QAAQ,CAAC,CAAC,KAAK,EAAE,MAAM,EAAE,EAAE;gBAC1B,IAAI,CAAC,QAAQ,GAAG,KAAK,CAAC;YACxB,CAAC;;;YACH,SAAS,QAAC,EAAE,WAAW,EAAE,qBAAqB,EAAE;;YAAhD,SAAS,CACN,KAAK,CAAC,KAAK;YADd,SAAS,CAEN,MAAM,CAAC,EAAE;YAFZ,SAAS,CAGN,IAAI,CAAC,SAAS,CAAC,QAAQ;YAH1B,SAAS,CAIN,eAAe,CAAC,SAAS;YAJ5B,SAAS,CAKN,YAAY,CAAC,CAAC;YALjB,SAAS,CAMN,QAAQ,CAAC,CAAC,KAAK,EAAE,MAAM,EAAE,EAAE;gBAC1B,IAAI,CAAC,QAAQ,GAAG,KAAK,CAAC;YACxB,CAAC;;;YACH,MAAM,iBAAC,SAAS;;YAAhB,MAAM,CACH,KAAK,CAAC,KAAK;YADd,MAAM,CAEH,MAAM,CAAC,EAAE;YAFZ,MAAM,CAGH,MAAM,CAAC,EAAE,GAAG,EAAE,EAAE,EAAE;YAHrB,MAAM,CAIH,eAAe,CAAC,SAAS;YAJ5B,MAAM,CAKH,SAAS,CAAC,KAAK,CAAC,KAAK;YALxB,MAAM,CAMH,YAAY,CAAC,CAAC;YANjB,MAAM,CAOH,OAAO,CAAC,GAAG,EAAE;gBACZ,IAAI,IAAI,CAAC,QAAQ,KAAK,OAAO,IAAI,IAAI,CAAC,QAAQ,KAAK,OAAO,EAAE;oBAC1D,UAAU,CAAC,GAAG,EAAE;wBACd,MAAM,CAAC,OAAO,CAAC;4BACb,GAAG,EAAE,yBAAyB;yBAC/B,EAAE,MAAM,CAAC,UAAU,CAAC,QAAQ,EAAE,CAAC,GAAG,EAAE,EAAE;4BACrC,IAAI,GAAG,EAAE;gCACP,OAAO,CAAC,KAAK,CAAC,sBAAsB,EAAE,GAAG,CAAC,CAAC;gCAC3C,IAAI,CAAC,OAAO,GAAG,iBAAiB,CAAC;6BAClC;wBACH,CAAC,CAAC,CAAC;oBACL,CAAC,EAAE,GAAG,CAAC,CAAC;iBACT;qBAAM;oBACL,IAAI,CAAC,OAAO,GAAG,OAAO,CAAC;iBACxB;YACH,CAAC;;QAtBH,MAAM;QAnBR,MAAM;;YA+CN,MAAM;;YAAN,MAAM,CAKL,KAAK,CAAC,MAAM;YALb,MAAM,CAML,MAAM,CAAC,MAAM;YANd,MAAM,CAOL,UAAU,CAAC,eAAe,CAAC,MAAM;;;YANhC,IAAI,QAAC,wEAAwE;;YAA7E,IAAI,CACD,QAAQ,CAAC,CAAC;YADb,IAAI,CAED,SAAS,CAAC,KAAK,CAAC,KAAK;;QAFxB,IAAI;QADN,MAAM;QAjER,MAAM;QANR,KAAK;KAsFN",
    "entry-package-info": "entry|1.0.0"
  },
  "entry|entry|1.0.0|src/main/ets/HealthDatabase/HealthDatabase.ts": {
    "version": 3,
    "file": "HealthDatabase.ets",
    "sourceRoot": "",
    "sources": [
      "entry/src/main/ets/HealthDatabase/HealthDatabase.ets"
    ],
    "names": [],
    "mappings": "OAAO,eAAe;cACb,aAAa,QAAQ,uCAAuC;YAC5D,MAAM;AAEf,MAAM,OAAO,cAAc;IACzB,OAAO,CAAC,MAAM,CAAC,QAAQ,EAAE,cAAc,CAAC;IACxC,OAAO,CAAC,QAAQ,EAAE,eAAe,CAAC,QAAQ,GAAG,IAAI,GAAG,IAAI,CAAC;IACzD,OAAO,CAAC,OAAO,EAAE,MAAM,CAAC,OAAO,GAAG,IAAI,GAAG,IAAI,CAAC;IAE9C,OAAO,aAAa,OAAO,EAAE,MAAM,CAAC,OAAO;QACzC,IAAI,CAAC,OAAO,GAAG,OAAO,CAAC;IACzB,CAAC;IAED,MAAM,CAAC,MAAM,CAAC,WAAW,CAAC,OAAO,EAAE,MAAM,CAAC,OAAO,GAAG,cAAc;QAChE,IAAI,CAAC,cAAc,CAAC,QAAQ,EAAE;YAC5B,cAAc,CAAC,QAAQ,GAAG,IAAI,cAAc,CAAC,OAAO,CAAC,CAAC;YACtD,cAAc,CAAC,QAAQ,CAAC,MAAM,EAAE,CAAC;SAClC;QACD,OAAO,cAAc,CAAC,QAAQ,CAAC;IACjC,CAAC;IAED,OAAO,CAAC,KAAK,CAAC,MAAM,IAAI,OAAO,CAAC,IAAI,CAAC;QACnC,IAAI;YACF,MAAM,YAAY,EAAE,eAAe,CAAC,WAAW,GAAG;gBAChD,IAAI,EAAE,kBAAkB;gBACxB,aAAa,EAAE,eAAe,CAAC,aAAa,CAAC,EAAE;aAChD,CAAC;YAEF,IAAI,CAAC,QAAQ,GAAG,MAAM,eAAe,CAAC,WAAW,CAAC,IAAI,CAAC,OAAO,CAAC,EAAE,YAAY,CAAC,CAAC;YAE/E,MAAM,IAAI,CAAC,QAAQ,CAAC,UAAU,CAAC;;;;;;;UAO3B,CAAC,CAAC;YAEN,OAAO,CAAC,GAAG,CAAC,mCAAmC,CAAC,CAAC;SAClD;QAAC,OAAO,GAAG,EAAE;YACZ,OAAO,CAAC,KAAK,CAAC,gCAAgC,EAAE,GAAG,CAAC,CAAC;SACtD;IACH,CAAC;IAED,KAAK,CAAC,gBAAgB,CAAC,MAAM,EAAE,aAAa,GAAG,OAAO,CAAC,OAAO,CAAC;QAC7D,IAAI,CAAC,IAAI,CAAC,QAAQ,EAAE;YAClB,OAAO,CAAC,KAAK,CAAC,0BAA0B,CAAC,CAAC;YAC1C,OAAO,KAAK,CAAC;SACd;QAED,IAAI;YACF,MAAM,WAAW,EAAE,eAAe,CAAC,YAAY,GAAG;gBAChD,IAAI,EAAE,MAAM,CAAC,EAAE;gBACf,MAAM,EAAE,MAAM,CAAC,IAAI;gBACnB,UAAU,EAAE,MAAM,CAAC,QAAQ;gBAC3B,UAAU,EAAE,MAAM,CAAC,QAAQ;gBAC3B,WAAW,EAAE,MAAM,CAAC,SAAS;aAC9B,CAAC;YAEF,MAAM,IAAI,CAAC,QAAQ,CAAC,MAAM,CAAC,iBAAiB,EAAE,WAAW,CAAC,CAAC;YAC3D,OAAO,CAAC,GAAG,CAAC,4BAA4B,EAAE,MAAM,CAAC,CAAC;YAClD,OAAO,IAAI,CAAC;SACb;QAAC,OAAO,GAAG,EAAE;YACZ,OAAO,CAAC,KAAK,CAAC,uBAAuB,EAAE,GAAG,CAAC,CAAC;YAC5C,OAAO,KAAK,CAAC;SACd;IACH,CAAC;IAED,KAAK,CAAC,mBAAmB,CAAC,MAAM,EAAE,aAAa,GAAG,OAAO,CAAC,OAAO,CAAC;QAChE,IAAI,CAAC,IAAI,CAAC,QAAQ;YAAE,OAAO,KAAK,CAAC;QAEjC,IAAI;YACF,MAAM,WAAW,EAAE,eAAe,CAAC,YAAY,GAAG;gBAChD,MAAM,EAAE,MAAM,CAAC,IAAI;gBACnB,UAAU,EAAE,MAAM,CAAC,QAAQ;gBAC3B,UAAU,EAAE,MAAM,CAAC,QAAQ;gBAC3B,WAAW,EAAE,MAAM,CAAC,SAAS;aAC9B,CAAC;YAEF,MAAM,UAAU,GAAG,IAAI,eAAe,CAAC,aAAa,CAAC,iBAAiB,CAAC,CAAC;YACxE,UAAU,CAAC,OAAO,CAAC,IAAI,EAAE,MAAM,CAAC,EAAE,CAAC,CAAC;YAEpC,MAAM,IAAI,CAAC,QAAQ,CAAC,MAAM,CAAC,WAAW,EAAE,UAAU,CAAC,CAAC;YACpD,OAAO,IAAI,CAAC;SACb;QAAC,OAAO,GAAG,EAAE;YACZ,OAAO,CAAC,KAAK,CAAC,0BAA0B,EAAE,GAAG,CAAC,CAAC;YAC/C,OAAO,KAAK,CAAC;SACd;IACH,CAAC;IAED,KAAK,CAAC,mBAAmB,CAAC,EAAE,EAAE,MAAM,GAAG,OAAO,CAAC,OAAO,CAAC;QACrD,IAAI,CAAC,IAAI,CAAC,QAAQ;YAAE,OAAO,KAAK,CAAC;QAEjC,IAAI;YACF,MAAM,UAAU,GAAG,IAAI,eAAe,CAAC,aAAa,CAAC,iBAAiB,CAAC,CAAC;YACxE,UAAU,CAAC,OAAO,CAAC,IAAI,EAAE,EAAE,CAAC,CAAC;YAE7B,MAAM,IAAI,CAAC,QAAQ,CAAC,MAAM,CAAC,UAAU,CAAC,CAAC;YACvC,OAAO,IAAI,CAAC;SACb;QAAC,OAAO,GAAG,EAAE;YACZ,OAAO,CAAC,KAAK,CAAC,0BAA0B,EAAE,GAAG,CAAC,CAAC;YAC/C,OAAO,KAAK,CAAC;SACd;IACH,CAAC;IAED,KAAK,CAAC,oBAAoB,IAAI,OAAO,CAAC,aAAa,EAAE,CAAC;QACpD,IAAI,CAAC,IAAI,CAAC,QAAQ,EAAE;YAClB,OAAO,CAAC,KAAK,CAAC,0BAA0B,CAAC,CAAC;YAC1C,OAAO,EAAE,CAAC;SACX;QAED,IAAI;YACF,MAAM,UAAU,GAAG,IAAI,eAAe,CAAC,aAAa,CAAC,iBAAiB,CAAC,CAAC;YACxE,MAAM,OAAO,GAAG,CAAC,IAAI,EAAE,MAAM,EAAE,UAAU,EAAE,UAAU,EAAE,WAAW,CAAC,CAAC;YACpE,MAAM,SAAS,GAAG,MAAM,IAAI,CAAC,QAAQ,CAAC,KAAK,CAAC,UAAU,EAAE,OAAO,CAAC,CAAC;YAEjE,MAAM,OAAO,EAAE,aAAa,EAAE,GAAG,EAAE,CAAC;YACpC,OAAO,SAAS,CAAC,WAAW,EAAE,EAAE;gBAC9B,OAAO,CAAC,IAAI,CAAC;oBACX,EAAE,EAAE,SAAS,CAAC,SAAS,CAAC,SAAS,CAAC,cAAc,CAAC,IAAI,CAAC,CAAC,IAAI,EAAE;oBAC7D,IAAI,EAAE,SAAS,CAAC,SAAS,CAAC,SAAS,CAAC,cAAc,CAAC,MAAM,CAAC,CAAC,IAAI,EAAE;oBACjE,QAAQ,EAAE,SAAS,CAAC,SAAS,CAAC,SAAS,CAAC,cAAc,CAAC,UAAU,CAAC,CAAC;oBACnE,QAAQ,EAAE,SAAS,CAAC,SAAS,CAAC,SAAS,CAAC,cAAc,CAAC,UAAU,CAAC,CAAC;oBACnE,SAAS,EAAE,SAAS,CAAC,SAAS,CAAC,SAAS,CAAC,cAAc,CAAC,WAAW,CAAC,CAAC;iBACtE,CAAC,CAAC;aACJ;YACD,SAAS,CAAC,KAAK,EAAE,CAAC;YAElB,UAAU;YACV,OAAO,OAAO,CAAC,IAAI,CAAC,CAAC,CAAC,EAAE,CAAC,EAAE,EAAE,CAAC,IAAI,IAAI,CAAC,CAAC,CAAC,IAAI,CAAC,CAAC,OAAO,EAAE,GAAG,IAAI,IAAI,CAAC,CAAC,CAAC,IAAI,CAAC,CAAC,OAAO,EAAE,CAAC,CAAC;SACxF;QAAC,OAAO,GAAG,EAAE;YACZ,OAAO,CAAC,KAAK,CAAC,wBAAwB,EAAE,GAAG,CAAC,CAAC;YAC7C,OAAO,EAAE,CAAC;SACX;IACH,CAAC;CACF",
    "entry-package-info": "entry|1.0.0"
  },
  "entry|entry|1.0.0|src/main/ets/pages/health/fitness/FitnessAddEdit.ts": {
    "version": 3,
    "file": "FitnessAddEdit.ets",
    "sourceRoot": "",
    "sources": [
      "entry/src/main/ets/pages/health/fitness/FitnessAddEdit.ets"
    ],
    "names": [],
    "mappings": ";;;;IAoBU,IAAI,GAAE,KAAK,GAAG,MAAM;IACrB,MAAM,GAAE,aAAa;IAOrB,iBAAiB,GAAE,OAAO;;cA5B1B,aAAa,QAAQ,iBAAiB;OACxC,MAAM;OACN,YAAY;OACZ,EAAE,cAAc,EAAE;YAChB,MAAM;AAEf,UAAU,eAAe;IACvB,IAAI,EAAE,MAAM,CAAC;IACb,KAAK,EAAE,MAAM,CAAC;IACd,GAAG,EAAE,MAAM,CAAC;CACb;AAED,UAAU,WAAW;IACnB,IAAI,CAAC,EAAE,KAAK,GAAG,MAAM,CAAC;IACtB,MAAM,CAAC,EAAE,MAAM,CAAC;CACjB;AAID,MAAM,OAAQ,cAAc;IAF5B;;;;;oBAGiC,KAAK;qDACL;YAC7B,EAAE,EAAE,EAAE;YACN,IAAI,EAAE,EAAE;YACR,QAAQ,EAAE,CAAC;YACX,QAAQ,EAAE,CAAC;YACX,SAAS,EAAE,CAAC;SACb;gEACmC,KAAK;;;KAb1C;;;;;;;;;;;;;;;;;;;;;;;;IAKC,OAAO,OAAO,KAAK,GAAG,MAAM,CAAS;IACrC,2CAAe,aAAa,EAM1B;QANK,MAAM;;;QAAN,MAAM,WAAE,aAAa;;;IAO5B,sDAA0B,OAAO,EAAS;QAAnC,iBAAiB;;;QAAjB,iBAAiB,WAAE,OAAO;;;IAEjC,aAAa;QACX,MAAM,MAAM,EAAE,WAAW,GAAG,MAAM,CAAC,SAAS,EAAE,IAAI,WAAW,CAAC;QAE9D,IAAI,MAAM,EAAE,IAAI,EAAE;YAChB,IAAI,CAAC,IAAI,GAAG,MAAM,CAAC,IAAI,CAAC;YACxB,IAAI,IAAI,CAAC,IAAI,KAAK,MAAM,IAAI,MAAM,CAAC,MAAM,EAAE;gBACzC,IAAI,CAAC,MAAM,GAAG,IAAI,CAAC,KAAK,CAAC,MAAM,CAAC,MAAM,CAAC,IAAI,aAAa,CAAC;aAC1D;iBAAM;gBACL,MAAM,GAAG,GAAG,IAAI,IAAI,EAAE,CAAC;gBACvB,IAAI,CAAC,MAAM,CAAC,IAAI,GAAG,GAAG,GAAG,CAAC,WAAW,EAAE,IAAI,CAAC,GAAG,CAAC,QAAQ,EAAE,GAAC,CAAC,CAAC,CAAC,QAAQ,EAAE,CAAC,QAAQ,CAAC,CAAC,EAAE,GAAG,CAAC,IAAI,GAAG,CAAC,OAAO,EAAE,CAAC,QAAQ,EAAE,CAAC,QAAQ,CAAC,CAAC,EAAE,GAAG,CAAC,EAAE,CAAC;gBACzI,IAAI,CAAC,MAAM,CAAC,EAAE,GAAG,IAAI,CAAC,GAAG,EAAE,CAAC,QAAQ,EAAE,CAAC;aACxC;SACF;IACH,CAAC;IAED,KAAK,CAAC,UAAU;QACd,IAAI,CAAC,IAAI,CAAC,cAAc,EAAE,EAAE;YAC1B,YAAY,CAAC,SAAS,CAAC,EAAE,OAAO,EAAE,SAAS,EAAE,CAAC,CAAC;YAC/C,OAAO;SACR;QAED,IAAI;YACF,MAAM,OAAO,GAAG,UAAU,CAAC,IAAI,CAAC,IAAI,MAAM,CAAC,OAAO,CAAC;YACnD,MAAM,EAAE,GAAG,cAAc,CAAC,WAAW,CAAC,OAAO,CAAC,CAAC;YAE/C,MAAM,OAAO,GAAG,IAAI,CAAC,IAAI,KAAK,KAAK;gBACjC,CAAC,CAAC,MAAM,EAAE,CAAC,gBAAgB,CAAC,IAAI,CAAC,MAAM,CAAC;gBACxC,CAAC,CAAC,MAAM,EAAE,CAAC,mBAAmB,CAAC,IAAI,CAAC,MAAM,CAAC,CAAC;YAE9C,IAAI,OAAO,EAAE;gBACX,YAAY,CAAC,SAAS,CAAC,EAAE,OAAO,EAAE,MAAM,EAAE,CAAC,CAAC;gBAC5C,MAAM,CAAC,IAAI,EAAE,CAAC;aACf;iBAAM;gBACL,YAAY,CAAC,SAAS,CAAC,EAAE,OAAO,EAAE,UAAU,EAAE,CAAC,CAAC;aACjD;SACF;QAAC,OAAO,GAAG,EAAE;YACZ,OAAO,CAAC,KAAK,CAAC,UAAU,EAAE,GAAG,CAAC,CAAC;YAC/B,YAAY,CAAC,SAAS,CAAC,EAAE,OAAO,EAAE,UAAU,EAAE,CAAC,CAAC;SACjD;IACH,CAAC;IAED,OAAO,CAAC,cAAc,IAAI,OAAO;QAC/B,OAAO,CAAC,CAAC,IAAI,CAAC,MAAM,CAAC,IAAI;YACvB,IAAI,CAAC,MAAM,CAAC,QAAQ,GAAG,CAAC;YACxB,IAAI,CAAC,MAAM,CAAC,QAAQ,GAAG,CAAC;YACxB,IAAI,CAAC,MAAM,CAAC,SAAS,IAAI,CAAC,CAAC;IAC/B,CAAC;IAED;;YACE,MAAM;;YAAN,MAAM,CAsCL,KAAK,CAAC,MAAM;YAtCb,MAAM,CAuCL,MAAM,CAAC,MAAM;YAvCd,MAAM,CAwCL,OAAO,CAAC,EAAE;YAxCX,MAAM,CAyCL,cAAc,CAAC,SAAS,CAAC,KAAK;YAzC/B,MAAM,CA0CL,eAAe,CAAC,SAAS;;;YAzCxB,GAAG;;YAAH,GAAG,CASF,KAAK,CAAC,KAAK;YATZ,GAAG,CAUF,MAAM,CAAC,EAAE;YAVV,GAAG,CAWF,eAAe,CAAC,SAAS;YAX1B,GAAG,CAYF,YAAY,CAAC,EAAE;YAZhB,GAAG,CAaF,MAAM,CAAC;gBACN,KAAK,EAAE,CAAC;gBACR,KAAK,EAAE,SAAS,CAAC,YAAY;aAC9B;YAhBD,GAAG,CAiBF,cAAc,CAAC,SAAS,CAAC,MAAM;YAjBhC,GAAG,CAkBF,UAAU,CAAC,aAAa,CAAC,MAAM;YAlBhC,GAAG,CAoBF,MAAM,CAAC,EAAE,MAAM,EAAE,EAAE,EAAE;;;YAnBpB,IAAI,QAAC,IAAI,CAAC,IAAI,KAAK,KAAK,CAAC,CAAC,CAAC,QAAQ,CAAC,CAAC,CAAC,QAAQ;;YAA9C,IAAI,CACD,QAAQ,CAAC,EAAE;YADd,IAAI,CAED,UAAU,CAAC,UAAU,CAAC,IAAI;YAF7B,IAAI,CAGD,SAAS,CAAC,SAAS;YAHtB,IAAI,CAKD,MAAM,CAAC,EAAE,IAAI,EAAE,EAAE,EAAE;;QALtB,IAAI;QADN,GAAG;QAsBH,SAAS;QACT,IAAI,CAAC,eAAe,aAAE;QACtB,IAAI,CAAC,kBAAkB,aAAE;QACzB,IAAI,CAAC,kBAAkB,aAAE;QACzB,IAAI,CAAC,mBAAmB,aAAE;;YAE1B,MAAM,iBAAC,IAAI;;YAAX,MAAM,CACH,KAAK,CAAC,KAAK;YADd,MAAM,CAEH,MAAM,CAAC,EAAE;YAFZ,MAAM,CAIH,MAAM,CAAC,EAAE,GAAG,EAAE,EAAE,EAAE;YAJrB,MAAM,CAKH,OAAO,CAAC,GAAG,EAAE,CAAC,IAAI,CAAC,UAAU,EAAE;YALlC,MAAM,CAMH,eAAe,CAAC,SAAS;YAN5B,MAAM,CAOH,SAAS,CAAC,KAAK,CAAC,KAAK;;QAPxB,MAAM;QA7BR,MAAM;KA2CP;IAGD,eAAe;;YACb,GAAG;;YAAH,GAAG,CAgBF,KAAK,CAAC,MAAM;YAhBb,GAAG,CAiBF,MAAM,CAAC,EAAE,MAAM,EAAE,EAAE,EAAE;;;YAhBpB,IAAI,QAAC,IAAI;;YAAT,IAAI,CACD,QAAQ,CAAC,EAAE;YADd,IAAI,CAED,SAAS,CAAC,SAAS;YAFtB,IAAI,CAGD,KAAK,CAAC,KAAK;;QAHd,IAAI;;YAKJ,MAAM,iBAAC,IAAI,CAAC,MAAM,CAAC,IAAI;;YAAvB,MAAM,CACH,KAAK,CAAC,KAAK;YADd,MAAM,CAEH,OAAO,CAAC,GAAG,EAAE,CAAC,IAAI,CAAC,iBAAiB,GAAG,IAAI;YAF9C,MAAM,CAGH,YAAY,CAAC,CAAC;YAHjB,MAAM,CAIH,WAAW,CAAC,CAAC;YAJhB,MAAM,CAKH,eAAe,CAAC,SAAS;YAL5B,MAAM,CAMH,WAAW,CAAC,SAAS;;QANxB,MAAM;QANR,GAAG;;;YAmBH,IAAI,IAAI,CAAC,iBAAiB,EAAE;;;wBAC1B,UAAU,QAAC;4BACT,KAAK,EAAE,IAAI,IAAI,CAAC,YAAY,CAAC;4BAC7B,GAAG,EAAE,IAAI,IAAI,CAAC,YAAY,CAAC;4BAC3B,QAAQ,EAAE,IAAI,IAAI,CAAC,IAAI,CAAC,MAAM,CAAC,IAAI,CAAC;yBACrC;;wBAJD,UAAU,CAKP,QAAQ,CAAC,CAAC,KAAK,EAAE,eAAe,EAAE,EAAE;4BACnC,IAAI,CAAC,MAAM,CAAC,IAAI,GAAG,GAAG,KAAK,CAAC,IAAI,IAAI,KAAK,CAAC,KAAK,CAAC,QAAQ,EAAE,CAAC,QAAQ,CAAC,CAAC,EAAE,GAAG,CAAC,IAAI,KAAK,CAAC,GAAG,CAAC,QAAQ,EAAE,CAAC,QAAQ,CAAC,CAAC,EAAE,GAAG,CAAC,EAAE,CAAC;4BACvH,IAAI,CAAC,iBAAiB,GAAG,KAAK,CAAC;wBACjC,CAAC;;oBARH,UAAU;;aASX;;;;aAAA;;;KACF;IAGD,kBAAkB;;YAChB,GAAG;;YAAH,GAAG,CAiBF,KAAK,CAAC,MAAM;YAjBb,GAAG,CAkBF,MAAM,CAAC,EAAE,MAAM,EAAE,EAAE,EAAE;;;YAjBpB,IAAI,QAAC,SAAS;;YAAd,IAAI,CACD,QAAQ,CAAC,EAAE;YADd,IAAI,CAED,SAAS,CAAC,SAAS;YAFtB,IAAI,CAGD,KAAK,CAAC,KAAK;;QAHd,IAAI;;YAKJ,SAAS,QAAC,EAAE,IAAI,EAAE,IAAI,CAAC,MAAM,CAAC,QAAQ,CAAC,QAAQ,EAAE,EAAE;;YAAnD,SAAS,CACN,IAAI,CAAC,SAAS,CAAC,MAAM;YADxB,SAAS,CAEN,KAAK,CAAC,KAAK;YAFd,SAAS,CAGN,MAAM,CAAC,EAAE;YAHZ,SAAS,CAIN,YAAY,CAAC,CAAC;YAJjB,SAAS,CAKN,WAAW,CAAC,CAAC;YALhB,SAAS,CAMN,WAAW,CAAC,SAAS;YANxB,SAAS,CAON,QAAQ,CAAC,CAAC,KAAK,EAAE,MAAM,EAAE,EAAE;gBAC1B,IAAI,CAAC,MAAM,CAAC,QAAQ,GAAG,UAAU,CAAC,KAAK,CAAC,IAAI,CAAC,CAAC;YAChD,CAAC;;QAfL,GAAG;KAmBJ;IAGD,kBAAkB;;YAChB,GAAG;;YAAH,GAAG,CAiBF,KAAK,CAAC,MAAM;YAjBb,GAAG,CAkBF,MAAM,CAAC,EAAE,MAAM,EAAE,EAAE,EAAE;;;YAjBpB,IAAI,QAAC,QAAQ;;YAAb,IAAI,CACD,QAAQ,CAAC,EAAE;YADd,IAAI,CAED,SAAS,CAAC,SAAS;YAFtB,IAAI,CAGD,KAAK,CAAC,KAAK;;QAHd,IAAI;;YAKJ,SAAS,QAAC,EAAE,IAAI,EAAE,IAAI,CAAC,MAAM,CAAC,QAAQ,CAAC,QAAQ,EAAE,EAAE;;YAAnD,SAAS,CACN,IAAI,CAAC,SAAS,CAAC,MAAM;YADxB,SAAS,CAEN,KAAK,CAAC,KAAK;YAFd,SAAS,CAGN,MAAM,CAAC,EAAE;YAHZ,SAAS,CAIN,YAAY,CAAC,CAAC;YAJjB,SAAS,CAKN,WAAW,CAAC,CAAC;YALhB,SAAS,CAMN,WAAW,CAAC,SAAS;YANxB,SAAS,CAON,QAAQ,CAAC,CAAC,KAAK,EAAE,MAAM,EAAE,EAAE;gBAC1B,IAAI,CAAC,MAAM,CAAC,QAAQ,GAAG,UAAU,CAAC,KAAK,CAAC,IAAI,CAAC,CAAC;YAChD,CAAC;;QAfL,GAAG;KAmBJ;IAGD,mBAAmB;;YACjB,GAAG;;YAAH,GAAG,CAiBF,KAAK,CAAC,MAAM;YAjBb,GAAG,CAkBF,MAAM,CAAC,EAAE,MAAM,EAAE,EAAE,EAAE;;;YAjBpB,IAAI,QAAC,QAAQ;;YAAb,IAAI,CACD,QAAQ,CAAC,EAAE;YADd,IAAI,CAED,SAAS,CAAC,SAAS;YAFtB,IAAI,CAGD,KAAK,CAAC,KAAK;;QAHd,IAAI;;YAKJ,SAAS,QAAC,EAAE,IAAI,EAAE,IAAI,CAAC,MAAM,CAAC,SAAS,CAAC,QAAQ,EAAE,EAAE;;YAApD,SAAS,CACN,IAAI,CAAC,SAAS,CAAC,MAAM;YADxB,SAAS,CAEN,KAAK,CAAC,KAAK;YAFd,SAAS,CAGN,MAAM,CAAC,EAAE;YAHZ,SAAS,CAIN,YAAY,CAAC,CAAC;YAJjB,SAAS,CAKN,WAAW,CAAC,CAAC;YALhB,SAAS,CAMN,WAAW,CAAC,SAAS;YANxB,SAAS,CAON,QAAQ,CAAC,CAAC,KAAK,EAAE,MAAM,EAAE,EAAE;gBAC1B,IAAI,CAAC,MAAM,CAAC,SAAS,GAAG,UAAU,CAAC,KAAK,CAAC,IAAI,CAAC,CAAC;YACjD,CAAC;;QAfL,GAAG;KAmBJ",
    "entry-package-info": "entry|1.0.0"
  },
  "entry|entry|1.0.0|src/main/ets/pages/health/fitness/FitnessIndex.ts": {
    "version": 3,
    "file": "FitnessIndex.ets",
    "sourceRoot": "",
    "sources": [
      "entry/src/main/ets/pages/health/fitness/FitnessIndex.ets"
    ],
    "names": [],
    "mappings": ";;;;IASS,cAAc,GAAE,aAAa,EAAE;;cAT/B,aAAa,QAAQ,iBAAiB;OACxC,MAAM;OACN,YAAY;OACZ,EAAE,cAAc,EAAE;YAChB,MAAM;AAIf,MAAM,OAAQ,YAAY;IAF1B;;;;;6DAG2C,EAAE;;;KALJ;;;;;;;;;;;;;;;;IAKvC,mDAAuB,aAAa,EAAE,EAAM;QAArC,cAAc;;;QAAd,cAAc,WAAE,aAAa,EAAE;;;IAEtC,UAAU;QACR,IAAI,CAAC,WAAW,EAAE,CAAC;IACrB,CAAC;IAED,KAAK,CAAC,WAAW;QACf,IAAI;YACF,MAAM,OAAO,GAAG,UAAU,CAAC,IAAI,CAAC,IAAI,MAAM,CAAC,OAAO,CAAC;YACnD,MAAM,EAAE,GAAG,cAAc,CAAC,WAAW,CAAC,OAAO,CAAC,CAAC;YAC/C,IAAI,CAAC,cAAc,GAAG,MAAM,EAAE,CAAC,oBAAoB,EAAE,CAAC;YACtD,OAAO,CAAC,GAAG,CAAC,iBAAiB,EAAE,IAAI,CAAC,cAAc,CAAC,MAAM,CAAC,CAAC;SAC5D;QAAC,OAAO,GAAG,EAAE;YACZ,OAAO,CAAC,KAAK,CAAC,yBAAyB,EAAE,GAAG,CAAC,CAAC;YAC9C,YAAY,CAAC,SAAS,CAAC,EAAE,OAAO,EAAE,wBAAwB,EAAE,CAAC,CAAC;SAC/D;IACH,CAAC;IAED,KAAK,CAAC,YAAY,CAAC,EAAE,EAAE,MAAM;QAC3B,IAAI;YACF,MAAM,OAAO,GAAG,UAAU,CAAC,IAAI,CAAC,IAAI,MAAM,CAAC,OAAO,CAAC;YACnD,MAAM,EAAE,GAAG,cAAc,CAAC,WAAW,CAAC,OAAO,CAAC,CAAC;YAC/C,MAAM,OAAO,GAAG,MAAM,EAAE,CAAC,mBAAmB,CAAC,EAAE,CAAC,CAAC;YAEjD,IAAI,OAAO,EAAE;gBACX,IAAI,CAAC,cAAc,GAAG,IAAI,CAAC,cAAc,CAAC,MAAM,CAAC,CAAC,CAAC,EAAE,CAAC,CAAC,CAAC,EAAE,KAAK,EAAE,CAAC,CAAC;gBACnE,YAAY,CAAC,SAAS,CAAC,EAAE,OAAO,EAAE,sBAAsB,EAAE,CAAC,CAAC;aAC7D;iBAAM;gBACL,YAAY,CAAC,SAAS,CAAC,EAAE,OAAO,EAAE,kBAAkB,EAAE,CAAC,CAAC;aACzD;SACF;QAAC,OAAO,GAAG,EAAE;YACZ,OAAO,CAAC,KAAK,CAAC,wBAAwB,EAAE,GAAG,CAAC,CAAC;YAC7C,YAAY,CAAC,SAAS,CAAC,EAAE,OAAO,EAAE,gBAAgB,EAAE,CAAC,CAAC;SACvD;IACH,CAAC;IAED;;YACE,MAAM;;YAAN,MAAM,CA4FL,KAAK,CAAC,MAAM;YA5Fb,MAAM,CA6FL,MAAM,CAAC,MAAM;YA7Fd,MAAM,CA8FL,OAAO,CAAC,EAAE;;;YA7FT,GAAG;;YAAH,GAAG,CAaF,KAAK,CAAC,MAAM;YAbb,GAAG,CAcF,OAAO,CAAC,EAAE;;;YAbT,IAAI,QAAC,iBAAiB;;YAAtB,IAAI,CACD,QAAQ,CAAC,EAAE;YADd,IAAI,CAED,UAAU,CAAC,UAAU,CAAC,IAAI;;QAF7B,IAAI;;YAIJ,KAAK;;;QAAL,KAAK;;YAEL,MAAM,iBAAC,YAAY;;YAAnB,MAAM,CACH,IAAI,CAAC,UAAU,CAAC,MAAM;YADzB,MAAM,CAEH,OAAO,CAAC,GAAG,EAAE;gBACZ,MAAM,CAAC,IAAI,CAAC,EAAE,GAAG,EAAE,qCAAqC,EAAE,MAAM,EAAE,EAAE,IAAI,EAAE,KAAK,EAAE,EAAE,CAAC,CAAC;YACvF,CAAC;;QAJH,MAAM;QAPR,GAAG;;;YAgBH,IAAI,IAAI,CAAC,cAAc,CAAC,MAAM,KAAK,CAAC,EAAE;;;wBACpC,MAAM;;wBAAN,MAAM,CAKL,KAAK,CAAC,MAAM;wBALb,MAAM,CAML,MAAM,CAAC,KAAK;wBANb,MAAM,CAOL,cAAc,CAAC,SAAS,CAAC,MAAM;wBAPhC,MAAM,CAQL,UAAU,CAAC,eAAe,CAAC,MAAM;;;wBAPhC,IAAI,QAAC,kBAAkB;;wBAAvB,IAAI,CACD,QAAQ,CAAC,EAAE;wBADd,IAAI,CAED,SAAS,CAAC,SAAS;;oBAFtB,IAAI;oBADN,MAAM;;aASP;iBAAM;;;wBACL,IAAI,QAAC,EAAE,KAAK,EAAE,EAAE,EAAE;;wBAAlB,IAAI,CA4DH,KAAK,CAAC,MAAM;wBA5Db,IAAI,CA6DH,MAAM,CAAC,KAAK;;;wBA5DX,OAAO;;;;;;;;wCACL,QAAQ;;;;;;;;;;;wCACN,MAAM;;wCAAN,MAAM,CAoDL,KAAK,CAAC,MAAM;wCApDb,MAAM,CAqDL,OAAO,CAAC,EAAE;;;wCApDT,GAAG;;;;wCACD,IAAI,QAAC,IAAI,CAAC,IAAI;;wCAAd,IAAI,CACD,QAAQ,CAAC,EAAE;wCADd,IAAI,CAED,UAAU,CAAC,UAAU,CAAC,IAAI;;oCAF7B,IAAI;;wCAIJ,KAAK;;;oCAAL,KAAK;;wCAEL,IAAI,QAAC,GAAG,IAAI,CAAC,QAAQ,OAAO;;wCAA5B,IAAI,CACD,QAAQ,CAAC,EAAE;;oCADd,IAAI;oCAPN,GAAG;;wCAWH,GAAG;;;;wCACD,IAAI,QAAC,aAAa,IAAI,CAAC,QAAQ,OAAO;;wCAAtC,IAAI,CACD,QAAQ,CAAC,EAAE;wCADd,IAAI,CAED,SAAS,CAAC,SAAS;;oCAFtB,IAAI;;wCAIJ,KAAK;;;oCAAL,KAAK;;wCAEL,IAAI,QAAC,UAAU,IAAI,CAAC,SAAS,MAAM;;wCAAnC,IAAI,CACD,QAAQ,CAAC,EAAE;wCADd,IAAI,CAED,SAAS,CAAC,SAAS;;oCAFtB,IAAI;oCAPN,GAAG;;wCAYH,GAAG;;;;wCACD,KAAK;;;oCAAL,KAAK;;wCAEL,GAAG;;;;wCACD,MAAM,iBAAC,MAAM;;wCAAb,MAAM,CACH,IAAI,CAAC,UAAU,CAAC,MAAM;wCADzB,MAAM,CAEH,MAAM,CAAC,EAAE;wCAFZ,MAAM,CAGH,QAAQ,CAAC,EAAE;wCAHd,MAAM,CAIH,OAAO,CAAC,GAAG,EAAE;4CACZ,MAAM,CAAC,IAAI,CAAC;gDACV,GAAG,EAAE,qCAAqC;gDAC1C,MAAM,EAAE;oDACN,IAAI,EAAE,MAAM;oDACZ,MAAM,EAAE,IAAI,CAAC,SAAS,CAAC,IAAI,CAAC;iDAC7B;6CACF,CAAC,CAAC;wCACL,CAAC;;oCAZH,MAAM;;wCAcN,MAAM,iBAAC,QAAQ;;wCAAf,MAAM,CACH,IAAI,CAAC,UAAU,CAAC,MAAM;wCADzB,MAAM,CAEH,MAAM,CAAC,EAAE;wCAFZ,MAAM,CAGH,QAAQ,CAAC,EAAE;wCAHd,MAAM,CAIH,MAAM,CAAC,EAAE,IAAI,EAAE,EAAE,EAAE;wCAJtB,MAAM,CAKH,eAAe,CAAC,SAAS;wCAL5B,MAAM,CAMH,OAAO,CAAC,GAAG,EAAE,CAAC,IAAI,CAAC,YAAY,CAAC,IAAI,CAAC,EAAE,CAAC;;oCAN3C,MAAM;oCAfR,GAAG;oCAHL,GAAG;oCAxBL,MAAM;oCADR,QAAQ;;;gCAAR,QAAQ;;;2DADF,IAAI,CAAC,cAAc;;oBAA3B,OAAO;oBADT,IAAI;;aA8DL;;;QA1FH,MAAM;KA+FP",
    "entry-package-info": "entry|1.0.0"
  },
  "entry|entry|1.0.0|src/main/ets/pages/health/mood/MoodAddEdit.ts": {
    "version": 3,
    "file": "MoodAddEdit.ets",
    "sourceRoot": "",
    "sources": [
      "entry/src/main/ets/pages/health/mood/MoodAddEdit.ets"
    ],
    "names": [],
    "mappings": ";;;;IAsBU,IAAI,GAAE,KAAK,GAAG,MAAM;IACrB,MAAM,GAAE,UAAU;IAOlB,iBAAiB,GAAE,OAAO;IAC1B,aAAa,GAAE,YAAY,EAAE;;cA/B7B,UAAU,QAAQ,cAAc;OAClC,MAAM;AAEb,UAAU,+BAA+B;IACvC,IAAI,EAAE,MAAM,CAAC;IACb,KAAK,EAAE,MAAM,CAAC;IACd,GAAG,EAAE,MAAM,CAAC;CACb;AAED,UAAU,+BAA+B;IACvC,IAAI,CAAC,EAAE,KAAK,GAAG,MAAM,CAAC;IACtB,MAAM,CAAC,EAAE,MAAM,CAAC;CACjB;AAED,UAAU,YAAY;IACpB,KAAK,EAAE,MAAM,CAAA;IACb,IAAI,CAAC,EAAE,QAAQ,GAAG,MAAM,CAAA;CACzB;AAID,MAAM,OAAQ,WAAW;IAFzB;;;;;oBAGiC,KAAK;qDACR;YAC1B,EAAE,EAAE,EAAE;YACN,IAAI,EAAE,EAAE;YACR,MAAM,EAAE,IAAI;YACZ,KAAK,EAAE,EAAE;YACT,QAAQ,EAAE,EAAE;SACb;gEACmC,KAAK;4DACF;YACrC,EAAE,KAAK,EAAE,IAAI,EAAE;YACf,EAAE,KAAK,EAAE,IAAI,EAAE;YACf,EAAE,KAAK,EAAE,IAAI,EAAE;YACf,EAAE,KAAK,EAAE,IAAI,EAAE;YACf,EAAE,KAAK,EAAE,IAAI,EAAE;YACf,EAAE,KAAK,EAAE,IAAI,EAAE;YACf,EAAE,KAAK,EAAE,IAAI,EAAE;SAChB;;;KAtBF;;;;;;;;;;;;;;;;;;;;;;;;;;;;;IAKC,OAAO,OAAO,KAAK,GAAG,MAAM,CAAQ;IACpC,2CAAe,UAAU,EAMxB;QANM,MAAM;;;QAAN,MAAM,WAAE,UAAU;;;IAOzB,sDAA0B,OAAO,EAAQ;QAAlC,iBAAiB;;;QAAjB,iBAAiB,WAAE,OAAO;;;IACjC,kDAAsB,YAAY,EAAE,EAQnC;QARM,aAAa;;;QAAb,aAAa,WAAE,YAAY,EAAE;;;IAUpC,aAAa;QACX,MAAM,MAAM,GAAG,MAAM,CAAC,SAAS,EAAE,IAAI,+BAA+B,CAAA;QAEpE,IAAI,MAAM,EAAE,IAAI,EAAE;YAChB,IAAI,CAAC,IAAI,GAAG,MAAM,CAAC,IAAI,CAAA;YACvB,IAAI,IAAI,CAAC,IAAI,KAAK,MAAM,IAAI,MAAM,CAAC,MAAM,EAAE;gBACzC,IAAI;oBACF,IAAI,CAAC,MAAM,GAAG,IAAI,CAAC,KAAK,CAAC,MAAM,CAAC,MAAM,CAAC,IAAI,UAAU,CAAA;iBACtD;gBAAC,OAAO,CAAC,EAAE;oBACV,OAAO,CAAC,KAAK,CAAC,yBAAyB,EAAE,CAAC,CAAC,CAAA;iBAC5C;aACF;iBAAM;gBACL,cAAc;gBACd,MAAM,GAAG,GAAG,IAAI,IAAI,EAAE,CAAA;gBACtB,IAAI,CAAC,MAAM,CAAC,IAAI,GAAG,GAAG,GAAG,CAAC,WAAW,EAAE,IAAI,CAAC,GAAG,CAAC,QAAQ,EAAE,GAAG,CAAC,CAAC,CAAC,QAAQ,EAAE,CAAC,QAAQ,CAAC,CAAC,EAAE,GAAG,CAAC,IAAI,GAAG,CAAC,OAAO,EAAE,CAAC,QAAQ,EAAE,CAAC,QAAQ,CAAC,CAAC,EAAE,GAAG,CAAC,EAAE,CAAA;aAC3I;SACF;IACH,CAAC;IAED,UAAU;QACR,iBAAiB;QACjB,OAAO,CAAC,GAAG,CAAC,OAAO,EAAE,IAAI,CAAC,MAAM,CAAC,CAAA;QACjC,MAAM,CAAC,IAAI,EAAE,CAAA;IACf,CAAC;IAED;;YACE,MAAM;;YAAN,MAAM,CAsEL,KAAK,CAAC,MAAM;YAtEb,MAAM,CAuEL,MAAM,CAAC,MAAM;YAvEd,MAAM,CAwEL,OAAO,CAAC,EAAE;;;YAvET,IAAI,QAAC,IAAI,CAAC,IAAI,KAAK,KAAK,CAAC,CAAC,iHAA6B,CAAC,gHAA6B;;YAArF,IAAI,CACD,QAAQ,CAAC,EAAE;YADd,IAAI,CAED,UAAU,CAAC,UAAU,CAAC,IAAI;YAF7B,IAAI,CAGD,MAAM,CAAC,EAAE,MAAM,EAAE,EAAE,EAAE;;QAHxB,IAAI;;YAKJ,SAAS;YACT,GAAG;;YADH,SAAS;YACT,GAAG,CAWF,KAAK,CAAC,MAAM;YAZb,SAAS;YACT,GAAG,CAYF,MAAM,CAAC,EAAE,MAAM,EAAE,EAAE,EAAE;;;YAXpB,IAAI;;YAAJ,IAAI,CACD,QAAQ,CAAC,EAAE;;QADd,IAAI;;YAGJ,MAAM,iBAAC,IAAI,CAAC,MAAM,CAAC,IAAI;;YAAvB,MAAM,CACH,IAAI,CAAC,UAAU,CAAC,MAAM;YADzB,MAAM,CAEH,MAAM,CAAC,EAAE,IAAI,EAAE,EAAE,EAAE;YAFtB,MAAM,CAGH,OAAO,CAAC,GAAG,EAAE;gBACZ,IAAI,CAAC,iBAAiB,GAAG,IAAI,CAAA;YAC/B,CAAC;;QALH,MAAM;QALR,SAAS;QACT,GAAG;;;YAcH,IAAI,IAAI,CAAC,iBAAiB,EAAE;;;wBAC1B,UAAU,QAAC;4BACT,KAAK,EAAE,IAAI,IAAI,CAAC,YAAY,CAAC;4BAC7B,GAAG,EAAE,IAAI,IAAI,CAAC,YAAY,CAAC;4BAC3B,QAAQ,EAAE,IAAI,IAAI,CAAC,IAAI,CAAC,MAAM,CAAC,IAAI,CAAC;yBACrC;;wBAJD,UAAU,CAKP,QAAQ,CAAC,CAAC,KAAK,EAAE,+BAA+B,EAAE,EAAE;4BACnD,IAAI,CAAC,MAAM,CAAC,IAAI,GAAG,GAAG,KAAK,CAAC,IAAI,IAAI,KAAK,CAAC,KAAK,CAAC,QAAQ,EAAE,CAAC,QAAQ,CAAC,CAAC,EAAE,GAAG,CAAC,IAAI,KAAK,CAAC,GAAG,CAAC,QAAQ,EAAE,CAAC,QAAQ,CAAC,CAAC,EAAE,GAAG,CAAC,EAAE,CAAA;4BACtH,IAAI,CAAC,iBAAiB,GAAG,KAAK,CAAA;wBAChC,CAAC;;oBARH,UAAU;;aASX;YAED,SAAS;;;;aAFR;;;;YAED,SAAS;YACT,GAAG;;YADH,SAAS;YACT,GAAG,CAWF,KAAK,CAAC,MAAM;YAZb,SAAS;YACT,GAAG,CAYF,MAAM,CAAC,EAAE,MAAM,EAAE,EAAE,EAAE;;;YAXpB,IAAI;;YAAJ,IAAI,CACD,QAAQ,CAAC,EAAE;;QADd,IAAI;;YAGJ,MAAM,QAAC,IAAI,CAAC,aAAa;;YAAzB,MAAM,CACH,KAAK,CAAC,IAAI,CAAC,MAAM,CAAC,MAAM;YAD3B,MAAM,CAEH,QAAQ,CAAC,CAAC,KAAK,EAAE,MAAM,EAAE,EAAE;gBAC1B,IAAI,CAAC,MAAM,CAAC,MAAM,GAAG,IAAI,CAAC,aAAa,CAAC,KAAK,CAAC,CAAC,KAAK,CAAA;YACtD,CAAC;YAJH,MAAM,CAKH,MAAM,CAAC,EAAE,IAAI,EAAE,EAAE,EAAE;;QALtB,MAAM;QALR,SAAS;QACT,GAAG;;YAcH,OAAO;YACP,MAAM;;YADN,OAAO;YACP,MAAM,CAYL,KAAK,CAAC,MAAM;YAbb,OAAO;YACP,MAAM,CAaL,MAAM,CAAC,EAAE,MAAM,EAAE,EAAE,EAAE;;;YAZpB,IAAI;;YAAJ,IAAI,CACD,QAAQ,CAAC,EAAE;YADd,IAAI,CAED,MAAM,CAAC,EAAE,MAAM,EAAE,CAAC,EAAE;;QAFvB,IAAI;;YAIJ,QAAQ,QAAC,EAAE,IAAI,EAAE,IAAI,CAAC,MAAM,CAAC,KAAK,EAAE,WAAW,EAAE,gBAAgB,EAAE;;YAAnE,QAAQ,CACL,KAAK,CAAC,MAAM;YADf,QAAQ,CAEL,MAAM,CAAC,GAAG;YAFb,QAAQ,CAGL,QAAQ,CAAC,CAAC,KAAK,EAAE,MAAM,EAAE,EAAE;gBAC1B,IAAI,CAAC,MAAM,CAAC,KAAK,GAAG,KAAK,CAAA;YAC3B,CAAC;;QAXL,OAAO;QACP,MAAM;;YAeN,MAAM;;YAAN,MAAM,CACH,KAAK,CAAC,KAAK;YADd,MAAM,CAEH,MAAM,CAAC,EAAE;YAFZ,MAAM,CAGH,QAAQ,CAAC,EAAE;YAHd,MAAM,CAIH,OAAO,CAAC,GAAG,EAAE,CAAC,IAAI,CAAC,UAAU,EAAE;;QAJlC,MAAM;QAhER,MAAM;KAyEP",
    "entry-package-info": "entry|1.0.0"
  },
  "entry|entry|1.0.0|src/main/ets/pages/health/mood/MoodIndex.ts": {
    "version": 3,
    "file": "MoodIndex.ets",
    "sourceRoot": "",
    "sources": [
      "entry/src/main/ets/pages/health/mood/MoodIndex.ets"
    ],
    "names": [],
    "mappings": ";;;;IAOS,WAAW,GAAE,UAAU,EAAE;IACzB,YAAY,GAAE,OAAO;;cARrB,UAAU,QAAQ,cAAc;OAClC,MAAM;OACN,YAAY;AAInB,MAAM,OAAQ,SAAS;IAFvB;;;;;0DAGqC,EAAE;2DACN,KAAK;;;KANO;;;;;;;;;;;;;;;;;;;;;IAK3C,gDAAoB,UAAU,EAAE,EAAK;QAA9B,WAAW;;;QAAX,WAAW,WAAE,UAAU,EAAE;;;IAChC,iDAAqB,OAAO,EAAQ;QAA7B,YAAY;;;QAAZ,YAAY,WAAE,OAAO;;;IAE5B,aAAa;QACX,IAAI,CAAC,eAAe,EAAE,CAAA;IACxB,CAAC;IAED,eAAe;QACb,aAAa;QACb,IAAI,CAAC,WAAW,GAAG;YACjB;gBACE,EAAE,EAAE,GAAG;gBACP,IAAI,EAAE,YAAY;gBAClB,MAAM,EAAE,IAAI;gBACZ,KAAK,EAAE,cAAc;gBACrB,QAAQ,EAAE,wBAAwB;aACnC;YACD;gBACE,EAAE,EAAE,GAAG;gBACP,IAAI,EAAE,YAAY;gBAClB,MAAM,EAAE,IAAI;gBACZ,KAAK,EAAE,cAAc;gBACrB,QAAQ,EAAE,gCAAgC;aAC3C;SACF,CAAA;QACD,IAAI,CAAC,YAAY,GAAG,KAAK,CAAA;IAC3B,CAAC;IAED,KAAK,CAAC,YAAY,CAAC,EAAE,EAAE,MAAM;QAC3B,IAAI;YACF,MAAM,MAAM,GAAG,MAAM,YAAY,CAAC,UAAU,CAAC;gBAC3C,KAAK,iHAAyB;gBAC9B,OAAO,iHAAiC;gBACxC,OAAO,EAAE;oBACP,EAAE,IAAI,iHAAyB,EAAE,KAAK,EAAE,SAAS,EAAE;oBACnD,EAAE,IAAI,iHAAyB,EAAE,KAAK,EAAE,SAAS,EAAE;iBACpD;aACF,CAAC,CAAA;YAEF,IAAI,MAAM,CAAC,KAAK,KAAK,CAAC,EAAE;gBACtB,IAAI,CAAC,WAAW,GAAG,IAAI,CAAC,WAAW,CAAC,MAAM,CAAC,MAAM,CAAC,EAAE,CAAC,MAAM,CAAC,EAAE,KAAK,EAAE,CAAC,CAAA;aACvE;SACF;QAAC,OAAO,GAAG,EAAE;YACZ,OAAO,CAAC,KAAK,CAAC,SAAS,EAAE,GAAG,CAAC,CAAA;SAC9B;IACH,CAAC;IAED,KAAK,CAAC,WAAW,CAAC,MAAM,EAAE,UAAU,GAAG,OAAO,CAAC,MAAM,CAAC;QACpD,WAAW;QACX,OAAO,IAAI,OAAO,CAAC,CAAC,OAAO,EAAE,EAAE;YAC7B,UAAU,CAAC,GAAG,EAAE;gBACd,MAAM,SAAS,EAAE,MAAM,CAAC,MAAM,EAAE,MAAM,CAAC,GAAG;oBACxC,IAAI,EAAE,8BAA8B;oBACpC,IAAI,EAAE,6BAA6B;oBACnC,IAAI,EAAE,2BAA2B;oBACjC,IAAI,EAAE,2BAA2B;oBACjC,IAAI,EAAE,4BAA4B;iBACnC,CAAA;gBACD,OAAO,CAAC,SAAS,CAAC,MAAM,CAAC,MAAM,CAAC,IAAI,4BAA4B,CAAC,CAAA;YACnE,CAAC,EAAE,GAAG,CAAC,CAAA;QACT,CAAC,CAAC,CAAA;IACJ,CAAC;IAED,KAAK,CAAC,cAAc,CAAC,MAAM,EAAE,UAAU;QACrC,IAAI;YACF,MAAM,MAAM,GAAG,MAAM,IAAI,CAAC,WAAW,CAAC,MAAM,CAAC,CAAA;YAC7C,MAAM,KAAK,GAAG,IAAI,CAAC,WAAW,CAAC,SAAS,CAAC,CAAC,CAAC,EAAE,CAAC,CAAC,CAAC,EAAE,KAAK,MAAM,CAAC,EAAE,CAAC,CAAA;YACjE,IAAI,KAAK,KAAK,CAAC,CAAC,EAAE;gBAChB,IAAI,CAAC,WAAW,CAAC,KAAK,CAAC,CAAC,QAAQ,GAAG,MAAM,CAAA;gBACzC,IAAI,CAAC,WAAW,GAAG,CAAC,GAAG,IAAI,CAAC,WAAW,CAAC,CAAA;aACzC;SACF;QAAC,OAAO,GAAG,EAAE;YACZ,OAAO,CAAC,KAAK,CAAC,WAAW,EAAE,GAAG,CAAC,CAAA;SAChC;IACH,CAAC;IAED;;YACE,MAAM;;YAAN,MAAM,CAyGL,KAAK,CAAC,MAAM;YAzGb,MAAM,CA0GL,MAAM,CAAC,MAAM;YA1Gd,MAAM,CA2GL,OAAO,CAAC,EAAE;;;YA1GT,GAAG;;YAAH,GAAG,CAaF,KAAK,CAAC,MAAM;YAbb,GAAG,CAcF,OAAO,CAAC,EAAE;;;YAbT,IAAI;;YAAJ,IAAI,CACD,QAAQ,CAAC,EAAE;YADd,IAAI,CAED,UAAU,CAAC,UAAU,CAAC,IAAI;;QAF7B,IAAI;;YAIJ,KAAK;;;QAAL,KAAK;;YAEL,MAAM;;YAAN,MAAM,CACH,IAAI,CAAC,UAAU,CAAC,MAAM;YADzB,MAAM,CAEH,OAAO,CAAC,GAAG,EAAE;gBACZ,MAAM,CAAC,IAAI,CAAC,EAAE,GAAG,EAAE,+BAA+B,EAAE,MAAM,EAAE,EAAE,IAAI,EAAE,KAAK,EAAE,EAAE,CAAC,CAAA;YAChF,CAAC;;QAJH,MAAM;QAPR,GAAG;;YAgBH,IAAI,QAAC,EAAE,KAAK,EAAE,EAAE,EAAE,YAAY,EAAE,CAAC,EAAE;;YAAnC,IAAI,CAoFH,KAAK,CAAC,MAAM;YApFb,IAAI,CAqFH,MAAM,CAAC,KAAK;YArFb,IAAI,CAsFH,OAAO,CAAC,EAAE,WAAW,EAAE,CAAC,EAAE,KAAK,EAAE,SAAS,EAAE;;;YArF3C,OAAO;;;;;;;;4BACL,QAAQ;;;;;;wBAAR,QAAQ,CA+EP,YAAY,CAAC,EAAE;;;;;;4BA9Ed,MAAM;;4BAAN,MAAM,CA2EL,KAAK,CAAC,MAAM;4BA3Eb,MAAM,CA4EL,OAAO,CAAC,EAAE;;;4BA3ET,GAAG;;;;4BACD,IAAI,QAAC,IAAI,CAAC,IAAI;;4BAAd,IAAI,CACD,QAAQ,CAAC,EAAE;4BADd,IAAI,CAED,UAAU,CAAC,UAAU,CAAC,IAAI;;wBAF7B,IAAI;;4BAIJ,KAAK;;;wBAAL,KAAK;;4BAEL,IAAI,QAAC,IAAI,CAAC,MAAM;;4BAAhB,IAAI,CACD,QAAQ,CAAC,EAAE;;wBADd,IAAI;wBAPN,GAAG;;;4BAWH,IAAI,IAAI,CAAC,KAAK,EAAE;;;wCACd,IAAI,QAAC,IAAI,CAAC,KAAK;;wCAAf,IAAI,CACD,QAAQ,CAAC,EAAE;wCADd,IAAI,CAED,SAAS,CAAC,SAAS;wCAFtB,IAAI,CAGD,MAAM,CAAC,EAAE,GAAG,EAAE,CAAC,EAAE,MAAM,EAAE,CAAC,EAAE;wCAH/B,IAAI,CAID,KAAK,CAAC,MAAM;wCAJf,IAAI,CAKD,YAAY,CAAC,EAAE,QAAQ,EAAE,YAAY,CAAC,QAAQ,EAAE;wCALnD,IAAI,CAMD,QAAQ,CAAC,CAAC;;oCANb,IAAI;;6BAOL;;;;6BAAA;;;;;4BAED,IAAI,IAAI,CAAC,QAAQ,EAAE;;;wCACjB,MAAM;;wCAAN,MAAM,CAWL,KAAK,CAAC,MAAM;wCAXb,MAAM,CAYL,OAAO,CAAC,CAAC;wCAZV,MAAM,CAaL,eAAe,CAAC,SAAS;wCAb1B,MAAM,CAcL,YAAY,CAAC,CAAC;wCAdf,MAAM,CAeL,MAAM,CAAC,EAAE,GAAG,EAAE,CAAC,EAAE,MAAM,EAAE,CAAC,EAAE;;;wCAd3B,IAAI;;wCAAJ,IAAI,CACD,QAAQ,CAAC,EAAE;wCADd,IAAI,CAED,SAAS,CAAC,SAAS;wCAFtB,IAAI,CAGD,UAAU,CAAC,UAAU,CAAC,IAAI;;oCAH7B,IAAI;;wCAKJ,IAAI,QAAC,IAAI,CAAC,QAAQ;;wCAAlB,IAAI,CACD,QAAQ,CAAC,EAAE;wCADd,IAAI,CAED,SAAS,CAAC,SAAS;wCAFtB,IAAI,CAGD,MAAM,CAAC,EAAE,GAAG,EAAE,CAAC,EAAE;;oCAHpB,IAAI;oCANN,MAAM;;6BAgBP;;;;6BAAA;;;;4BAED,GAAG;;;;4BACD,MAAM,iBAAC,QAAQ;;4BAAf,MAAM,CACH,IAAI,CAAC,UAAU,CAAC,MAAM;4BADzB,MAAM,CAEH,MAAM,CAAC,EAAE;4BAFZ,MAAM,CAGH,QAAQ,CAAC,EAAE;4BAHd,MAAM,CAIH,OAAO,CAAC,GAAG,EAAE,CAAC,IAAI,CAAC,cAAc,CAAC,IAAI,CAAC;;wBAJ1C,MAAM;;4BAMN,KAAK;;;wBAAL,KAAK;;4BAEL,GAAG;;;;4BACD,MAAM;;4BAAN,MAAM,CACH,IAAI,CAAC,UAAU,CAAC,MAAM;4BADzB,MAAM,CAEH,MAAM,CAAC,EAAE;4BAFZ,MAAM,CAGH,QAAQ,CAAC,EAAE;4BAHd,MAAM,CAIH,OAAO,CAAC,GAAG,EAAE;gCACZ,MAAM,CAAC,IAAI,CAAC;oCACV,GAAG,EAAE,+BAA+B;oCACpC,MAAM,EAAE;wCACN,IAAI,EAAE,MAAM;wCACZ,MAAM,EAAE,IAAI,CAAC,SAAS,CAAC,IAAI,CAAC;qCAC7B;iCACF,CAAC,CAAA;4BACJ,CAAC;;wBAZH,MAAM;;4BAcN,MAAM;;4BAAN,MAAM,CACH,IAAI,CAAC,UAAU,CAAC,MAAM;4BADzB,MAAM,CAEH,MAAM,CAAC,EAAE;4BAFZ,MAAM,CAGH,QAAQ,CAAC,EAAE;4BAHd,MAAM,CAIH,MAAM,CAAC,EAAE,IAAI,EAAE,EAAE,EAAE;4BAJtB,MAAM,CAKH,eAAe,CAAC,SAAS;4BAL5B,MAAM,CAMH,OAAO,CAAC,GAAG,EAAE,CAAC,IAAI,CAAC,YAAY,CAAC,IAAI,CAAC,EAAE,CAAC;;wBAN3C,MAAM;wBAfR,GAAG;wBATL,GAAG;wBAzCL,MAAM;wBADR,QAAQ;;;oBAAR,QAAQ;;;+CADF,IAAI,CAAC,WAAW;;QAAxB,OAAO;QADT,IAAI;QAjBN,MAAM;KA4GP",
    "entry-package-info": "entry|1.0.0"
  },
  "entry|entry|1.0.0|src/main/ets/pages/health/sleep/SleepAddEdit.ts": {
    "version": 3,
    "file": "SleepAddEdit.ets",
    "sourceRoot": "",
    "sources": [
      "entry/src/main/ets/pages/health/sleep/SleepAddEdit.ets"
    ],
    "names": [],
    "mappings": ";;;;IAiBU,IAAI,GAAE,KAAK,GAAG,MAAM;IACrB,MAAM,GAAE,WAAW;IACnB,iBAAiB,GAAE,OAAO;;cAnB1B,WAAW,QAAQ,eAAe;OACpC,MAAM;AAEb,UAAU,+BAA+B;IACvC,IAAI,EAAE,MAAM,CAAC;IACb,KAAK,EAAE,MAAM,CAAC;IACd,GAAG,EAAE,MAAM,CAAC;CACb;AAED,UAAU,+BAA+B;IACvC,IAAI,CAAC,EAAE,KAAK,GAAG,MAAM,CAAC;IACtB,MAAM,CAAC,EAAE,MAAM,CAAC;CACjB;AAID,MAAM,OAAQ,YAAY;IAF1B;;;;;oBAGiC,KAAK;qDACP,EAAE,EAAE,EAAE,EAAE,EAAE,IAAI,EAAE,EAAE,EAAE,UAAU,EAAE,CAAC,EAAE,OAAO,EAAE,IAAI,EAAE;gEAC3C,KAAK;;;KAP1C;;;;;;;;;;;;;;;;;;;;;;;;IAKC,OAAO,OAAO,KAAK,GAAG,MAAM,CAAQ;IACpC,2CAAe,WAAW,EAAqD;QAAxE,MAAM;;;QAAN,MAAM,WAAE,WAAW;;;IAC1B,sDAA0B,OAAO,EAAQ;QAAlC,iBAAiB;;;QAAjB,iBAAiB,WAAE,OAAO;;;IAEjC,aAAa;QACX,MAAM,MAAM,GAAG,MAAM,CAAC,SAAS,EAAE,IAAI,+BAA+B,CAAA;QAEpE,IAAI,MAAM,EAAE,IAAI,EAAE;YAChB,IAAI,CAAC,IAAI,GAAG,MAAM,CAAC,IAAI,CAAA;YACvB,IAAI,IAAI,CAAC,IAAI,KAAK,MAAM,IAAI,MAAM,CAAC,MAAM,EAAE;gBACzC,IAAI;oBACF,IAAI,CAAC,MAAM,GAAG,IAAI,CAAC,KAAK,CAAC,MAAM,CAAC,MAAM,CAAC,IAAI,WAAW,CAAA;iBACvD;gBAAC,OAAO,CAAC,EAAE;oBACV,OAAO,CAAC,KAAK,CAAC,yBAAyB,EAAE,CAAC,CAAC,CAAA;iBAC5C;aACF;iBAAM;gBACL,cAAc;gBACd,MAAM,GAAG,GAAG,IAAI,IAAI,EAAE,CAAA;gBACtB,IAAI,CAAC,MAAM,CAAC,IAAI,GAAG,GAAG,GAAG,CAAC,WAAW,EAAE,IAAI,CAAC,GAAG,CAAC,QAAQ,EAAE,GAAG,CAAC,CAAC,CAAC,QAAQ,EAAE,CAAC,QAAQ,CAAC,CAAC,EAAE,GAAG,CAAC,IAAI,GAAG,CAAC,OAAO,EAAE,CAAC,QAAQ,EAAE,CAAC,QAAQ,CAAC,CAAC,EAAE,GAAG,CAAC,EAAE,CAAA;aAC3I;SACF;IACH,CAAC;IAED,UAAU;QACR,iBAAiB;QACjB,OAAO,CAAC,GAAG,CAAC,OAAO,EAAE,IAAI,CAAC,MAAM,CAAC,CAAA;QACjC,MAAM,CAAC,IAAI,EAAE,CAAA;IACf,CAAC;IAED;;YACE,MAAM;;YAAN,MAAM,CA2FL,KAAK,CAAC,MAAM;YA3Fb,MAAM,CA4FL,MAAM,CAAC,MAAM;YA5Fd,MAAM,CA6FL,OAAO,CAAC,EAAE;;;YA5FT,IAAI,QAAC,IAAI,CAAC,IAAI,KAAK,KAAK,CAAC,CAAC,iHAA6B,CAAC,gHAA6B;;YAArF,IAAI,CACD,QAAQ,CAAC,EAAE;YADd,IAAI,CAED,UAAU,CAAC,UAAU,CAAC,IAAI;YAF7B,IAAI,CAGD,MAAM,CAAC,EAAE,MAAM,EAAE,EAAE,EAAE;;QAHxB,IAAI;;YAKJ,SAAS;YACT,GAAG;;YADH,SAAS;YACT,GAAG,CAWF,KAAK,CAAC,MAAM;YAZb,SAAS;YACT,GAAG,CAYF,MAAM,CAAC,EAAE,MAAM,EAAE,EAAE,EAAE;;;YAXpB,IAAI;;YAAJ,IAAI,CACD,QAAQ,CAAC,EAAE;;QADd,IAAI;;YAGJ,MAAM,iBAAC,IAAI,CAAC,MAAM,CAAC,IAAI;;YAAvB,MAAM,CACH,IAAI,CAAC,UAAU,CAAC,MAAM;YADzB,MAAM,CAEH,MAAM,CAAC,EAAE,IAAI,EAAE,EAAE,EAAE;YAFtB,MAAM,CAGH,OAAO,CAAC,GAAG,EAAE;gBACZ,IAAI,CAAC,iBAAiB,GAAG,IAAI,CAAA;YAC/B,CAAC;;QALH,MAAM;QALR,SAAS;QACT,GAAG;;;YAcH,IAAI,IAAI,CAAC,iBAAiB,EAAE;;;wBAC1B,UAAU,QAAC;4BACT,KAAK,EAAE,IAAI,IAAI,CAAC,YAAY,CAAC;4BAC7B,GAAG,EAAE,IAAI,IAAI,CAAC,YAAY,CAAC;4BAC3B,QAAQ,EAAE,IAAI,IAAI,CAAC,IAAI,CAAC,MAAM,CAAC,IAAI,CAAC;yBACrC;;wBAJD,UAAU,CAKP,QAAQ,CAAC,CAAC,KAAK,EAAE,+BAA+B,EAAE,EAAE;4BACnD,IAAI,CAAC,MAAM,CAAC,IAAI,GAAG,GAAG,KAAK,CAAC,IAAI,IAAI,KAAK,CAAC,KAAK,CAAC,QAAQ,EAAE,CAAC,QAAQ,CAAC,CAAC,EAAE,GAAG,CAAC,IAAI,KAAK,CAAC,GAAG,CAAC,QAAQ,EAAE,CAAC,QAAQ,CAAC,CAAC,EAAE,GAAG,CAAC,EAAE,CAAA;4BACtH,IAAI,CAAC,iBAAiB,GAAG,KAAK,CAAA;wBAChC,CAAC;;oBARH,UAAU;;aASX;YAED,SAAS;;;;aAFR;;;;YAED,SAAS;YACT,GAAG;;YADH,SAAS;YACT,GAAG,CAaF,KAAK,CAAC,MAAM;YAdb,SAAS;YACT,GAAG,CAcF,MAAM,CAAC,EAAE,MAAM,EAAE,EAAE,EAAE;;;YAbpB,IAAI;;YAAJ,IAAI,CACD,QAAQ,CAAC,EAAE;;QADd,IAAI;;YAGJ,SAAS,QAAC,EAAE,WAAW,EAAE,UAAU,EAAE,IAAI,EAAE,IAAI,CAAC,MAAM,CAAC,UAAU,CAAC,QAAQ,EAAE,EAAE;;YAA9E,SAAS,CACN,IAAI,CAAC,SAAS,CAAC,MAAM;YADxB,SAAS,CAEN,KAAK,CAAC,KAAK;YAFd,SAAS,CAGN,MAAM,CAAC,EAAE;YAHZ,SAAS,CAIN,MAAM,CAAC,EAAE,IAAI,EAAE,EAAE,EAAE;YAJtB,SAAS,CAKN,QAAQ,CAAC,CAAC,KAAK,EAAE,MAAM,EAAE,EAAE;gBAC1B,IAAI,CAAC,MAAM,CAAC,UAAU,GAAG,UAAU,CAAC,KAAK,CAAC,IAAI,CAAC,CAAA;YACjD,CAAC;;QAZL,SAAS;QACT,GAAG;;YAgBH,SAAS;YACT,MAAM;;YADN,SAAS;YACT,MAAM,CA+BL,KAAK,CAAC,MAAM;YAhCb,SAAS;YACT,MAAM,CAgCL,MAAM,CAAC,EAAE,MAAM,EAAE,EAAE,EAAE;;;YA/BpB,IAAI;;YAAJ,IAAI,CACD,QAAQ,CAAC,EAAE;YADd,IAAI,CAED,MAAM,CAAC,EAAE,MAAM,EAAE,EAAE,EAAE;;QAFxB,IAAI;;YAIJ,GAAG;;;;YACD,KAAK,QAAC,EAAE,KAAK,EAAE,IAAI,EAAE,KAAK,EAAE,SAAS,EAAE;;YAAvC,KAAK,CACF,OAAO,CAAC,IAAI,CAAC,MAAM,CAAC,OAAO,KAAK,IAAI;YADvC,KAAK,CAEF,QAAQ,CAAC,CAAC,OAAO,EAAE,OAAO,EAAE,EAAE;gBAC7B,IAAI,OAAO;oBAAE,IAAI,CAAC,MAAM,CAAC,OAAO,GAAG,IAAI,CAAA;YACzC,CAAC;;;YACH,IAAI,QAAC,IAAI;;YAAT,IAAI,CACD,MAAM,CAAC,EAAE,IAAI,EAAE,CAAC,EAAE,KAAK,EAAE,EAAE,EAAE;;QADhC,IAAI;;YAGJ,KAAK,QAAC,EAAE,KAAK,EAAE,IAAI,EAAE,KAAK,EAAE,SAAS,EAAE;;YAAvC,KAAK,CACF,OAAO,CAAC,IAAI,CAAC,MAAM,CAAC,OAAO,KAAK,IAAI;YADvC,KAAK,CAEF,QAAQ,CAAC,CAAC,OAAO,EAAE,OAAO,EAAE,EAAE;gBAC7B,IAAI,OAAO;oBAAE,IAAI,CAAC,MAAM,CAAC,OAAO,GAAG,IAAI,CAAA;YACzC,CAAC;;;YACH,IAAI,QAAC,IAAI;;YAAT,IAAI,CACD,MAAM,CAAC,EAAE,IAAI,EAAE,CAAC,EAAE,KAAK,EAAE,EAAE,EAAE;;QADhC,IAAI;;YAGJ,KAAK,QAAC,EAAE,KAAK,EAAE,IAAI,EAAE,KAAK,EAAE,SAAS,EAAE;;YAAvC,KAAK,CACF,OAAO,CAAC,IAAI,CAAC,MAAM,CAAC,OAAO,KAAK,IAAI;YADvC,KAAK,CAEF,QAAQ,CAAC,CAAC,OAAO,EAAE,OAAO,EAAE,EAAE;gBAC7B,IAAI,OAAO;oBAAE,IAAI,CAAC,MAAM,CAAC,OAAO,GAAG,IAAI,CAAA;YACzC,CAAC;;;YACH,IAAI,QAAC,IAAI;;YAAT,IAAI,CACD,MAAM,CAAC,EAAE,IAAI,EAAE,CAAC,EAAE;;QADrB,IAAI;QAtBN,GAAG;QANL,SAAS;QACT,MAAM;;YAkCN,MAAM;;YAAN,MAAM,CACH,KAAK,CAAC,KAAK;YADd,MAAM,CAEH,MAAM,CAAC,EAAE;YAFZ,MAAM,CAGH,QAAQ,CAAC,EAAE;YAHd,MAAM,CAIH,OAAO,CAAC,GAAG,EAAE,CAAC,IAAI,CAAC,UAAU,EAAE;;QAJlC,MAAM;QArFR,MAAM;KA8FP",
    "entry-package-info": "entry|1.0.0"
  },
  "entry|entry|1.0.0|src/main/ets/pages/health/sleep/SleepIndex.ts": {
    "version": 3,
    "file": "SleepIndex.ets",
    "sourceRoot": "",
    "sources": [
      "entry/src/main/ets/pages/health/sleep/SleepIndex.ets"
    ],
    "names": [],
    "mappings": ";;;;IAOS,YAAY,GAAE,WAAW,EAAE;IAC3B,YAAY,GAAE,OAAO;;cARrB,WAAW,QAAQ,eAAe;OACpC,MAAM;OACN,YAAY;AAInB,MAAM,OAAQ,UAAU;IAFxB;;;;;2DAGuC,EAAE;2DACR,KAAK;;;KANO;;;;;;;;;;;;;;;;;;;;;IAK3C,iDAAqB,WAAW,EAAE,EAAK;QAAhC,YAAY;;;QAAZ,YAAY,WAAE,WAAW,EAAE;;;IAClC,iDAAqB,OAAO,EAAQ;QAA7B,YAAY;;;QAAZ,YAAY,WAAE,OAAO;;;IAE5B,aAAa;QACX,IAAI,CAAC,gBAAgB,EAAE,CAAA;IACzB,CAAC;IAED,gBAAgB;QACd,aAAa;QACb,IAAI,CAAC,YAAY,GAAG;YAClB,EAAE,EAAE,EAAE,GAAG,EAAE,IAAI,EAAE,YAAY,EAAE,UAAU,EAAE,GAAG,EAAE,OAAO,EAAE,IAAI,EAAE;YAC/D,EAAE,EAAE,EAAE,GAAG,EAAE,IAAI,EAAE,YAAY,EAAE,UAAU,EAAE,CAAC,EAAE,OAAO,EAAE,IAAI,EAAE;YAC7D,EAAE,EAAE,EAAE,GAAG,EAAE,IAAI,EAAE,YAAY,EAAE,UAAU,EAAE,CAAC,EAAE,OAAO,EAAE,IAAI,EAAE;SAC9D,CAAA;QACD,IAAI,CAAC,YAAY,GAAG,KAAK,CAAA;IAC3B,CAAC;IAED,YAAY,CAAC,EAAE,EAAE,MAAM;QACrB,YAAY,CAAC,UAAU,CAAC;YACtB,KAAK,iHAAyB;YAC9B,OAAO,iHAAiC;YACxC,OAAO,EAAE;gBACP,EAAE,IAAI,iHAAyB,EAAE,KAAK,EAAE,SAAS,EAAE;gBACnD,EAAE,IAAI,iHAAyB,EAAE,KAAK,EAAE,SAAS,EAAE;aACpD;SACF,CAAC,CAAC,IAAI,CAAC,MAAM,CAAC,EAAE;YACf,IAAI,MAAM,CAAC,KAAK,KAAK,CAAC,EAAE;gBACtB,SAAS;gBACT,IAAI,CAAC,YAAY,GAAG,IAAI,CAAC,YAAY,CAAC,MAAM,CAAC,MAAM,CAAC,EAAE,CAAC,MAAM,CAAC,EAAE,KAAK,EAAE,CAAC,CAAA;aACzE;QACH,CAAC,CAAC,CAAA;IACJ,CAAC;IAED;;YACE,MAAM;;YAAN,MAAM,CAyEL,KAAK,CAAC,MAAM;YAzEb,MAAM,CA0EL,MAAM,CAAC,MAAM;YA1Ed,MAAM,CA2EL,OAAO,CAAC,EAAE;;;YA1ET,GAAG;;YAAH,GAAG,CAaF,KAAK,CAAC,MAAM;YAbb,GAAG,CAcF,OAAO,CAAC,EAAE;;;YAbT,IAAI;;YAAJ,IAAI,CACD,QAAQ,CAAC,EAAE;YADd,IAAI,CAED,UAAU,CAAC,UAAU,CAAC,IAAI;;QAF7B,IAAI;;YAIJ,KAAK;;;QAAL,KAAK;;YAEL,MAAM;;YAAN,MAAM,CACH,IAAI,CAAC,UAAU,CAAC,MAAM;YADzB,MAAM,CAEH,OAAO,CAAC,GAAG,EAAE;gBACZ,MAAM,CAAC,IAAI,CAAC,EAAE,GAAG,EAAE,iCAAiC,EAAE,MAAM,EAAE,EAAE,IAAI,EAAE,KAAK,EAAE,EAAE,CAAC,CAAA;YAClF,CAAC;;QAJH,MAAM;QAPR,GAAG;;YAgBH,IAAI,QAAC,EAAE,KAAK,EAAE,EAAE,EAAE;;YAAlB,IAAI,CAqDH,YAAY,CAAC,CAAC;YArDf,IAAI,CAsDH,OAAO,CAAC,EAAE,WAAW,EAAE,CAAC,EAAE,KAAK,EAAE,SAAS,EAAE;;;YArD3C,OAAO;;;;;;;;4BACL,QAAQ;;;;;;;;;;;4BACN,MAAM;;4BAAN,MAAM,CA4CL,KAAK,CAAC,MAAM;4BA5Cb,MAAM,CA6CL,OAAO,CAAC,EAAE;4BA7CX,MAAM,CA8CL,YAAY,CAAC,EAAE;;;4BA7Cd,GAAG;;;;4BACD,IAAI,QAAC,IAAI,CAAC,IAAI;;4BAAd,IAAI,CACD,QAAQ,CAAC,EAAE;4BADd,IAAI,CAED,UAAU,CAAC,UAAU,CAAC,IAAI;;wBAF7B,IAAI;;4BAIJ,KAAK;;;wBAAL,KAAK;;4BAEL,IAAI,QAAC,GAAG,IAAI,CAAC,UAAU,IAAI;;4BAA3B,IAAI,CACD,QAAQ,CAAC,EAAE;;wBADd,IAAI;wBAPN,GAAG;;4BAWH,GAAG;;;;4BACD,IAAI,QAAC,kHAAiC,KAAK,IAAI,CAAC,OAAO,EAAE;;4BAAzD,IAAI,CACD,QAAQ,CAAC,EAAE;4BADd,IAAI,CAED,SAAS,CAAC,SAAS;;wBAFtB,IAAI;;4BAIJ,KAAK;;;wBAAL,KAAK;;4BAEL,GAAG;;;;4BACD,MAAM;;4BAAN,MAAM,CACH,IAAI,CAAC,UAAU,CAAC,MAAM;4BADzB,MAAM,CAEH,MAAM,CAAC,EAAE;4BAFZ,MAAM,CAGH,QAAQ,CAAC,EAAE;4BAHd,MAAM,CAIH,OAAO,CAAC,GAAG,EAAE;gCACZ,MAAM,CAAC,IAAI,CAAC;oCACV,GAAG,EAAE,iCAAiC;oCACtC,MAAM,EAAE;wCACN,IAAI,EAAE,MAAM;wCACZ,MAAM,EAAE,IAAI,CAAC,SAAS,CAAC,IAAI,CAAC;qCAC7B;iCACF,CAAC,CAAA;4BACJ,CAAC;;wBAZH,MAAM;;4BAcN,MAAM;;4BAAN,MAAM,CACH,IAAI,CAAC,UAAU,CAAC,MAAM;4BADzB,MAAM,CAEH,MAAM,CAAC,EAAE;4BAFZ,MAAM,CAGH,QAAQ,CAAC,EAAE;4BAHd,MAAM,CAIH,MAAM,CAAC,EAAE,IAAI,EAAE,EAAE,EAAE;4BAJtB,MAAM,CAKH,eAAe,CAAC,SAAS;4BAL5B,MAAM,CAMH,OAAO,CAAC,GAAG,EAAE,CAAC,IAAI,CAAC,YAAY,CAAC,IAAI,CAAC,EAAE,CAAC;;wBAN3C,MAAM;wBAfR,GAAG;wBAPL,GAAG;wBAZL,MAAM;wBADR,QAAQ;;;oBAAR,QAAQ;;;+CADF,IAAI,CAAC,YAAY;;QAAzB,OAAO;QADT,IAAI;QAjBN,MAAM;KA4EP",
    "entry-package-info": "entry|1.0.0"
  },
  "entry|entry|1.0.0|src/main/ets/pages/HealthIndex.ts": {
    "version": 3,
    "file": "HealthIndex.ets",
    "sourceRoot": "",
    "sources": [
      "entry/src/main/ets/pages/HealthIndex.ets"
    ],
    "names": [],
    "mappings": ";;;;;OAAS,MAAM;AAIf,MAAM,OAAQ,WAAW;IAFzB;;;;;;;KAFmC;;;;;;;;;;;IAKjC;;YACE,KAAK;;YAAL,KAAK,CAqDJ,KAAK,CAAC,MAAM;YArDb,KAAK,CAsDJ,MAAM,CAAC,MAAM;;;YArDZ,KAAK;;YAAL,KAAK,CACF,KAAK,CAAC,MAAM;YADf,KAAK,CAEF,MAAM,CAAC,MAAM;YAFhB,KAAK,CAGF,SAAS,CAAC,QAAQ,CAAC,KAAK;;;YAE3B,MAAM;;YAAN,MAAM,CA0CL,KAAK,CAAC,MAAM;YA1Cb,MAAM,CA2CL,MAAM,CAAC,MAAM;YA3Cd,MAAM,CA4CL,OAAO,CAAC,EAAE;;;YA3CT,IAAI;;YAAJ,IAAI,CACD,QAAQ,CAAC,EAAE;YADd,IAAI,CAED,SAAS,CAAC,SAAS;YAFtB,IAAI,CAGD,UAAU,CAAC,UAAU,CAAC,IAAI;YAH7B,IAAI,CAID,MAAM,CAAC,EAAE,GAAG,EAAE,EAAE,EAAE,MAAM,EAAE,EAAE,EAAE;;QAJjC,IAAI;;YAMJ,MAAM;;YAAN,MAAM,CACH,KAAK,CAAC,KAAK;YADd,MAAM,CAEH,MAAM,CAAC,EAAE;YAFZ,MAAM,CAGH,QAAQ,CAAC,EAAE;YAHd,MAAM,CAIH,SAAS,CAAC,SAAS;YAJtB,MAAM,CAKH,eAAe,CAAC,SAAS;YAL5B,MAAM,CAMH,MAAM,CAAC,EAAE,MAAM,EAAE,EAAE,EAAE;YANxB,MAAM,CAOH,OAAO,CAAC,GAAG,EAAE;gBACZ,MAAM,CAAC,IAAI,CAAC,EAAE,GAAG,EAAE,+BAA+B,EAAE,CAAC,CAAA;YACvD,CAAC;;QATH,MAAM;;YAWN,MAAM;;YAAN,MAAM,CACH,KAAK,CAAC,KAAK;YADd,MAAM,CAEH,MAAM,CAAC,EAAE;YAFZ,MAAM,CAGH,QAAQ,CAAC,EAAE;YAHd,MAAM,CAIH,SAAS,CAAC,SAAS;YAJtB,MAAM,CAKH,eAAe,CAAC,SAAS;YAL5B,MAAM,CAMH,MAAM,CAAC,EAAE,MAAM,EAAE,EAAE,EAAE;YANxB,MAAM,CAOH,OAAO,CAAC,GAAG,EAAE;gBACZ,MAAM,CAAC,IAAI,CAAC,EAAE,GAAG,EAAE,mCAAmC,EAAE,CAAC,CAAA;YAC3D,CAAC;;QATH,MAAM;;YAWN,MAAM;;YAAN,MAAM,CACH,KAAK,CAAC,KAAK;YADd,MAAM,CAEH,MAAM,CAAC,EAAE;YAFZ,MAAM,CAGH,QAAQ,CAAC,EAAE;YAHd,MAAM,CAIH,SAAS,CAAC,SAAS;YAJtB,MAAM,CAKH,eAAe,CAAC,SAAS;YAL5B,MAAM,CAMH,MAAM,CAAC,EAAE,MAAM,EAAE,EAAE,EAAE;YANxB,MAAM,CAOH,OAAO,CAAC,GAAG,EAAE;gBACZ,MAAM,CAAC,IAAI,CAAC,EAAE,GAAG,EAAE,6BAA6B,EAAE,CAAC,CAAA;YACrD,CAAC;;QATH,MAAM;QA7BR,MAAM;QANR,KAAK;KAwDN",
    "entry-package-info": "entry|1.0.0"
  },
  "entry|entry|1.0.0|src/main/ets/pages/PersonalAssistant.ts": {
    "version": 3,
    "file": "PersonalAssistant.ets",
    "sourceRoot": "",
    "sources": [
      "entry/src/main/ets/pages/PersonalAssistant.ets"
    ],
    "names": [],
    "mappings": ";;;;;OAAS,MAAM;MAKR,iBAAiB;IAFxB;;;;;;;KAHmC;;;;;;;;;;;IAMjC;;YACE,sBAAsB;YACtB,MAAM;;YADN,sBAAsB;YACtB,MAAM,CAkGL,KAAK,CAAC,MAAM;YAnGb,sBAAsB;YACtB,MAAM,CAmGL,MAAM,CAAC,MAAM;YApGd,sBAAsB;YACtB,MAAM,CAoGL,OAAO,CAAC,EAAE;;;YAnGT,OAAO;YACP,IAAI,QAAC,YAAY;;YADjB,OAAO;YACP,IAAI,CACD,QAAQ,CAAC,EAAE;YAFd,OAAO;YACP,IAAI,CAED,UAAU,CAAC,UAAU,CAAC,IAAI;YAH7B,OAAO;YACP,IAAI,CAGD,MAAM,CAAC,EAAE,GAAG,EAAE,EAAE,EAAE,MAAM,EAAE,EAAE,EAAE;YAJjC,OAAO;YACP,IAAI,CAID,KAAK,CAAC,MAAM;YALf,OAAO;YACP,IAAI,CAKD,SAAS,CAAC,SAAS,CAAC,MAAM;;QAN7B,OAAO;QACP,IAAI;;YAOJ,gBAAgB;YAChB,MAAM;;YADN,gBAAgB;YAChB,MAAM,CAoBL,KAAK,CAAC,MAAM;YArBb,gBAAgB;YAChB,MAAM,CAqBL,MAAM,CAAC,KAAK;YAtBb,gBAAgB;YAChB,MAAM,CAsBL,OAAO,CAAC,EAAE;YAvBX,gBAAgB;YAChB,MAAM,CAuBL,MAAM,CAAC,EAAE,KAAK,EAAE,CAAC,EAAE,KAAK,EAAE,SAAS,EAAE;YAxBtC,gBAAgB;YAChB,MAAM,CAwBL,YAAY,CAAC,EAAE;YAzBhB,gBAAgB;YAChB,MAAM,CAyBL,MAAM,CAAC,EAAE,MAAM,EAAE,EAAE,EAAE;;;YAxBpB,IAAI,QAAC,OAAO;;YAAZ,IAAI,CACD,QAAQ,CAAC,EAAE;YADd,IAAI,CAED,UAAU,CAAC,UAAU,CAAC,IAAI;YAF7B,IAAI,CAGD,eAAe,CAAC,SAAS;YAH5B,IAAI,CAID,KAAK,CAAC,MAAM;YAJf,IAAI,CAKD,OAAO,CAAC,EAAE;YALb,IAAI,CAMD,SAAS,CAAC,SAAS,CAAC,MAAM;YAN7B,IAAI,CAOD,YAAY,CAAC,EAAE;;QAPlB,IAAI;;YASJ,IAAI,QAAC,0CAA0C;;YAA/C,IAAI,CACD,QAAQ,CAAC,EAAE;YADd,IAAI,CAED,MAAM,CAAC,EAAE,GAAG,EAAE,EAAE,EAAE,MAAM,EAAE,EAAE,EAAE;YAFjC,IAAI,CAGD,SAAS,CAAC,SAAS,CAAC,MAAM;;QAH7B,IAAI;;YAKJ,IAAI,QAAC,wDAAwD;;YAA7D,IAAI,CACD,QAAQ,CAAC,EAAE;YADd,IAAI,CAED,OAAO,CAAC,GAAG;YAFd,IAAI,CAGD,SAAS,CAAC,SAAS,CAAC,MAAM;;QAH7B,IAAI;QAhBN,gBAAgB;QAChB,MAAM;;YA2BN,gBAAgB;YAChB,MAAM;;YADN,gBAAgB;YAChB,MAAM,CAoBL,KAAK,CAAC,MAAM;YArBb,gBAAgB;YAChB,MAAM,CAqBL,MAAM,CAAC,KAAK;YAtBb,gBAAgB;YAChB,MAAM,CAsBL,OAAO,CAAC,EAAE;YAvBX,gBAAgB;YAChB,MAAM,CAuBL,MAAM,CAAC,EAAE,KAAK,EAAE,CAAC,EAAE,KAAK,EAAE,SAAS,EAAE;YAxBtC,gBAAgB;YAChB,MAAM,CAwBL,YAAY,CAAC,EAAE;YAzBhB,gBAAgB;YAChB,MAAM,CAyBL,MAAM,CAAC,EAAE,MAAM,EAAE,EAAE,EAAE;;;YAxBpB,IAAI,QAAC,MAAM;;YAAX,IAAI,CACD,QAAQ,CAAC,EAAE;YADd,IAAI,CAED,UAAU,CAAC,UAAU,CAAC,IAAI;YAF7B,IAAI,CAGD,eAAe,CAAC,SAAS;YAH5B,IAAI,CAID,KAAK,CAAC,MAAM;YAJf,IAAI,CAKD,OAAO,CAAC,EAAE;YALb,IAAI,CAMD,SAAS,CAAC,SAAS,CAAC,MAAM;YAN7B,IAAI,CAOD,YAAY,CAAC,EAAE;;QAPlB,IAAI;;YASJ,IAAI,QAAC,+BAA+B;;YAApC,IAAI,CACD,QAAQ,CAAC,EAAE;YADd,IAAI,CAED,MAAM,CAAC,EAAE,GAAG,EAAE,EAAE,EAAE,MAAM,EAAE,EAAE,EAAE;YAFjC,IAAI,CAGD,SAAS,CAAC,SAAS,CAAC,MAAM;;QAH7B,IAAI;;YAKJ,IAAI,QAAC,4EAA4E;;YAAjF,IAAI,CACD,QAAQ,CAAC,EAAE;YADd,IAAI,CAED,OAAO,CAAC,GAAG;YAFd,IAAI,CAGD,SAAS,CAAC,SAAS,CAAC,MAAM;;QAH7B,IAAI;QAhBN,gBAAgB;QAChB,MAAM;;YA2BN,gBAAgB;YAChB,MAAM;;YADN,gBAAgB;YAChB,MAAM,CA0BL,KAAK,CAAC,MAAM;YA3Bb,gBAAgB;YAChB,MAAM,CA2BL,MAAM,CAAC,KAAK;YA5Bb,gBAAgB;YAChB,MAAM,CA4BL,OAAO,CAAC,EAAE;YA7BX,gBAAgB;YAChB,MAAM,CA6BL,MAAM,CAAC,EAAE,KAAK,EAAE,CAAC,EAAE,KAAK,EAAE,SAAS,EAAE;YA9BtC,gBAAgB;YAChB,MAAM,CA8BL,YAAY,CAAC,EAAE;;;YA7Bd,IAAI,QAAC,QAAQ;;YAAb,IAAI,CACD,QAAQ,CAAC,EAAE;YADd,IAAI,CAED,UAAU,CAAC,UAAU,CAAC,IAAI;YAF7B,IAAI,CAGD,eAAe,CAAC,SAAS;YAH5B,IAAI,CAID,KAAK,CAAC,MAAM;YAJf,IAAI,CAKD,OAAO,CAAC,EAAE;YALb,IAAI,CAMD,SAAS,CAAC,SAAS,CAAC,MAAM;YAN7B,IAAI,CAOD,YAAY,CAAC,EAAE;YAPlB,IAAI,CAQD,OAAO,CAAC,GAAG,EAAE;gBACV,UAAU,CAAC,GAAG,EAAE;oBACd,MAAM,CAAC,OAAO,CAAC;wBACb,GAAG,EAAE,mBAAmB;qBACzB,EAAE,MAAM,CAAC,UAAU,CAAC,QAAQ,CAAC,CAAC;gBACjC,CAAC,EAAE,GAAG,CAAC,CAAC;YACZ,CAAC;;QAdH,IAAI;;YAeJ,IAAI,QAAC,iCAAiC;;YAAtC,IAAI,CACD,QAAQ,CAAC,EAAE;YADd,IAAI,CAED,MAAM,CAAC,EAAE,GAAG,EAAE,EAAE,EAAE,MAAM,EAAE,EAAE,EAAE;YAFjC,IAAI,CAGD,SAAS,CAAC,SAAS,CAAC,MAAM;;QAH7B,IAAI;;YAKJ,IAAI,QAAC,+CAA+C;;YAApD,IAAI,CACD,QAAQ,CAAC,EAAE;YADd,IAAI,CAED,OAAO,CAAC,GAAG;YAFd,IAAI,CAGD,SAAS,CAAC,SAAS,CAAC,MAAM;;QAH7B,IAAI;QAtBN,gBAAgB;QAChB,MAAM;QAnER,sBAAsB;QACtB,MAAM;KAqGP",
    "entry-package-info": "entry|1.0.0"
  }
}