[{"time":"2025-07-03T09:23:41.012Z","category":"etsTransform","level":"warn","msg":"\u001b[33mArkTS:WARN File: D:/Harmony/devecopyjectui/project/entry/src/main/ets/pages/HealthIndex.ets:3:1\n It's not a recommended way to export struct with '@Entry' decorator, which may cause ACE Engine error in component preview mode.\u001b[39m","type":"plugin_log"},{"time":"2025-07-03T09:23:41.035Z","category":"etsTransform","level":"warn","msg":"\u001b[33mArkTS:WARN File: D:/Harmony/devecopyjectui/project/entry/src/main/ets/pages/health/sleep/SleepAddEdit.ets:15:1\n It's not a recommended way to export struct with '@Entry' decorator, which may cause ACE Engine error in component preview mode.\u001b[39m","type":"plugin_log"},{"time":"2025-07-03T09:23:41.097Z","category":"etsTransform","level":"warn","msg":"\u001b[33mArkTS:WARN File: D:/Harmony/devecopyjectui/project/entry/src/main/ets/pages/health/sleep/SleepIndex.ets:5:1\n It's not a recommended way to export struct with '@Entry' decorator, which may cause ACE Engine error in component preview mode.\u001b[39m","type":"plugin_log"},{"time":"2025-07-03T09:23:41.158Z","category":"etsTransform","level":"warn","msg":"\u001b[33mArkTS:WARN File: D:/Harmony/devecopyjectui/project/entry/src/main/ets/pages/health/fitness/FitnessIndex.ets:7:1\n It's not a recommended way to export struct with '@Entry' decorator, which may cause ACE Engine error in component preview mode.\u001b[39m","type":"plugin_log"},{"time":"2025-07-03T09:23:41.213Z","category":"etsTransform","level":"warn","msg":"\u001b[33mArkTS:WARN File: D:/Harmony/devecopyjectui/project/entry/src/main/ets/pages/health/fitness/FitnessAddEdit.ets:18:1\n It's not a recommended way to export struct with '@Entry' decorator, which may cause ACE Engine error in component preview mode.\u001b[39m","type":"plugin_log"},{"time":"2025-07-03T09:23:41.289Z","category":"etsTransform","level":"warn","msg":"\u001b[33mArkTS:WARN File: D:/Harmony/devecopyjectui/project/entry/src/main/ets/pages/health/mood/MoodIndex.ets:5:1\n It's not a recommended way to export struct with '@Entry' decorator, which may cause ACE Engine error in component preview mode.\u001b[39m","type":"plugin_log"},{"time":"2025-07-03T09:23:41.337Z","category":"etsTransform","level":"warn","msg":"\u001b[33mArkTS:WARN File: D:/Harmony/devecopyjectui/project/entry/src/main/ets/pages/health/mood/MoodAddEdit.ets:20:1\n It's not a recommended way to export struct with '@Entry' decorator, which may cause ACE Engine error in component preview mode.\u001b[39m","type":"plugin_log"}]