{"deviceType":"phone,tablet,2in1,wearable","buildMode":"debug","note":"false","logLevel":"3","isPreview":"true","port":"29901","localPropertiesPath":"D:\\devecopyject\\project\\local.properties","Path":"D:\\devstudio\\DevEco Studio\\tools\\node\\","aceProfilePath":"D:\\devecopyject\\project\\entry\\.preview\\default\\intermediates\\res\\default\\resources\\base\\profile","hapMode":"false","img2bin":"true","projectProfilePath":"D:\\devecopyject\\project\\build-profile.json5","watchMode":"true","appResource":"D:\\devecopyject\\project\\entry\\.preview\\default\\intermediates\\res\\default\\ResourceTable.txt","aceBuildJson":"D:\\devecopyject\\project\\entry\\.preview\\default\\intermediates\\loader\\default\\loader.json","aceModuleRoot":"D:\\devecopyject\\project\\entry\\src\\main\\ets","aceSoPath":"D:\\devecopyject\\project\\entry\\.preview\\cache\\nativeDependencies.txt","cachePath":"D:\\devecopyject\\project\\entry\\.preview\\cache\\.default","aceModuleBuild":"D:\\devecopyject\\project\\entry\\.preview\\default\\intermediates\\assets\\default\\ets","aceModuleJsonPath":"D:\\devecopyject\\project\\entry\\.preview\\default\\intermediates\\res\\default\\module.json","stageRouterConfig":{"paths":["D:\\devecopyject\\project\\entry\\.preview\\default\\intermediates\\res\\default\\module.json","D:\\devecopyject\\project\\entry\\.preview\\default\\intermediates\\res\\default\\resources\\base\\profile\\main_pages.json"],"contents":["{\"module\":{\"pages\":\"$profile:main_pages\",\"name\":\"entry\"}}","{\"src\":[\"pages/HealthMainPage\"]}"]}}