{
  "version": "2.0",
  "ppid": 27556,
  "events": [
    {
      "head": {
        "id": "a7f8ad05-76b5-499f-8a78-9a6392aec247",
        "name": "hvigor build process will be closed.",
        "description": "",
        "type": "log"
      },
      "body": {
        "pid": 36824,
        "tid": "Main Thread",
        "startTime": 64477129181400
      },
      "additional": {
        "logType": "debug",
        "children": []
      }
    },
    {
      "head": {
        "id": "214b5d5b-6c8c-4c8e-bfea-07be9d6753a8",
        "name": "worker[13] exits with exit code 1.",
        "description": "",
        "type": "log"
      },
      "body": {
        "pid": 36824,
        "tid": "Main Thread",
        "startTime": 64477138507300
      },
      "additional": {
        "logType": "debug",
        "children": []
      }
    },
    {
      "head": {
        "id": "7acadeed-d65c-4e8a-98fb-1e75368143a4",
        "name": "worker[14] exits with exit code 1.",
        "description": "",
        "type": "log"
      },
      "body": {
        "pid": 36824,
        "tid": "Main Thread",
        "startTime": 64477139519900
      },
      "additional": {
        "logType": "debug",
        "children": []
      }
    },
    {
      "head": {
        "id": "f84264a4-4521-4ad7-92c1-191de27af5de",
        "name": "watch worker: worker id should be larger than 0. Nothing will be sent to any worker thread.",
        "description": "",
        "type": "log"
      },
      "body": {
        "pid": 36824,
        "tid": "Main Thread",
        "startTime": 64477142757700
      },
      "additional": {
        "logType": "debug",
        "children": []
      }
    },
    {
      "head": {
        "id": "8ca6ccab-71c2-413f-a98f-fb21c53daab5",
        "name": "watch worker: worker id should be larger than 0. Nothing will be sent to any worker thread.",
        "description": "",
        "type": "log"
      },
      "body": {
        "pid": 36824,
        "tid": "Main Thread",
        "startTime": 64477144921900
      },
      "additional": {
        "logType": "debug",
        "children": []
      }
    },
    {
      "head": {
        "id": "527c902f-cda7-4ae9-8f53-ce2771f51dab",
        "name": "watch worker: worker id should be larger than 0. Nothing will be sent to any worker thread.",
        "description": "",
        "type": "log"
      },
      "body": {
        "pid": 36824,
        "tid": "Main Thread",
        "startTime": 64652369536000
      },
      "additional": {
        "logType": "debug",
        "children": []
      }
    },
    {
      "head": {
        "id": "c34b346a-5c17-4601-98ce-e735cebcfb8d",
        "name": "init",
        "description": "Initialize and build task graph.",
        "type": "duration"
      },
      "body": {
        "pid": 36824,
        "tid": "Main Thread",
        "startTime": 64652377384400,
        "endTime": 64652526645200
      },
      "additional": {
        "children": [
          "11ebf445-fb8a-4619-b1f5-d5abe4a921d6",
          "58290467-b8cb-4dcb-9736-c9062ba431a5",
          "3090da24-ac9a-4d2b-a578-b37120bd4819",
          "89cbb31a-c98c-40ec-8bbb-20cce12c0401",
          "92ca3778-a6d9-4a7b-b815-033cde5c6eae",
          "75455d7e-e3fd-46fa-9532-ffcfe92d998e",
          "cb817227-b144-4e1b-aa30-bc7cac2cf9e8"
        ],
        "state": "success",
        "targetName": "",
        "moduleName": "",
        "category": "Init",
        "taskRunReasons": [],
        "logId": "83bf7525-e438-436f-bccd-4fb276953215"
      },
      "log": {
        "_logger": {
          "category": "DurationEvent",
          "context": {},
          "callStackSkipIndex": 0
        },
        "_filelogger": {
          "category": "debug-file",
          "context": {},
          "callStackSkipIndex": 0
        },
        "anonymizeFileLogger": {
          "fileLogger": {
            "category": "debug-file",
            "context": {},
            "callStackSkipIndex": 0
          }
        }
      }
    },
    {
      "head": {
        "id": "11ebf445-fb8a-4619-b1f5-d5abe4a921d6",
        "name": "create hvigor project model",
        "description": "Initialize hvigor project model.",
        "type": "duration"
      },
      "body": {
        "pid": 36824,
        "tid": "Main Thread",
        "startTime": 64652377386100,
        "endTime": 64652391973300
      },
      "additional": {
        "children": [],
        "state": "success",
        "targetName": "",
        "moduleName": "",
        "category": "",
        "taskRunReasons": [],
        "parent": "c34b346a-5c17-4601-98ce-e735cebcfb8d",
        "logId": "e0309b39-53f3-48bd-ad34-eaa973f07e74"
      },
      "log": {
        "_logger": {
          "category": "DurationEvent",
          "context": {},
          "callStackSkipIndex": 0
        },
        "_filelogger": {
          "category": "debug-file",
          "context": {},
          "callStackSkipIndex": 0
        },
        "anonymizeFileLogger": {
          "fileLogger": {
            "category": "debug-file",
            "context": {},
            "callStackSkipIndex": 0
          }
        }
      }
    },
    {
      "head": {
        "id": "58290467-b8cb-4dcb-9736-c9062ba431a5",
        "name": "configure hvigor plugin",
        "description": "Configure hvigor plugin.",
        "type": "duration"
      },
      "body": {
        "pid": 36824,
        "tid": "Main Thread",
        "startTime": 64652391993800,
        "endTime": 64652525611500
      },
      "additional": {
        "children": [
          "a267d715-40f3-464b-90e6-dd26e9c183f0",
          "65e45c05-0e19-480e-aa69-089928852069",
          "3c7b45ab-a2ce-49a8-8286-eaa46ff7bc63",
          "c5c621aa-79c3-4c70-9df9-7ff9aaa9caa5",
          "77d85c43-6778-4ba1-9b6e-cf841e4b92f1",
          "768e3fc7-798b-4f3b-a57a-28a46a8af347",
          "89e49466-e44f-4ccd-9b1a-2fba8886fc92",
          "09b82556-394d-4a9e-aee0-050f368f3919",
          "9ea494fc-9218-4173-9b29-e4518f6b4692"
        ],
        "state": "success",
        "targetName": "",
        "moduleName": "",
        "category": "",
        "taskRunReasons": [],
        "parent": "c34b346a-5c17-4601-98ce-e735cebcfb8d",
        "logId": "77b6a066-fd5e-4caf-9575-85f1c646f39e"
      },
      "log": {
        "_logger": {
          "category": "DurationEvent",
          "context": {},
          "callStackSkipIndex": 0
        },
        "_filelogger": {
          "category": "debug-file",
          "context": {},
          "callStackSkipIndex": 0
        },
        "anonymizeFileLogger": {
          "fileLogger": {
            "category": "debug-file",
            "context": {},
            "callStackSkipIndex": 0
          }
        }
      }
    },
    {
      "head": {
        "id": "3090da24-ac9a-4d2b-a578-b37120bd4819",
        "name": "build task graph",
        "description": "Build task graph.",
        "type": "duration"
      },
      "body": {
        "pid": 36824,
        "tid": "Main Thread",
        "startTime": 64652525634500,
        "endTime": 64652526628700
      },
      "additional": {
        "children": [],
        "state": "success",
        "targetName": "",
        "moduleName": "",
        "category": "",
        "taskRunReasons": [],
        "parent": "c34b346a-5c17-4601-98ce-e735cebcfb8d",
        "logId": "500ab5f4-a379-45cd-ba1e-1b3256e231e1"
      },
      "log": {
        "_logger": {
          "category": "DurationEvent",
          "context": {},
          "callStackSkipIndex": 0
        },
        "_filelogger": {
          "category": "debug-file",
          "context": {},
          "callStackSkipIndex": 0
        },
        "anonymizeFileLogger": {
          "fileLogger": {
            "category": "debug-file",
            "context": {},
            "callStackSkipIndex": 0
          }
        }
      }
    },
    {
      "head": {
        "id": "89cbb31a-c98c-40ec-8bbb-20cce12c0401",
        "name": "init task execution option",
        "description": "Init task execution option.",
        "type": "duration"
      },
      "body": {
        "pid": 36824,
        "tid": "Main Thread",
        "startTime": 64652526633000,
        "endTime": 64652526638600
      },
      "additional": {
        "children": [],
        "state": "success",
        "targetName": "",
        "moduleName": "",
        "category": "",
        "taskRunReasons": [],
        "parent": "c34b346a-5c17-4601-98ce-e735cebcfb8d",
        "logId": "ec21a30f-8aef-42a0-8d80-84e0df54a33d"
      },
      "log": {
        "_logger": {
          "category": "DurationEvent",
          "context": {},
          "callStackSkipIndex": 0
        },
        "_filelogger": {
          "category": "debug-file",
          "context": {},
          "callStackSkipIndex": 0
        },
        "anonymizeFileLogger": {
          "fileLogger": {
            "category": "debug-file",
            "context": {},
            "callStackSkipIndex": 0
          }
        }
      }
    },
    {
      "head": {
        "id": "92ca3778-a6d9-4a7b-b815-033cde5c6eae",
        "name": "\"configEvaluated\" hook function",
        "description": "",
        "type": "duration"
      },
      "body": {
        "pid": 36824,
        "tid": "Main Thread",
        "startTime": 64652380503900,
        "endTime": 64652380550500
      },
      "additional": {
        "children": [],
        "state": "success",
        "targetName": "",
        "moduleName": "",
        "category": "",
        "taskRunReasons": [],
        "parent": "c34b346a-5c17-4601-98ce-e735cebcfb8d",
        "logId": "2db3c05b-085e-4775-bef4-0a95b8479258"
      },
      "log": {
        "_logger": {
          "category": "DurationEvent",
          "context": {},
          "callStackSkipIndex": 0
        },
        "_filelogger": {
          "category": "debug-file",
          "context": {},
          "callStackSkipIndex": 0
        },
        "anonymizeFileLogger": {
          "fileLogger": {
            "category": "debug-file",
            "context": {},
            "callStackSkipIndex": 0
          }
        }
      }
    },
    {
      "head": {
        "id": "2db3c05b-085e-4775-bef4-0a95b8479258",
        "name": "\"configEvaluated\" hook function",
        "description": "",
        "type": "log"
      },
      "body": {
        "pid": 36824,
        "tid": "Main Thread",
        "startTime": 64652380503900,
        "endTime": 64652380550500
      },
      "additional": {
        "logType": "info",
        "children": [],
        "durationId": "92ca3778-a6d9-4a7b-b815-033cde5c6eae",
        "parent": "83bf7525-e438-436f-bccd-4fb276953215"
      }
    },
    {
      "head": {
        "id": "75455d7e-e3fd-46fa-9532-ffcfe92d998e",
        "name": "\"nodesInitialized\" hook function",
        "description": "",
        "type": "duration"
      },
      "body": {
        "pid": 36824,
        "tid": "Main Thread",
        "startTime": 64652386076300,
        "endTime": 64652386096000
      },
      "additional": {
        "children": [],
        "state": "success",
        "targetName": "",
        "moduleName": "",
        "category": "",
        "taskRunReasons": [],
        "parent": "c34b346a-5c17-4601-98ce-e735cebcfb8d",
        "logId": "999305c8-9fab-438d-b55b-45d02b411d6d"
      },
      "log": {
        "_logger": {
          "category": "DurationEvent",
          "context": {},
          "callStackSkipIndex": 0
        },
        "_filelogger": {
          "category": "debug-file",
          "context": {},
          "callStackSkipIndex": 0
        },
        "anonymizeFileLogger": {
          "fileLogger": {
            "category": "debug-file",
            "context": {},
            "callStackSkipIndex": 0
          }
        }
      }
    },
    {
      "head": {
        "id": "999305c8-9fab-438d-b55b-45d02b411d6d",
        "name": "\"nodesInitialized\" hook function",
        "description": "",
        "type": "log"
      },
      "body": {
        "pid": 36824,
        "tid": "Main Thread",
        "startTime": 64652386076300,
        "endTime": 64652386096000
      },
      "additional": {
        "logType": "info",
        "children": [],
        "durationId": "75455d7e-e3fd-46fa-9532-ffcfe92d998e",
        "parent": "83bf7525-e438-436f-bccd-4fb276953215"
      }
    },
    {
      "head": {
        "id": "d8a16361-ffdf-4eaa-9cde-7a6baaa52c29",
        "name": "Hvigor init with startParameters:{\n  hvigorfileTypeCheck: false,\n  parallelExecution: true,\n  incrementalExecution: true,\n  printStackTrace: false,\n  daemon: true,\n  analyze: 0,\n  logLevel: Level { level: 20000, levelStr: 'INFO', colour: 'green' }\n}",
        "description": "",
        "type": "log"
      },
      "body": {
        "pid": 36824,
        "tid": "Main Thread",
        "startTime": 64652386142000
      },
      "additional": {
        "logType": "debug",
        "children": []
      }
    },
    {
      "head": {
        "id": "7d801f4f-20a0-438d-9989-1f5420aad30e",
        "name": "Cache service initialization finished in 6 ms ",
        "description": "",
        "type": "log"
      },
      "body": {
        "pid": 36824,
        "tid": "Main Thread",
        "startTime": 64652391778000
      },
      "additional": {
        "logType": "debug",
        "children": []
      }
    },
    {
      "head": {
        "id": "e0309b39-53f3-48bd-ad34-eaa973f07e74",
        "name": "create hvigor project model",
        "description": "",
        "type": "log"
      },
      "body": {
        "pid": 36824,
        "tid": "Main Thread",
        "startTime": 64652377386100,
        "endTime": 64652391973300
      },
      "additional": {
        "logType": "info",
        "children": [],
        "durationId": "11ebf445-fb8a-4619-b1f5-d5abe4a921d6",
        "parent": "83bf7525-e438-436f-bccd-4fb276953215"
      }
    },
    {
      "head": {
        "id": "a267d715-40f3-464b-90e6-dd26e9c183f0",
        "name": "init configuration",
        "description": "Initialize configuration.",
        "type": "duration"
      },
      "body": {
        "pid": 36824,
        "tid": "Main Thread",
        "startTime": 64652397607600,
        "endTime": 64652397613400
      },
      "additional": {
        "children": [],
        "state": "success",
        "targetName": "",
        "moduleName": "",
        "category": "",
        "taskRunReasons": [],
        "parent": "58290467-b8cb-4dcb-9736-c9062ba431a5",
        "logId": "a62ccb3d-f987-406b-b02c-360b37afdde9"
      },
      "log": {
        "_logger": {
          "category": "DurationEvent",
          "context": {},
          "callStackSkipIndex": 0
        },
        "_filelogger": {
          "category": "debug-file",
          "context": {},
          "callStackSkipIndex": 0
        },
        "anonymizeFileLogger": {
          "fileLogger": {
            "category": "debug-file",
            "context": {},
            "callStackSkipIndex": 0
          }
        }
      }
    },
    {
      "head": {
        "id": "65e45c05-0e19-480e-aa69-089928852069",
        "name": "configure project task",
        "description": "Configure project task.",
        "type": "duration"
      },
      "body": {
        "pid": 36824,
        "tid": "Main Thread",
        "startTime": 64652397628500,
        "endTime": 64652401084100
      },
      "additional": {
        "children": [],
        "state": "success",
        "targetName": "",
        "moduleName": "",
        "category": "",
        "taskRunReasons": [],
        "parent": "58290467-b8cb-4dcb-9736-c9062ba431a5",
        "logId": "41ef1838-2d5c-4cde-97bb-fe5f592934c8"
      },
      "log": {
        "_logger": {
          "category": "DurationEvent",
          "context": {},
          "callStackSkipIndex": 0
        },
        "_filelogger": {
          "category": "debug-file",
          "context": {},
          "callStackSkipIndex": 0
        },
        "anonymizeFileLogger": {
          "fileLogger": {
            "category": "debug-file",
            "context": {},
            "callStackSkipIndex": 0
          }
        }
      }
    },
    {
      "head": {
        "id": "3c7b45ab-a2ce-49a8-8286-eaa46ff7bc63",
        "name": "eval project",
        "description": "Evaluate project.",
        "type": "duration"
      },
      "body": {
        "pid": 36824,
        "tid": "Main Thread",
        "startTime": 64652401095300,
        "endTime": 64652480418500
      },
      "additional": {
        "children": [
          "5961fa92-7233-4a9c-8912-184f5afe2a20",
          "d0b750f8-5966-4856-bc4d-31782a7dd128",
          "1db37d3d-5e93-416f-a94e-701178a107c6"
        ],
        "state": "success",
        "targetName": "",
        "moduleName": "",
        "category": "",
        "taskRunReasons": [],
        "parent": "58290467-b8cb-4dcb-9736-c9062ba431a5",
        "logId": "61171ea8-45f6-48cc-9ae7-eccf7d2dfb7b"
      },
      "log": {
        "_logger": {
          "category": "DurationEvent",
          "context": {},
          "callStackSkipIndex": 0
        },
        "_filelogger": {
          "category": "debug-file",
          "context": {},
          "callStackSkipIndex": 0
        },
        "anonymizeFileLogger": {
          "fileLogger": {
            "category": "debug-file",
            "context": {},
            "callStackSkipIndex": 0
          }
        }
      }
    },
    {
      "head": {
        "id": "c5c621aa-79c3-4c70-9df9-7ff9aaa9caa5",
        "name": "eval modules",
        "description": "Evaluate modules.",
        "type": "duration"
      },
      "body": {
        "pid": 36824,
        "tid": "Main Thread",
        "startTime": 64652480431100,
        "endTime": 64652500112900
      },
      "additional": {
        "children": [
          "897eab17-0c9f-4f64-893e-66c4fe39fd4e"
        ],
        "state": "success",
        "targetName": "",
        "moduleName": "",
        "category": "",
        "taskRunReasons": [],
        "parent": "58290467-b8cb-4dcb-9736-c9062ba431a5",
        "logId": "8dff4277-f85a-4b04-b665-78ac30cc9b3c"
      },
      "log": {
        "_logger": {
          "category": "DurationEvent",
          "context": {},
          "callStackSkipIndex": 0
        },
        "_filelogger": {
          "category": "debug-file",
          "context": {},
          "callStackSkipIndex": 0
        },
        "anonymizeFileLogger": {
          "fileLogger": {
            "category": "debug-file",
            "context": {},
            "callStackSkipIndex": 0
          }
        }
      }
    },
    {
      "head": {
        "id": "77d85c43-6778-4ba1-9b6e-cf841e4b92f1",
        "name": "add config dependencies",
        "description": "Add configuration dependencies.",
        "type": "duration"
      },
      "body": {
        "pid": 36824,
        "tid": "Main Thread",
        "startTime": 64652500135000,
        "endTime": 64652514812800
      },
      "additional": {
        "children": [],
        "state": "success",
        "targetName": "",
        "moduleName": "",
        "category": "",
        "taskRunReasons": [],
        "parent": "58290467-b8cb-4dcb-9736-c9062ba431a5",
        "logId": "d472e3df-edee-460b-af81-155b8921010f"
      },
      "log": {
        "_logger": {
          "category": "DurationEvent",
          "context": {},
          "callStackSkipIndex": 0
        },
        "_filelogger": {
          "category": "debug-file",
          "context": {},
          "callStackSkipIndex": 0
        },
        "anonymizeFileLogger": {
          "fileLogger": {
            "category": "debug-file",
            "context": {},
            "callStackSkipIndex": 0
          }
        }
      }
    },
    {
      "head": {
        "id": "768e3fc7-798b-4f3b-a57a-28a46a8af347",
        "name": "ohpm install",
        "description": "Ohpm install event.",
        "type": "duration"
      },
      "body": {
        "pid": 36824,
        "tid": "Main Thread",
        "startTime": 64652515617300,
        "endTime": 64652516172000
      },
      "additional": {
        "children": [],
        "state": "success",
        "targetName": "",
        "moduleName": "",
        "category": "",
        "taskRunReasons": [],
        "parent": "58290467-b8cb-4dcb-9736-c9062ba431a5",
        "logId": "0f8952e0-0506-4aa1-8f7c-7c5923914d31"
      },
      "log": {
        "_logger": {
          "category": "DurationEvent",
          "context": {},
          "callStackSkipIndex": 0
        },
        "_filelogger": {
          "category": "debug-file",
          "context": {},
          "callStackSkipIndex": 0
        },
        "anonymizeFileLogger": {
          "fileLogger": {
            "category": "debug-file",
            "context": {},
            "callStackSkipIndex": 0
          }
        }
      }
    },
    {
      "head": {
        "id": "89e49466-e44f-4ccd-9b1a-2fba8886fc92",
        "name": "eval hook",
        "description": "EvaluateEvent hook.",
        "type": "duration"
      },
      "body": {
        "pid": 36824,
        "tid": "Main Thread",
        "startTime": 64652516180500,
        "endTime": 64652525484100
      },
      "additional": {
        "children": [],
        "state": "success",
        "targetName": "",
        "moduleName": "",
        "category": "",
        "taskRunReasons": [],
        "parent": "58290467-b8cb-4dcb-9736-c9062ba431a5",
        "logId": "9424be45-2d2e-4411-9a74-fd92093dc2f4"
      },
      "log": {
        "_logger": {
          "category": "DurationEvent",
          "context": {},
          "callStackSkipIndex": 0
        },
        "_filelogger": {
          "category": "debug-file",
          "context": {},
          "callStackSkipIndex": 0
        },
        "anonymizeFileLogger": {
          "fileLogger": {
            "category": "debug-file",
            "context": {},
            "callStackSkipIndex": 0
          }
        }
      }
    },
    {
      "head": {
        "id": "09b82556-394d-4a9e-aee0-050f368f3919",
        "name": "fin configuration",
        "description": "Finish configuration.",
        "type": "duration"
      },
      "body": {
        "pid": 36824,
        "tid": "Main Thread",
        "startTime": 64652525503200,
        "endTime": 64652525601900
      },
      "additional": {
        "children": [],
        "state": "success",
        "targetName": "",
        "moduleName": "",
        "category": "",
        "taskRunReasons": [],
        "parent": "58290467-b8cb-4dcb-9736-c9062ba431a5",
        "logId": "8f13b724-cbbf-45a2-b56a-dd7780f866a0"
      },
      "log": {
        "_logger": {
          "category": "DurationEvent",
          "context": {},
          "callStackSkipIndex": 0
        },
        "_filelogger": {
          "category": "debug-file",
          "context": {},
          "callStackSkipIndex": 0
        },
        "anonymizeFileLogger": {
          "fileLogger": {
            "category": "debug-file",
            "context": {},
            "callStackSkipIndex": 0
          }
        }
      }
    },
    {
      "head": {
        "id": "a62ccb3d-f987-406b-b02c-360b37afdde9",
        "name": "init configuration",
        "description": "",
        "type": "log"
      },
      "body": {
        "pid": 36824,
        "tid": "Main Thread",
        "startTime": 64652397607600,
        "endTime": 64652397613400
      },
      "additional": {
        "logType": "info",
        "children": [],
        "durationId": "a267d715-40f3-464b-90e6-dd26e9c183f0",
        "parent": "77b6a066-fd5e-4caf-9575-85f1c646f39e"
      }
    },
    {
      "head": {
        "id": "41ef1838-2d5c-4cde-97bb-fe5f592934c8",
        "name": "configure project task",
        "description": "",
        "type": "log"
      },
      "body": {
        "pid": 36824,
        "tid": "Main Thread",
        "startTime": 64652397628500,
        "endTime": 64652401084100
      },
      "additional": {
        "logType": "info",
        "children": [],
        "durationId": "65e45c05-0e19-480e-aa69-089928852069",
        "parent": "77b6a066-fd5e-4caf-9575-85f1c646f39e"
      }
    },
    {
      "head": {
        "id": "5961fa92-7233-4a9c-8912-184f5afe2a20",
        "name": "\"beforeNodeEvaluate\" hook function",
        "description": "",
        "type": "duration"
      },
      "body": {
        "pid": 36824,
        "tid": "Main Thread",
        "startTime": 64652401675800,
        "endTime": 64652401692400
      },
      "additional": {
        "children": [],
        "state": "success",
        "targetName": "",
        "moduleName": "",
        "category": "",
        "taskRunReasons": [],
        "parent": "3c7b45ab-a2ce-49a8-8286-eaa46ff7bc63",
        "logId": "dafad7d9-2b54-430c-83b7-43b82da5d70b"
      },
      "log": {
        "_logger": {
          "category": "DurationEvent",
          "context": {},
          "callStackSkipIndex": 0
        },
        "_filelogger": {
          "category": "debug-file",
          "context": {},
          "callStackSkipIndex": 0
        },
        "anonymizeFileLogger": {
          "fileLogger": {
            "category": "debug-file",
            "context": {},
            "callStackSkipIndex": 0
          }
        }
      }
    },
    {
      "head": {
        "id": "dafad7d9-2b54-430c-83b7-43b82da5d70b",
        "name": "\"beforeNodeEvaluate\" hook function",
        "description": "",
        "type": "log"
      },
      "body": {
        "pid": 36824,
        "tid": "Main Thread",
        "startTime": 64652401675800,
        "endTime": 64652401692400
      },
      "additional": {
        "logType": "info",
        "children": [],
        "durationId": "5961fa92-7233-4a9c-8912-184f5afe2a20",
        "parent": "61171ea8-45f6-48cc-9ae7-eccf7d2dfb7b"
      }
    },
    {
      "head": {
        "id": "d0b750f8-5966-4856-bc4d-31782a7dd128",
        "name": "eval hvigorfile",
        "description": "Evaluate hvigorfile.",
        "type": "duration"
      },
      "body": {
        "pid": 36824,
        "tid": "Main Thread",
        "startTime": 64652403873200,
        "endTime": 64652479749000
      },
      "additional": {
        "children": [
          "b7128d95-ec6b-4b8a-994f-2e7d10a4d90d",
          "56ed5ebf-50bf-41c8-8d73-05d85d3a4a44"
        ],
        "state": "success",
        "targetName": "",
        "moduleName": "",
        "category": "",
        "taskRunReasons": [],
        "parent": "3c7b45ab-a2ce-49a8-8286-eaa46ff7bc63",
        "logId": "93db9255-1d44-4d98-8fd0-643a891f7b78"
      },
      "log": {
        "_logger": {
          "category": "DurationEvent",
          "context": {},
          "callStackSkipIndex": 0
        },
        "_filelogger": {
          "category": "debug-file",
          "context": {},
          "callStackSkipIndex": 0
        },
        "anonymizeFileLogger": {
          "fileLogger": {
            "category": "debug-file",
            "context": {},
            "callStackSkipIndex": 0
          }
        }
      }
    },
    {
      "head": {
        "id": "b7128d95-ec6b-4b8a-994f-2e7d10a4d90d",
        "name": "require hvigorfile",
        "description": "Require hvigorfile.",
        "type": "duration"
      },
      "body": {
        "pid": 36824,
        "tid": "Main Thread",
        "startTime": 64652403874400,
        "endTime": 64652408059600
      },
      "additional": {
        "children": [],
        "state": "success",
        "targetName": "",
        "moduleName": "",
        "category": "",
        "taskRunReasons": [],
        "parent": "d0b750f8-5966-4856-bc4d-31782a7dd128",
        "logId": "ee36d439-e200-4a53-916a-ca9107a41f5e"
      },
      "log": {
        "_logger": {
          "category": "DurationEvent",
          "context": {},
          "callStackSkipIndex": 0
        },
        "_filelogger": {
          "category": "debug-file",
          "context": {},
          "callStackSkipIndex": 0
        },
        "anonymizeFileLogger": {
          "fileLogger": {
            "category": "debug-file",
            "context": {},
            "callStackSkipIndex": 0
          }
        }
      }
    },
    {
      "head": {
        "id": "56ed5ebf-50bf-41c8-8d73-05d85d3a4a44",
        "name": "bind plugins",
        "description": "Bind plugins.",
        "type": "duration"
      },
      "body": {
        "pid": 36824,
        "tid": "Main Thread",
        "startTime": 64652408076900,
        "endTime": 64652479727300
      },
      "additional": {
        "children": [],
        "state": "success",
        "targetName": "",
        "moduleName": "",
        "category": "",
        "taskRunReasons": [],
        "parent": "d0b750f8-5966-4856-bc4d-31782a7dd128",
        "logId": "67ae7fc7-3a63-497a-a50e-0d6c533e759e"
      },
      "log": {
        "_logger": {
          "category": "DurationEvent",
          "context": {},
          "callStackSkipIndex": 0
        },
        "_filelogger": {
          "category": "debug-file",
          "context": {},
          "callStackSkipIndex": 0
        },
        "anonymizeFileLogger": {
          "fileLogger": {
            "category": "debug-file",
            "context": {},
            "callStackSkipIndex": 0
          }
        }
      }
    },
    {
      "head": {
        "id": "b4b8cc99-a0f3-4f32-99d5-5da76ef9623d",
        "name": "hvigorfile, resolving F:\\DevEcoStudioProjects\\DuoLa\\hvigorfile.ts",
        "description": "",
        "type": "log"
      },
      "body": {
        "pid": 36824,
        "tid": "Main Thread",
        "startTime": 64652403877000
      },
      "additional": {
        "logType": "debug",
        "children": []
      }
    },
    {
      "head": {
        "id": "d1f25355-240d-4075-b183-926c041d91bf",
        "name": "hvigorfile, require result:  { default: { system: [Function: appTasks], plugins: [] } }",
        "description": "",
        "type": "log"
      },
      "body": {
        "pid": 36824,
        "tid": "Main Thread",
        "startTime": 64652407923600
      },
      "additional": {
        "logType": "debug",
        "children": []
      }
    },
    {
      "head": {
        "id": "ee36d439-e200-4a53-916a-ca9107a41f5e",
        "name": "require hvigorfile",
        "description": "",
        "type": "log"
      },
      "body": {
        "pid": 36824,
        "tid": "Main Thread",
        "startTime": 64652403874400,
        "endTime": 64652408059600
      },
      "additional": {
        "logType": "info",
        "children": [],
        "durationId": "b7128d95-ec6b-4b8a-994f-2e7d10a4d90d",
        "parent": "93db9255-1d44-4d98-8fd0-643a891f7b78"
      }
    },
    {
      "head": {
        "id": "efc0888f-7f9b-4a99-8478-4f20be7a4204",
        "name": "hvigorfile, binding system plugins [Function: appTasks]",
        "description": "",
        "type": "log"
      },
      "body": {
        "pid": 36824,
        "tid": "Main Thread",
        "startTime": 64652408087400
      },
      "additional": {
        "logType": "debug",
        "children": []
      }
    },
    {
      "head": {
        "id": "2dfc4c7e-d1a5-492f-a34f-e0334b683e1a",
        "name": "Start initialize project's product build option map with build mode debug.",
        "description": "",
        "type": "log"
      },
      "body": {
        "pid": 36824,
        "tid": "Main Thread",
        "startTime": 64652414183400
      },
      "additional": {
        "logType": "debug",
        "children": []
      }
    },
    {
      "head": {
        "id": "fe27129e-0c75-416c-a7a8-301a426e2439",
        "name": "Picking option from product 'default' with build mode 'debug'.",
        "description": "",
        "type": "log"
      },
      "body": {
        "pid": 36824,
        "tid": "Main Thread",
        "startTime": 64652414302500
      },
      "additional": {
        "logType": "debug",
        "children": []
      }
    },
    {
      "head": {
        "id": "4d14530d-cbfe-45ef-beba-a902e6284b01",
        "name": "Product 'default' build option: {}",
        "description": "",
        "type": "log"
      },
      "body": {
        "pid": 36824,
        "tid": "Main Thread",
        "startTime": 64652414429000
      },
      "additional": {
        "logType": "debug",
        "children": []
      }
    },
    {
      "head": {
        "id": "35ad6694-58a3-4434-a0b7-6fa1eead6e31",
        "name": "End initialize project's product build option map with build mode 'debug'.",
        "description": "",
        "type": "log"
      },
      "body": {
        "pid": 36824,
        "tid": "Main Thread",
        "startTime": 64652414522700
      },
      "additional": {
        "logType": "debug",
        "children": []
      }
    },
    {
      "head": {
        "id": "fe8f6a8f-9f11-4e9b-818b-0e00670f9f64",
        "name": "Product 'default' using build option: {\n  \"debuggable\": true,\n  \"strictMode\": {\n    \"caseSensitiveCheck\": true,\n    \"useNormalizedOHMUrl\": true\n  }\n} in this build.",
        "description": "",
        "type": "log"
      },
      "body": {
        "pid": 36824,
        "tid": "Main Thread",
        "startTime": 64652415962900
      },
      "additional": {
        "logType": "debug",
        "children": []
      }
    },
    {
      "head": {
        "id": "9aa426b2-f2a8-408b-87ab-18cbbe8fd988",
        "name": "No signingConfig found, initRemoteHspCache failed.",
        "description": "",
        "type": "log"
      },
      "body": {
        "pid": 36824,
        "tid": "Main Thread",
        "startTime": 64652419083200
      },
      "additional": {
        "logType": "debug",
        "children": []
      }
    },
    {
      "head": {
        "id": "8d94cbe1-df16-4e97-ac3a-983480970775",
        "name": "Start recording SDK configuration permission data.",
        "description": "",
        "type": "log"
      },
      "body": {
        "pid": 36824,
        "tid": "Main Thread",
        "startTime": 64652428456400
      },
      "additional": {
        "logType": "debug",
        "children": []
      }
    },
    {
      "head": {
        "id": "27f07a2f-fae1-4cbe-95ee-fa14c992155f",
        "name": "Sdk init in 36 ms ",
        "description": "",
        "type": "log"
      },
      "body": {
        "pid": 36824,
        "tid": "Main Thread",
        "startTime": 64652455373400
      },
      "additional": {
        "logType": "debug",
        "children": []
      }
    },
    {
      "head": {
        "id": "6ffda6bd-bc41-4723-baa3-edb790dbb305",
        "name": "sdkVersion",
        "description": "5.1.0.110",
        "type": "mark"
      },
      "body": {
        "pid": 36824,
        "tid": "Main Thread",
        "startTime": 64652455573600
      },
      "additional": {
        "time": {
          "year": 2025,
          "month": 7,
          "day": 4,
          "hour": 3,
          "minute": 35,
          "second": 55
        },
        "markType": "other"
      }
    },
    {
      "head": {
        "id": "09d4c69b-c45b-49de-b6a4-a63f7e07fa7d",
        "name": "caseSensitiveCheckOn",
        "description": "caseSensitiveCheck check is on",
        "type": "mark"
      },
      "body": {
        "pid": 36824,
        "tid": "Main Thread",
        "startTime": 64652455672800
      },
      "additional": {
        "time": {
          "year": 2025,
          "month": 7,
          "day": 4,
          "hour": 3,
          "minute": 35,
          "second": 55
        },
        "markType": "other"
      }
    },
    {
      "head": {
        "id": "7d140a00-8f9f-4f86-8788-9958c0564c02",
        "name": ":clean",
        "description": "Clear the cache information.",
        "type": "duration"
      },
      "body": {
        "pid": 36824,
        "tid": "Main Thread",
        "startTime": 64652574896200,
        "endTime": 64652576020900
      },
      "additional": {
        "children": [],
        "state": "success",
        "targetName": "",
        "moduleName": "",
        "category": "Other",
        "taskRunReasons": [],
        "detailId": "f2a891b4-6ba6-4abf-9a32-f13db93c7b1f",
        "logId": "2c0c9b5e-dc6d-480b-a6a4-db5e4761a9f8"
      },
      "log": {
        "_logger": {
          "category": "DurationEvent",
          "context": {},
          "callStackSkipIndex": 0
        },
        "_filelogger": {
          "category": "debug-file",
          "context": {},
          "callStackSkipIndex": 0
        },
        "anonymizeFileLogger": {
          "fileLogger": {
            "category": "debug-file",
            "context": {},
            "callStackSkipIndex": 0
          }
        }
      }
    },
    {
      "head": {
        "id": "f2a891b4-6ba6-4abf-9a32-f13db93c7b1f",
        "name": "create :clean task",
        "description": "",
        "type": "log"
      },
      "body": {
        "pid": 36824,
        "tid": "Main Thread",
        "startTime": 64652460090500
      },
      "additional": {
        "logType": "detail",
        "children": [],
        "durationId": "7d140a00-8f9f-4f86-8788-9958c0564c02"
      }
    },
    {
      "head": {
        "id": "0ecc50cb-e1ff-4f60-ab6d-b644ba44d13e",
        "name": "Project task initialization takes 23 ms ",
        "description": "",
        "type": "log"
      },
      "body": {
        "pid": 36824,
        "tid": "Main Thread",
        "startTime": 64652479401400
      },
      "additional": {
        "logType": "debug",
        "children": []
      }
    },
    {
      "head": {
        "id": "1e421753-8327-47f6-8abd-611758588d1b",
        "name": "hvigorfile, binding custom plugins []",
        "description": "",
        "type": "log"
      },
      "body": {
        "pid": 36824,
        "tid": "Main Thread",
        "startTime": 64652479546600
      },
      "additional": {
        "logType": "debug",
        "children": []
      }
    },
    {
      "head": {
        "id": "7b072f52-6338-4723-baef-1150c7aad983",
        "name": "hvigorfile, no custom plugins were found in F:\\DevEcoStudioProjects\\DuoLa\\hvigorfile.ts",
        "description": "",
        "type": "log"
      },
      "body": {
        "pid": 36824,
        "tid": "Main Thread",
        "startTime": 64652479627200
      },
      "additional": {
        "logType": "debug",
        "children": []
      }
    },
    {
      "head": {
        "id": "9a3ad2e5-a3af-4ee1-a023-26f922dd2fca",
        "name": "hvigorfile, resolve finished F:\\DevEcoStudioProjects\\DuoLa\\hvigorfile.ts",
        "description": "",
        "type": "log"
      },
      "body": {
        "pid": 36824,
        "tid": "Main Thread",
        "startTime": 64652479677400
      },
      "additional": {
        "logType": "debug",
        "children": []
      }
    },
    {
      "head": {
        "id": "67ae7fc7-3a63-497a-a50e-0d6c533e759e",
        "name": "bind plugins",
        "description": "",
        "type": "log"
      },
      "body": {
        "pid": 36824,
        "tid": "Main Thread",
        "startTime": 64652408076900,
        "endTime": 64652479727300
      },
      "additional": {
        "logType": "info",
        "children": [],
        "durationId": "56ed5ebf-50bf-41c8-8d73-05d85d3a4a44",
        "parent": "93db9255-1d44-4d98-8fd0-643a891f7b78"
      }
    },
    {
      "head": {
        "id": "93db9255-1d44-4d98-8fd0-643a891f7b78",
        "name": "eval hvigorfile",
        "description": "",
        "type": "log"
      },
      "body": {
        "pid": 36824,
        "tid": "Main Thread",
        "startTime": 64652403873200,
        "endTime": 64652479749000
      },
      "additional": {
        "logType": "info",
        "children": [
          "ee36d439-e200-4a53-916a-ca9107a41f5e",
          "67ae7fc7-3a63-497a-a50e-0d6c533e759e"
        ],
        "durationId": "d0b750f8-5966-4856-bc4d-31782a7dd128",
        "parent": "61171ea8-45f6-48cc-9ae7-eccf7d2dfb7b"
      }
    },
    {
      "head": {
        "id": "1db37d3d-5e93-416f-a94e-701178a107c6",
        "name": "\"afterNodeEvaluate\" hook function",
        "description": "",
        "type": "duration"
      },
      "body": {
        "pid": 36824,
        "tid": "Main Thread",
        "startTime": 64652480394800,
        "endTime": 64652480408700
      },
      "additional": {
        "children": [],
        "state": "success",
        "targetName": "",
        "moduleName": "",
        "category": "",
        "taskRunReasons": [],
        "parent": "3c7b45ab-a2ce-49a8-8286-eaa46ff7bc63",
        "logId": "5b7108ad-8d25-46cc-b846-13ada3bec58b"
      },
      "log": {
        "_logger": {
          "category": "DurationEvent",
          "context": {},
          "callStackSkipIndex": 0
        },
        "_filelogger": {
          "category": "debug-file",
          "context": {},
          "callStackSkipIndex": 0
        },
        "anonymizeFileLogger": {
          "fileLogger": {
            "category": "debug-file",
            "context": {},
            "callStackSkipIndex": 0
          }
        }
      }
    },
    {
      "head": {
        "id": "5b7108ad-8d25-46cc-b846-13ada3bec58b",
        "name": "\"afterNodeEvaluate\" hook function",
        "description": "",
        "type": "log"
      },
      "body": {
        "pid": 36824,
        "tid": "Main Thread",
        "startTime": 64652480394800,
        "endTime": 64652480408700
      },
      "additional": {
        "logType": "info",
        "children": [],
        "durationId": "1db37d3d-5e93-416f-a94e-701178a107c6",
        "parent": "61171ea8-45f6-48cc-9ae7-eccf7d2dfb7b"
      }
    },
    {
      "head": {
        "id": "61171ea8-45f6-48cc-9ae7-eccf7d2dfb7b",
        "name": "eval project",
        "description": "",
        "type": "log"
      },
      "body": {
        "pid": 36824,
        "tid": "Main Thread",
        "startTime": 64652401095300,
        "endTime": 64652480418500
      },
      "additional": {
        "logType": "info",
        "children": [
          "dafad7d9-2b54-430c-83b7-43b82da5d70b",
          "93db9255-1d44-4d98-8fd0-643a891f7b78",
          "5b7108ad-8d25-46cc-b846-13ada3bec58b"
        ],
        "durationId": "3c7b45ab-a2ce-49a8-8286-eaa46ff7bc63",
        "parent": "77b6a066-fd5e-4caf-9575-85f1c646f39e"
      }
    },
    {
      "head": {
        "id": "897eab17-0c9f-4f64-893e-66c4fe39fd4e",
        "name": "eval submodule",
        "description": "Evaluate submodule.",
        "type": "duration"
      },
      "body": {
        "pid": 36824,
        "tid": "Main Thread",
        "startTime": 64652480966000,
        "endTime": 64652500103900
      },
      "additional": {
        "children": [
          "1f80f5b9-1601-49bd-a635-e8e44123fe05",
          "b356c09c-eb75-4871-a7bd-2786eb4cb82d",
          "c86f8367-f3e3-4177-b356-67a4630a81fa"
        ],
        "state": "success",
        "targetName": "",
        "moduleName": "",
        "category": "",
        "taskRunReasons": [],
        "parent": "c5c621aa-79c3-4c70-9df9-7ff9aaa9caa5",
        "logId": "a806bc65-4bb4-4e4b-af38-366fe18ca171"
      },
      "log": {
        "_logger": {
          "category": "DurationEvent",
          "context": {},
          "callStackSkipIndex": 0
        },
        "_filelogger": {
          "category": "debug-file",
          "context": {},
          "callStackSkipIndex": 0
        },
        "anonymizeFileLogger": {
          "fileLogger": {
            "category": "debug-file",
            "context": {},
            "callStackSkipIndex": 0
          }
        }
      }
    },
    {
      "head": {
        "id": "1f80f5b9-1601-49bd-a635-e8e44123fe05",
        "name": "\"beforeNodeEvaluate\" hook function",
        "description": "",
        "type": "duration"
      },
      "body": {
        "pid": 36824,
        "tid": "Main Thread",
        "startTime": 64652484189700,
        "endTime": 64652484209000
      },
      "additional": {
        "children": [],
        "state": "success",
        "targetName": "",
        "moduleName": "",
        "category": "",
        "taskRunReasons": [],
        "parent": "897eab17-0c9f-4f64-893e-66c4fe39fd4e",
        "logId": "748e2501-6c21-49a1-9279-0764d71716ab"
      },
      "log": {
        "_logger": {
          "category": "DurationEvent",
          "context": {},
          "callStackSkipIndex": 0
        },
        "_filelogger": {
          "category": "debug-file",
          "context": {},
          "callStackSkipIndex": 0
        },
        "anonymizeFileLogger": {
          "fileLogger": {
            "category": "debug-file",
            "context": {},
            "callStackSkipIndex": 0
          }
        }
      }
    },
    {
      "head": {
        "id": "748e2501-6c21-49a1-9279-0764d71716ab",
        "name": "\"beforeNodeEvaluate\" hook function",
        "description": "",
        "type": "log"
      },
      "body": {
        "pid": 36824,
        "tid": "Main Thread",
        "startTime": 64652484189700,
        "endTime": 64652484209000
      },
      "additional": {
        "logType": "info",
        "children": [],
        "durationId": "1f80f5b9-1601-49bd-a635-e8e44123fe05",
        "parent": "a806bc65-4bb4-4e4b-af38-366fe18ca171"
      }
    },
    {
      "head": {
        "id": "b356c09c-eb75-4871-a7bd-2786eb4cb82d",
        "name": "eval hvigorfile",
        "description": "Evaluate hvigorfile.",
        "type": "duration"
      },
      "body": {
        "pid": 36824,
        "tid": "Main Thread",
        "startTime": 64652485990500,
        "endTime": 64652498866300
      },
      "additional": {
        "children": [
          "e8f5cd54-03eb-455d-b604-9fea8c3741e0",
          "1db01243-829a-4884-a858-d7f51c14216a"
        ],
        "state": "success",
        "targetName": "",
        "moduleName": "",
        "category": "",
        "taskRunReasons": [],
        "parent": "897eab17-0c9f-4f64-893e-66c4fe39fd4e",
        "logId": "f9bce9ad-0148-43d0-834a-38241c210e22"
      },
      "log": {
        "_logger": {
          "category": "DurationEvent",
          "context": {},
          "callStackSkipIndex": 0
        },
        "_filelogger": {
          "category": "debug-file",
          "context": {},
          "callStackSkipIndex": 0
        },
        "anonymizeFileLogger": {
          "fileLogger": {
            "category": "debug-file",
            "context": {},
            "callStackSkipIndex": 0
          }
        }
      }
    },
    {
      "head": {
        "id": "e8f5cd54-03eb-455d-b604-9fea8c3741e0",
        "name": "require hvigorfile",
        "description": "Require hvigorfile.",
        "type": "duration"
      },
      "body": {
        "pid": 36824,
        "tid": "Main Thread",
        "startTime": 64652485991600,
        "endTime": 64652489078500
      },
      "additional": {
        "children": [],
        "state": "success",
        "targetName": "",
        "moduleName": "",
        "category": "",
        "taskRunReasons": [],
        "parent": "b356c09c-eb75-4871-a7bd-2786eb4cb82d",
        "logId": "ebbed4b3-c76b-4284-acc9-15130391b0ff"
      },
      "log": {
        "_logger": {
          "category": "DurationEvent",
          "context": {},
          "callStackSkipIndex": 0
        },
        "_filelogger": {
          "category": "debug-file",
          "context": {},
          "callStackSkipIndex": 0
        },
        "anonymizeFileLogger": {
          "fileLogger": {
            "category": "debug-file",
            "context": {},
            "callStackSkipIndex": 0
          }
        }
      }
    },
    {
      "head": {
        "id": "1db01243-829a-4884-a858-d7f51c14216a",
        "name": "bind plugins",
        "description": "Bind plugins.",
        "type": "duration"
      },
      "body": {
        "pid": 36824,
        "tid": "Main Thread",
        "startTime": 64652489091100,
        "endTime": 64652498852300
      },
      "additional": {
        "children": [],
        "state": "success",
        "targetName": "",
        "moduleName": "",
        "category": "",
        "taskRunReasons": [],
        "parent": "b356c09c-eb75-4871-a7bd-2786eb4cb82d",
        "logId": "08d49608-6d6f-4d9d-882d-723ceaac87cb"
      },
      "log": {
        "_logger": {
          "category": "DurationEvent",
          "context": {},
          "callStackSkipIndex": 0
        },
        "_filelogger": {
          "category": "debug-file",
          "context": {},
          "callStackSkipIndex": 0
        },
        "anonymizeFileLogger": {
          "fileLogger": {
            "category": "debug-file",
            "context": {},
            "callStackSkipIndex": 0
          }
        }
      }
    },
    {
      "head": {
        "id": "07ead526-5974-42fa-8516-c3fdb06d6f1b",
        "name": "hvigorfile, resolving F:\\DevEcoStudioProjects\\DuoLa\\entry\\hvigorfile.ts",
        "description": "",
        "type": "log"
      },
      "body": {
        "pid": 36824,
        "tid": "Main Thread",
        "startTime": 64652485996700
      },
      "additional": {
        "logType": "debug",
        "children": []
      }
    },
    {
      "head": {
        "id": "7ab4049b-c6de-45ad-973e-a1bf15ebeb55",
        "name": "hvigorfile, require result:  { default: { system: [Function: hapTasks], plugins: [] } }",
        "description": "",
        "type": "log"
      },
      "body": {
        "pid": 36824,
        "tid": "Main Thread",
        "startTime": 64652488963000
      },
      "additional": {
        "logType": "debug",
        "children": []
      }
    },
    {
      "head": {
        "id": "ebbed4b3-c76b-4284-acc9-15130391b0ff",
        "name": "require hvigorfile",
        "description": "",
        "type": "log"
      },
      "body": {
        "pid": 36824,
        "tid": "Main Thread",
        "startTime": 64652485991600,
        "endTime": 64652489078500
      },
      "additional": {
        "logType": "info",
        "children": [],
        "durationId": "e8f5cd54-03eb-455d-b604-9fea8c3741e0",
        "parent": "f9bce9ad-0148-43d0-834a-38241c210e22"
      }
    },
    {
      "head": {
        "id": "4a958232-de34-46c7-8d13-235309e7e4fe",
        "name": "hvigorfile, binding system plugins [Function: hapTasks]",
        "description": "",
        "type": "log"
      },
      "body": {
        "pid": 36824,
        "tid": "Main Thread",
        "startTime": 64652489097900
      },
      "additional": {
        "logType": "debug",
        "children": []
      }
    },
    {
      "head": {
        "id": "26ffbe2f-2af4-4a8f-bcab-2c09a2441b2f",
        "name": "Start initialize module-target build option map, moduleName=entry, buildMode=debug",
        "description": "",
        "type": "log"
      },
      "body": {
        "pid": 36824,
        "tid": "Main Thread",
        "startTime": 64652494449200
      },
      "additional": {
        "logType": "debug",
        "children": []
      }
    },
    {
      "head": {
        "id": "3346d65c-e2ca-4667-ac52-f78f1329ca57",
        "name": "Target 'default' config: {}",
        "description": "",
        "type": "log"
      },
      "body": {
        "pid": 36824,
        "tid": "Main Thread",
        "startTime": 64652494554400
      },
      "additional": {
        "logType": "debug",
        "children": []
      }
    },
    {
      "head": {
        "id": "93cd806a-437c-4166-a8d0-0a9652396def",
        "name": "Target 'ohosTest' config: {}",
        "description": "",
        "type": "log"
      },
      "body": {
        "pid": 36824,
        "tid": "Main Thread",
        "startTime": 64652494709100
      },
      "additional": {
        "logType": "debug",
        "children": []
      }
    },
    {
      "head": {
        "id": "943c58f5-96a4-43cf-81a4-05223b145188",
        "name": "Module 'entry' target 'default' build option: {\n  \"debuggable\": true,\n  \"copyFrom\": \"default\",\n  \"strictMode\": {\n    \"caseSensitiveCheck\": true,\n    \"useNormalizedOHMUrl\": true\n  },\n  \"name\": \"debug\"\n}",
        "description": "",
        "type": "log"
      },
      "body": {
        "pid": 36824,
        "tid": "Main Thread",
        "startTime": 64652494840800
      },
      "additional": {
        "logType": "debug",
        "children": []
      }
    },
    {
      "head": {
        "id": "1d65c696-02ec-4728-be94-4f6a501ab8bc",
        "name": "Module 'entry' target 'ohosTest' build option: {\n  \"debuggable\": true,\n  \"strictMode\": {\n    \"caseSensitiveCheck\": true,\n    \"useNormalizedOHMUrl\": true\n  },\n  \"name\": \"default\"\n}",
        "description": "",
        "type": "log"
      },
      "body": {
        "pid": 36824,
        "tid": "Main Thread",
        "startTime": 64652494900100
      },
      "additional": {
        "logType": "debug",
        "children": []
      }
    },
    {
      "head": {
        "id": "b2257b11-044c-4778-ac38-cef684ea40f5",
        "name": "End initialize module-target build option map, moduleName=entry",
        "description": "",
        "type": "log"
      },
      "body": {
        "pid": 36824,
        "tid": "Main Thread",
        "startTime": 64652494943100
      },
      "additional": {
        "logType": "debug",
        "children": []
      }
    },
    {
      "head": {
        "id": "4a6de2c4-8a56-4380-9061-0ac4c8906f01",
        "name": "Start initialize module-target build option map, moduleName=entry, buildMode=release",
        "description": "",
        "type": "log"
      },
      "body": {
        "pid": 36824,
        "tid": "Main Thread",
        "startTime": 64652494994100
      },
      "additional": {
        "logType": "debug",
        "children": []
      }
    },
    {
      "head": {
        "id": "993ec815-4d86-4dab-8fb3-80e4d1339497",
        "name": "Target 'default' config: {}",
        "description": "",
        "type": "log"
      },
      "body": {
        "pid": 36824,
        "tid": "Main Thread",
        "startTime": 64652495044700
      },
      "additional": {
        "logType": "debug",
        "children": []
      }
    },
    {
      "head": {
        "id": "85627edc-7ab0-41bb-99e5-75205c80c258",
        "name": "Target 'ohosTest' config: {}",
        "description": "",
        "type": "log"
      },
      "body": {
        "pid": 36824,
        "tid": "Main Thread",
        "startTime": 64652495212600
      },
      "additional": {
        "logType": "debug",
        "children": []
      }
    },
    {
      "head": {
        "id": "7d246b27-3ebb-43f4-b995-2122b277812d",
        "name": "Module 'entry' target 'default' build option: {\n  \"debuggable\": false,\n  \"copyFrom\": \"default\",\n  \"strictMode\": {\n    \"caseSensitiveCheck\": true,\n    \"useNormalizedOHMUrl\": true\n  },\n  \"name\": \"release\",\n  \"arkOptions\": {\n    \"obfuscation\": {\n      \"ruleOptions\": {\n        \"enable\": false,\n        \"files\": [\n          \"./obfuscation-rules.txt\"\n        ]\n      }\n    }\n  }\n}",
        "description": "",
        "type": "log"
      },
      "body": {
        "pid": 36824,
        "tid": "Main Thread",
        "startTime": 64652495314800
      },
      "additional": {
        "logType": "debug",
        "children": []
      }
    },
    {
      "head": {
        "id": "da12e876-c7fe-4593-95ff-855762a9da29",
        "name": "Module 'entry' target 'ohosTest' build option: {\n  \"debuggable\": true,\n  \"strictMode\": {\n    \"caseSensitiveCheck\": true,\n    \"useNormalizedOHMUrl\": true\n  },\n  \"name\": \"default\"\n}",
        "description": "",
        "type": "log"
      },
      "body": {
        "pid": 36824,
        "tid": "Main Thread",
        "startTime": 64652495379700
      },
      "additional": {
        "logType": "debug",
        "children": []
      }
    },
    {
      "head": {
        "id": "bdaf28ad-23b6-40f4-9ed3-ec979596bb31",
        "name": "End initialize module-target build option map, moduleName=entry",
        "description": "",
        "type": "log"
      },
      "body": {
        "pid": 36824,
        "tid": "Main Thread",
        "startTime": 64652495420900
      },
      "additional": {
        "logType": "debug",
        "children": []
      }
    },
    {
      "head": {
        "id": "a1f2b258-a032-4f37-9b4a-895ea986c640",
        "name": "Start initialize module-target build option map, moduleName=entry, buildMode=debug",
        "description": "",
        "type": "log"
      },
      "body": {
        "pid": 36824,
        "tid": "Main Thread",
        "startTime": 64652495467500
      },
      "additional": {
        "logType": "debug",
        "children": []
      }
    },
    {
      "head": {
        "id": "3bcea560-4740-402d-abba-c07b62f17a55",
        "name": "Target 'default' config: {}",
        "description": "",
        "type": "log"
      },
      "body": {
        "pid": 36824,
        "tid": "Main Thread",
        "startTime": 64652495515000
      },
      "additional": {
        "logType": "debug",
        "children": []
      }
    },
    {
      "head": {
        "id": "4d758dfa-9546-4e06-b4de-ac4b93ce3001",
        "name": "Target 'ohosTest' config: {}",
        "description": "",
        "type": "log"
      },
      "body": {
        "pid": 36824,
        "tid": "Main Thread",
        "startTime": 64652495611700
      },
      "additional": {
        "logType": "debug",
        "children": []
      }
    },
    {
      "head": {
        "id": "1c82a1ea-fb20-4239-a351-8e66458313cb",
        "name": "Module 'entry' target 'default' build option: {\n  \"debuggable\": true,\n  \"copyFrom\": \"default\",\n  \"strictMode\": {\n    \"caseSensitiveCheck\": true,\n    \"useNormalizedOHMUrl\": true\n  },\n  \"name\": \"debug\"\n}",
        "description": "",
        "type": "log"
      },
      "body": {
        "pid": 36824,
        "tid": "Main Thread",
        "startTime": 64652495701800
      },
      "additional": {
        "logType": "debug",
        "children": []
      }
    },
    {
      "head": {
        "id": "bd56530a-deaa-4bc2-b3f9-c7a5a9011503",
        "name": "Module 'entry' target 'ohosTest' build option: {\n  \"debuggable\": true,\n  \"strictMode\": {\n    \"caseSensitiveCheck\": true,\n    \"useNormalizedOHMUrl\": true\n  },\n  \"name\": \"default\"\n}",
        "description": "",
        "type": "log"
      },
      "body": {
        "pid": 36824,
        "tid": "Main Thread",
        "startTime": 64652495760500
      },
      "additional": {
        "logType": "debug",
        "children": []
      }
    },
    {
      "head": {
        "id": "ebebf7c8-1a4e-409b-935b-d0d8d462f106",
        "name": "End initialize module-target build option map, moduleName=entry",
        "description": "",
        "type": "log"
      },
      "body": {
        "pid": 36824,
        "tid": "Main Thread",
        "startTime": 64652495800400
      },
      "additional": {
        "logType": "debug",
        "children": []
      }
    },
    {
      "head": {
        "id": "181a82d0-c338-41e1-be81-07dc66d2350e",
        "name": "Module 'entry' target 'default' using build option: {\n  \"debuggable\": true,\n  \"copyFrom\": \"default\",\n  \"strictMode\": {\n    \"caseSensitiveCheck\": true,\n    \"useNormalizedOHMUrl\": true\n  },\n  \"name\": \"debug\"\n} in this build.",
        "description": "",
        "type": "log"
      },
      "body": {
        "pid": 36824,
        "tid": "Main Thread",
        "startTime": 64652495839800
      },
      "additional": {
        "logType": "debug",
        "children": []
      }
    },
    {
      "head": {
        "id": "6c889876-e24a-46b2-bbcd-11370c86e128",
        "name": "Module entry task initialization takes 1 ms ",
        "description": "",
        "type": "log"
      },
      "body": {
        "pid": 36824,
        "tid": "Main Thread",
        "startTime": 64652498558100
      },
      "additional": {
        "logType": "debug",
        "children": []
      }
    },
    {
      "head": {
        "id": "4305b3bb-eeef-4f9e-9e9b-c30b1c84bdc1",
        "name": "hvigorfile, binding custom plugins []",
        "description": "",
        "type": "log"
      },
      "body": {
        "pid": 36824,
        "tid": "Main Thread",
        "startTime": 64652498697300
      },
      "additional": {
        "logType": "debug",
        "children": []
      }
    },
    {
      "head": {
        "id": "32e515f8-7b4d-4fa5-86c9-65dcdee5d762",
        "name": "hvigorfile, no custom plugins were found in F:\\DevEcoStudioProjects\\DuoLa\\entry\\hvigorfile.ts",
        "description": "",
        "type": "log"
      },
      "body": {
        "pid": 36824,
        "tid": "Main Thread",
        "startTime": 64652498760400
      },
      "additional": {
        "logType": "debug",
        "children": []
      }
    },
    {
      "head": {
        "id": "0c33599f-1d30-4d48-a4e8-1dcbed461c3b",
        "name": "hvigorfile, resolve finished F:\\DevEcoStudioProjects\\DuoLa\\entry\\hvigorfile.ts",
        "description": "",
        "type": "log"
      },
      "body": {
        "pid": 36824,
        "tid": "Main Thread",
        "startTime": 64652498807900
      },
      "additional": {
        "logType": "debug",
        "children": []
      }
    },
    {
      "head": {
        "id": "08d49608-6d6f-4d9d-882d-723ceaac87cb",
        "name": "bind plugins",
        "description": "",
        "type": "log"
      },
      "body": {
        "pid": 36824,
        "tid": "Main Thread",
        "startTime": 64652489091100,
        "endTime": 64652498852300
      },
      "additional": {
        "logType": "info",
        "children": [],
        "durationId": "1db01243-829a-4884-a858-d7f51c14216a",
        "parent": "f9bce9ad-0148-43d0-834a-38241c210e22"
      }
    },
    {
      "head": {
        "id": "f9bce9ad-0148-43d0-834a-38241c210e22",
        "name": "eval hvigorfile",
        "description": "",
        "type": "log"
      },
      "body": {
        "pid": 36824,
        "tid": "Main Thread",
        "startTime": 64652485990500,
        "endTime": 64652498866300
      },
      "additional": {
        "logType": "info",
        "children": [
          "ebbed4b3-c76b-4284-acc9-15130391b0ff",
          "08d49608-6d6f-4d9d-882d-723ceaac87cb"
        ],
        "durationId": "b356c09c-eb75-4871-a7bd-2786eb4cb82d",
        "parent": "a806bc65-4bb4-4e4b-af38-366fe18ca171"
      }
    },
    {
      "head": {
        "id": "c86f8367-f3e3-4177-b356-67a4630a81fa",
        "name": "\"afterNodeEvaluate\" hook function",
        "description": "",
        "type": "duration"
      },
      "body": {
        "pid": 36824,
        "tid": "Main Thread",
        "startTime": 64652500081700,
        "endTime": 64652500092700
      },
      "additional": {
        "children": [],
        "state": "success",
        "targetName": "",
        "moduleName": "",
        "category": "",
        "taskRunReasons": [],
        "parent": "897eab17-0c9f-4f64-893e-66c4fe39fd4e",
        "logId": "dd3830f1-d0bf-49fe-bafb-76e1423464e9"
      },
      "log": {
        "_logger": {
          "category": "DurationEvent",
          "context": {},
          "callStackSkipIndex": 0
        },
        "_filelogger": {
          "category": "debug-file",
          "context": {},
          "callStackSkipIndex": 0
        },
        "anonymizeFileLogger": {
          "fileLogger": {
            "category": "debug-file",
            "context": {},
            "callStackSkipIndex": 0
          }
        }
      }
    },
    {
      "head": {
        "id": "dd3830f1-d0bf-49fe-bafb-76e1423464e9",
        "name": "\"afterNodeEvaluate\" hook function",
        "description": "",
        "type": "log"
      },
      "body": {
        "pid": 36824,
        "tid": "Main Thread",
        "startTime": 64652500081700,
        "endTime": 64652500092700
      },
      "additional": {
        "logType": "info",
        "children": [],
        "durationId": "c86f8367-f3e3-4177-b356-67a4630a81fa",
        "parent": "a806bc65-4bb4-4e4b-af38-366fe18ca171"
      }
    },
    {
      "head": {
        "id": "a806bc65-4bb4-4e4b-af38-366fe18ca171",
        "name": "eval submodule",
        "description": "",
        "type": "log"
      },
      "body": {
        "pid": 36824,
        "tid": "Main Thread",
        "startTime": 64652480966000,
        "endTime": 64652500103900
      },
      "additional": {
        "logType": "info",
        "children": [
          "748e2501-6c21-49a1-9279-0764d71716ab",
          "f9bce9ad-0148-43d0-834a-38241c210e22",
          "dd3830f1-d0bf-49fe-bafb-76e1423464e9"
        ],
        "durationId": "897eab17-0c9f-4f64-893e-66c4fe39fd4e",
        "parent": "8dff4277-f85a-4b04-b665-78ac30cc9b3c"
      }
    },
    {
      "head": {
        "id": "8dff4277-f85a-4b04-b665-78ac30cc9b3c",
        "name": "eval modules",
        "description": "",
        "type": "log"
      },
      "body": {
        "pid": 36824,
        "tid": "Main Thread",
        "startTime": 64652480431100,
        "endTime": 64652500112900
      },
      "additional": {
        "logType": "info",
        "children": [
          "a806bc65-4bb4-4e4b-af38-366fe18ca171"
        ],
        "durationId": "c5c621aa-79c3-4c70-9df9-7ff9aaa9caa5",
        "parent": "77b6a066-fd5e-4caf-9575-85f1c646f39e"
      }
    },
    {
      "head": {
        "id": "b55f561b-e0bc-44bb-9553-30ae737ae70c",
        "name": "watch files: [\n  'F:\\\\DevEcoStudioProjects\\\\DuoLa\\\\hvigorfile.ts',\n  'F:\\\\DevEcoStudioProjects\\\\DuoLa\\\\entry\\\\hvigorfile.ts'\n]",
        "description": "",
        "type": "log"
      },
      "body": {
        "pid": 36824,
        "tid": "Main Thread",
        "startTime": 64652514378400
      },
      "additional": {
        "logType": "debug",
        "children": []
      }
    },
    {
      "head": {
        "id": "70ee1abe-c8d3-403e-abf5-d6d82a045386",
        "name": "hvigorfile, resolve hvigorfile dependencies in 15 ms ",
        "description": "",
        "type": "log"
      },
      "body": {
        "pid": 36824,
        "tid": "Main Thread",
        "startTime": 64652514748200
      },
      "additional": {
        "logType": "debug",
        "children": []
      }
    },
    {
      "head": {
        "id": "d472e3df-edee-460b-af81-155b8921010f",
        "name": "add config dependencies",
        "description": "",
        "type": "log"
      },
      "body": {
        "pid": 36824,
        "tid": "Main Thread",
        "startTime": 64652500135000,
        "endTime": 64652514812800
      },
      "additional": {
        "logType": "info",
        "children": [],
        "durationId": "77d85c43-6778-4ba1-9b6e-cf841e4b92f1",
        "parent": "77b6a066-fd5e-4caf-9575-85f1c646f39e"
      }
    },
    {
      "head": {
        "id": "9ea494fc-9218-4173-9b29-e4518f6b4692",
        "name": "\"nodesEvaluated\" hook function",
        "description": "",
        "type": "duration"
      },
      "body": {
        "pid": 36824,
        "tid": "Main Thread",
        "startTime": 64652515472900,
        "endTime": 64652515609000
      },
      "additional": {
        "children": [],
        "state": "success",
        "targetName": "",
        "moduleName": "",
        "category": "",
        "taskRunReasons": [],
        "parent": "58290467-b8cb-4dcb-9736-c9062ba431a5",
        "logId": "3788fe44-9fcf-40b7-af61-6b53b3026d45"
      },
      "log": {
        "_logger": {
          "category": "DurationEvent",
          "context": {},
          "callStackSkipIndex": 0
        },
        "_filelogger": {
          "category": "debug-file",
          "context": {},
          "callStackSkipIndex": 0
        },
        "anonymizeFileLogger": {
          "fileLogger": {
            "category": "debug-file",
            "context": {},
            "callStackSkipIndex": 0
          }
        }
      }
    },
    {
      "head": {
        "id": "30fd1bf7-d969-4dee-8e26-7294d562e155",
        "name": "project has submodules:entry",
        "description": "",
        "type": "log"
      },
      "body": {
        "pid": 36824,
        "tid": "Main Thread",
        "startTime": 64652515489600
      },
      "additional": {
        "logType": "debug",
        "children": []
      }
    },
    {
      "head": {
        "id": "3788fe44-9fcf-40b7-af61-6b53b3026d45",
        "name": "\"nodesEvaluated\" hook function",
        "description": "",
        "type": "log"
      },
      "body": {
        "pid": 36824,
        "tid": "Main Thread",
        "startTime": 64652515472900,
        "endTime": 64652515609000
      },
      "additional": {
        "logType": "info",
        "children": [],
        "durationId": "9ea494fc-9218-4173-9b29-e4518f6b4692",
        "parent": "77b6a066-fd5e-4caf-9575-85f1c646f39e"
      }
    },
    {
      "head": {
        "id": "0f8952e0-0506-4aa1-8f7c-7c5923914d31",
        "name": "ohpm install",
        "description": "",
        "type": "log"
      },
      "body": {
        "pid": 36824,
        "tid": "Main Thread",
        "startTime": 64652515617300,
        "endTime": 64652516172000
      },
      "additional": {
        "logType": "info",
        "children": [],
        "durationId": "768e3fc7-798b-4f3b-a57a-28a46a8af347",
        "parent": "77b6a066-fd5e-4caf-9575-85f1c646f39e"
      }
    },
    {
      "head": {
        "id": "75296af1-77ea-41d6-973c-c0fa10016ab3",
        "name": "Start to initialize dependency information.",
        "description": "",
        "type": "log"
      },
      "body": {
        "pid": 36824,
        "tid": "Main Thread",
        "startTime": 64652516187800
      },
      "additional": {
        "logType": "debug",
        "children": []
      }
    },
    {
      "head": {
        "id": "40ae4761-e933-49f8-83a9-488876b81dad",
        "name": "Module DuoLa Collected Dependency: ",
        "description": "",
        "type": "log"
      },
      "body": {
        "pid": 36824,
        "tid": "Main Thread",
        "startTime": 64652520891600
      },
      "additional": {
        "logType": "debug",
        "children": []
      }
    },
    {
      "head": {
        "id": "7bacc707-5a7b-45ca-a032-d85d1d842e64",
        "name": "Module DuoLa's total dependency: 0",
        "description": "",
        "type": "log"
      },
      "body": {
        "pid": 36824,
        "tid": "Main Thread",
        "startTime": 64652521011500
      },
      "additional": {
        "logType": "debug",
        "children": []
      }
    },
    {
      "head": {
        "id": "c24ed0ae-e333-4441-afad-b794da1b87f2",
        "name": "Start to initialize dependency information.",
        "description": "",
        "type": "log"
      },
      "body": {
        "pid": 36824,
        "tid": "Main Thread",
        "startTime": 64652521181700
      },
      "additional": {
        "logType": "debug",
        "children": []
      }
    },
    {
      "head": {
        "id": "8f9fd752-7c8e-49ce-ad67-60a1a5fb30ff",
        "name": "Module entry Collected Dependency: ",
        "description": "",
        "type": "log"
      },
      "body": {
        "pid": 36824,
        "tid": "Main Thread",
        "startTime": 64652523032200
      },
      "additional": {
        "logType": "debug",
        "children": []
      }
    },
    {
      "head": {
        "id": "a7602091-f8ea-4acf-ac12-be03c79d3d61",
        "name": "Module entry's total dependency: 0",
        "description": "",
        "type": "log"
      },
      "body": {
        "pid": 36824,
        "tid": "Main Thread",
        "startTime": 64652523104300
      },
      "additional": {
        "logType": "debug",
        "children": []
      }
    },
    {
      "head": {
        "id": "9424be45-2d2e-4411-9a74-fd92093dc2f4",
        "name": "eval hook",
        "description": "",
        "type": "log"
      },
      "body": {
        "pid": 36824,
        "tid": "Main Thread",
        "startTime": 64652516180500,
        "endTime": 64652525484100
      },
      "additional": {
        "logType": "info",
        "children": [],
        "durationId": "89e49466-e44f-4ccd-9b1a-2fba8886fc92",
        "parent": "77b6a066-fd5e-4caf-9575-85f1c646f39e"
      }
    },
    {
      "head": {
        "id": "af881ace-d132-4573-98ba-c1cedfac529e",
        "name": "Configuration phase cost:128 ms ",
        "description": "",
        "type": "log"
      },
      "body": {
        "pid": 36824,
        "tid": "Main Thread",
        "startTime": 64652525519000
      },
      "additional": {
        "logType": "debug",
        "children": []
      }
    },
    {
      "head": {
        "id": "8f13b724-cbbf-45a2-b56a-dd7780f866a0",
        "name": "fin configuration",
        "description": "",
        "type": "log"
      },
      "body": {
        "pid": 36824,
        "tid": "Main Thread",
        "startTime": 64652525503200,
        "endTime": 64652525601900
      },
      "additional": {
        "logType": "info",
        "children": [],
        "durationId": "09b82556-394d-4a9e-aee0-050f368f3919",
        "parent": "77b6a066-fd5e-4caf-9575-85f1c646f39e"
      }
    },
    {
      "head": {
        "id": "77b6a066-fd5e-4caf-9575-85f1c646f39e",
        "name": "configure hvigor plugin",
        "description": "",
        "type": "log"
      },
      "body": {
        "pid": 36824,
        "tid": "Main Thread",
        "startTime": 64652391993800,
        "endTime": 64652525611500
      },
      "additional": {
        "logType": "info",
        "children": [
          "a62ccb3d-f987-406b-b02c-360b37afdde9",
          "41ef1838-2d5c-4cde-97bb-fe5f592934c8",
          "61171ea8-45f6-48cc-9ae7-eccf7d2dfb7b",
          "8dff4277-f85a-4b04-b665-78ac30cc9b3c",
          "d472e3df-edee-460b-af81-155b8921010f",
          "0f8952e0-0506-4aa1-8f7c-7c5923914d31",
          "9424be45-2d2e-4411-9a74-fd92093dc2f4",
          "8f13b724-cbbf-45a2-b56a-dd7780f866a0",
          "3788fe44-9fcf-40b7-af61-6b53b3026d45"
        ],
        "durationId": "58290467-b8cb-4dcb-9736-c9062ba431a5",
        "parent": "83bf7525-e438-436f-bccd-4fb276953215"
      }
    },
    {
      "head": {
        "id": "cb817227-b144-4e1b-aa30-bc7cac2cf9e8",
        "name": "\"taskGraphResolved\" hook function",
        "description": "",
        "type": "duration"
      },
      "body": {
        "pid": 36824,
        "tid": "Main Thread",
        "startTime": 64652526607200,
        "endTime": 64652526619200
      },
      "additional": {
        "children": [],
        "state": "success",
        "targetName": "",
        "moduleName": "",
        "category": "",
        "taskRunReasons": [],
        "parent": "c34b346a-5c17-4601-98ce-e735cebcfb8d",
        "logId": "2fa30f98-626b-411c-91ba-b253ac6e93c9"
      },
      "log": {
        "_logger": {
          "category": "DurationEvent",
          "context": {},
          "callStackSkipIndex": 0
        },
        "_filelogger": {
          "category": "debug-file",
          "context": {},
          "callStackSkipIndex": 0
        },
        "anonymizeFileLogger": {
          "fileLogger": {
            "category": "debug-file",
            "context": {},
            "callStackSkipIndex": 0
          }
        }
      }
    },
    {
      "head": {
        "id": "2fa30f98-626b-411c-91ba-b253ac6e93c9",
        "name": "\"taskGraphResolved\" hook function",
        "description": "",
        "type": "log"
      },
      "body": {
        "pid": 36824,
        "tid": "Main Thread",
        "startTime": 64652526607200,
        "endTime": 64652526619200
      },
      "additional": {
        "logType": "info",
        "children": [],
        "durationId": "cb817227-b144-4e1b-aa30-bc7cac2cf9e8",
        "parent": "83bf7525-e438-436f-bccd-4fb276953215"
      }
    },
    {
      "head": {
        "id": "500ab5f4-a379-45cd-ba1e-1b3256e231e1",
        "name": "build task graph",
        "description": "",
        "type": "log"
      },
      "body": {
        "pid": 36824,
        "tid": "Main Thread",
        "startTime": 64652525634500,
        "endTime": 64652526628700
      },
      "additional": {
        "logType": "info",
        "children": [],
        "durationId": "3090da24-ac9a-4d2b-a578-b37120bd4819",
        "parent": "83bf7525-e438-436f-bccd-4fb276953215"
      }
    },
    {
      "head": {
        "id": "ec21a30f-8aef-42a0-8d80-84e0df54a33d",
        "name": "init task execution option",
        "description": "",
        "type": "log"
      },
      "body": {
        "pid": 36824,
        "tid": "Main Thread",
        "startTime": 64652526633000,
        "endTime": 64652526638600
      },
      "additional": {
        "logType": "info",
        "children": [],
        "durationId": "89cbb31a-c98c-40ec-8bbb-20cce12c0401",
        "parent": "83bf7525-e438-436f-bccd-4fb276953215"
      }
    },
    {
      "head": {
        "id": "83bf7525-e438-436f-bccd-4fb276953215",
        "name": "init",
        "description": "",
        "type": "log"
      },
      "body": {
        "pid": 36824,
        "tid": "Main Thread",
        "startTime": 64652377384400,
        "endTime": 64652526645200
      },
      "additional": {
        "logType": "info",
        "children": [
          "e0309b39-53f3-48bd-ad34-eaa973f07e74",
          "77b6a066-fd5e-4caf-9575-85f1c646f39e",
          "500ab5f4-a379-45cd-ba1e-1b3256e231e1",
          "ec21a30f-8aef-42a0-8d80-84e0df54a33d",
          "2db3c05b-085e-4775-bef4-0a95b8479258",
          "999305c8-9fab-438d-b55b-45d02b411d6d",
          "2fa30f98-626b-411c-91ba-b253ac6e93c9"
        ],
        "durationId": "c34b346a-5c17-4601-98ce-e735cebcfb8d"
      }
    },
    {
      "head": {
        "id": "77eafa1b-2ed3-426c-9f51-73900a1a6e66",
        "name": "Configuration task cost before running: 154 ms ",
        "description": "",
        "type": "log"
      },
      "body": {
        "pid": 36824,
        "tid": "Main Thread",
        "startTime": 64652526893900
      },
      "additional": {
        "logType": "debug",
        "children": []
      }
    },
    {
      "head": {
        "id": "5911f2cf-772a-4ef2-9bd7-04e50b1daeaa",
        "name": "entry:clean",
        "description": "Clear the cache information.",
        "type": "duration"
      },
      "body": {
        "pid": 36824,
        "tid": "Main Thread",
        "startTime": 64652528757900,
        "endTime": 64652574675100
      },
      "additional": {
        "children": [],
        "state": "success",
        "targetName": "",
        "moduleName": "entry",
        "category": "Other",
        "taskRunReasons": [],
        "detailId": "0b0334bc-0afd-430a-abb9-4fea4ef7b03e",
        "logId": "629fd107-934b-4ab2-9e46-0c2f896f20ea"
      },
      "log": {
        "_logger": {
          "category": "DurationEvent",
          "context": {},
          "callStackSkipIndex": 0
        },
        "_filelogger": {
          "category": "debug-file",
          "context": {},
          "callStackSkipIndex": 0
        },
        "anonymizeFileLogger": {
          "fileLogger": {
            "category": "debug-file",
            "context": {},
            "callStackSkipIndex": 0
          }
        }
      }
    },
    {
      "head": {
        "id": "0b0334bc-0afd-430a-abb9-4fea4ef7b03e",
        "name": "create entry:clean task",
        "description": "",
        "type": "log"
      },
      "body": {
        "pid": 36824,
        "tid": "Main Thread",
        "startTime": 64652528098100
      },
      "additional": {
        "logType": "detail",
        "children": [],
        "durationId": "5911f2cf-772a-4ef2-9bd7-04e50b1daeaa"
      }
    },
    {
      "head": {
        "id": "eb6de648-53b4-4202-811c-be635c0fdb24",
        "name": "Executing task :entry:clean",
        "description": "",
        "type": "log"
      },
      "body": {
        "pid": 36824,
        "tid": "Main Thread",
        "startTime": 64652528766900
      },
      "additional": {
        "logType": "debug",
        "children": []
      }
    },
    {
      "head": {
        "id": "2d9e7b31-cf0f-4311-b492-07fd9ab1bc96",
        "name": "clean: Start terminating worker pool.",
        "description": "",
        "type": "log"
      },
      "body": {
        "pid": 36824,
        "tid": "Main Thread",
        "startTime": 64652528875100
      },
      "additional": {
        "logType": "debug",
        "children": []
      }
    },
    {
      "head": {
        "id": "603701b3-9d4f-48e9-9059-56f601203111",
        "name": "Current worker pool is stopped or closed.",
        "description": "",
        "type": "log"
      },
      "body": {
        "pid": 36824,
        "tid": "Main Thread",
        "startTime": 64652529077200
      },
      "additional": {
        "logType": "debug",
        "children": []
      }
    },
    {
      "head": {
        "id": "97c87cfb-fd72-449e-aa5d-3be26fd43ef1",
        "name": "Clear worker 4.",
        "description": "",
        "type": "log"
      },
      "body": {
        "pid": 36824,
        "tid": "Main Thread",
        "startTime": 64652529268400
      },
      "additional": {
        "logType": "debug",
        "children": []
      }
    },
    {
      "head": {
        "id": "97c85afc-789f-4d50-b6fb-434d3bbd1f73",
        "name": "Worker 4 has been cleared.",
        "description": "",
        "type": "log"
      },
      "body": {
        "pid": 36824,
        "tid": "Main Thread",
        "startTime": 64652529398800
      },
      "additional": {
        "logType": "debug",
        "children": []
      }
    },
    {
      "head": {
        "id": "516b675a-a27d-4c29-a894-fb738f61005e",
        "name": "Current idle worker size: 0.",
        "description": "",
        "type": "log"
      },
      "body": {
        "pid": 36824,
        "tid": "Main Thread",
        "startTime": 64652529449200
      },
      "additional": {
        "logType": "debug",
        "children": []
      }
    },
    {
      "head": {
        "id": "3b0a58fa-5c4e-427f-aaa1-645459b30062",
        "name": "Current busy worker size: 0.",
        "description": "",
        "type": "log"
      },
      "body": {
        "pid": 36824,
        "tid": "Main Thread",
        "startTime": 64652529486200
      },
      "additional": {
        "logType": "debug",
        "children": []
      }
    },
    {
      "head": {
        "id": "f6517726-7b96-4cfc-9476-ef73aa3e99e3",
        "name": "Current worker pool is terminated.",
        "description": "",
        "type": "log"
      },
      "body": {
        "pid": 36824,
        "tid": "Main Thread",
        "startTime": 64652529576200
      },
      "additional": {
        "logType": "debug",
        "children": []
      }
    },
    {
      "head": {
        "id": "3f7192f0-d435-4745-ae68-e8067c416a30",
        "name": "clean: Terminating worker pool finished.",
        "description": "",
        "type": "log"
      },
      "body": {
        "pid": 36824,
        "tid": "Main Thread",
        "startTime": 64652529663600
      },
      "additional": {
        "logType": "debug",
        "children": []
      }
    },
    {
      "head": {
        "id": "1d818656-86b6-4eed-aa1f-d2d51a6a046d",
        "name": "entry : clean cost memory -0.7400436401367188",
        "description": "",
        "type": "log"
      },
      "body": {
        "pid": 36824,
        "tid": "Main Thread",
        "startTime": 64652574464200
      },
      "additional": {
        "logType": "debug",
        "children": []
      }
    },
    {
      "head": {
        "id": "2f9c04cc-b444-4623-911a-5ba14ab08719",
        "name": "runTaskFromQueue task cost before running: 202 ms ",
        "description": "",
        "type": "log"
      },
      "body": {
        "pid": 36824,
        "tid": "Main Thread",
        "startTime": 64652574613800
      },
      "additional": {
        "logType": "debug",
        "children": []
      }
    },
    {
      "head": {
        "id": "629fd107-934b-4ab2-9e46-0c2f896f20ea",
        "name": "Finished :entry:clean",
        "description": "Clear the cache information.",
        "type": "log"
      },
      "body": {
        "pid": 36824,
        "tid": "Main Thread",
        "startTime": 64652528757900,
        "endTime": 64652574675100,
        "totalTime": 45836500
      },
      "additional": {
        "logType": "info",
        "children": [],
        "durationId": "5911f2cf-772a-4ef2-9bd7-04e50b1daeaa"
      }
    },
    {
      "head": {
        "id": "dc9fe650-8490-4e33-b8c3-cabbab0c8513",
        "name": "Executing task ::clean",
        "description": "",
        "type": "log"
      },
      "body": {
        "pid": 36824,
        "tid": "Main Thread",
        "startTime": 64652574900600
      },
      "additional": {
        "logType": "debug",
        "children": []
      }
    },
    {
      "head": {
        "id": "cc43fe9f-5b4a-4e4a-9941-8eb5e535ebbb",
        "name": "clean: Worker pool is inactive.",
        "description": "",
        "type": "log"
      },
      "body": {
        "pid": 36824,
        "tid": "Main Thread",
        "startTime": 64652575026800
      },
      "additional": {
        "logType": "debug",
        "children": []
      }
    },
    {
      "head": {
        "id": "f9c7d8a8-87dd-49d4-b152-9cb5186f23fc",
        "name": "DuoLa : clean cost memory 0.03484344482421875",
        "description": "",
        "type": "log"
      },
      "body": {
        "pid": 36824,
        "tid": "Main Thread",
        "startTime": 64652575760500
      },
      "additional": {
        "logType": "debug",
        "children": []
      }
    },
    {
      "head": {
        "id": "9a9240b3-ec49-4aba-9850-b1d4890da1cc",
        "name": "runTaskFromQueue task cost before running: 203 ms ",
        "description": "",
        "type": "log"
      },
      "body": {
        "pid": 36824,
        "tid": "Main Thread",
        "startTime": 64652575927200
      },
      "additional": {
        "logType": "debug",
        "children": []
      }
    },
    {
      "head": {
        "id": "2c0c9b5e-dc6d-480b-a6a4-db5e4761a9f8",
        "name": "Finished ::clean",
        "description": "Clear the cache information.",
        "type": "log"
      },
      "body": {
        "pid": 36824,
        "tid": "Main Thread",
        "startTime": 64652574896200,
        "endTime": 64652576020900,
        "totalTime": 1012800
      },
      "additional": {
        "logType": "info",
        "children": [],
        "durationId": "7d140a00-8f9f-4f86-8788-9958c0564c02"
      }
    },
    {
      "head": {
        "id": "5d6260a9-e767-4684-95f6-2aea3cdabe7e",
        "name": "\"buildFinished\" hook function",
        "description": "",
        "type": "duration"
      },
      "body": {
        "pid": 36824,
        "tid": "Main Thread",
        "startTime": 64652590677100,
        "endTime": 64652590697900
      },
      "additional": {
        "children": [],
        "state": "success",
        "targetName": "",
        "moduleName": "",
        "category": "",
        "taskRunReasons": [],
        "parent": "d435aa1a-ac0e-4a43-8717-91c5b25781d6",
        "logId": "68a8064d-2ec6-43af-b852-8428972ac92d"
      },
      "log": {
        "_logger": {
          "category": "DurationEvent",
          "context": {},
          "callStackSkipIndex": 0
        },
        "_filelogger": {
          "category": "debug-file",
          "context": {},
          "callStackSkipIndex": 0
        },
        "anonymizeFileLogger": {
          "fileLogger": {
            "category": "debug-file",
            "context": {},
            "callStackSkipIndex": 0
          }
        }
      }
    },
    {
      "head": {
        "id": "68a8064d-2ec6-43af-b852-8428972ac92d",
        "name": "\"buildFinished\" hook function",
        "description": "",
        "type": "log"
      },
      "body": {
        "pid": 36824,
        "tid": "Main Thread",
        "startTime": 64652590677100,
        "endTime": 64652590697900
      },
      "additional": {
        "logType": "info",
        "children": [],
        "durationId": "5d6260a9-e767-4684-95f6-2aea3cdabe7e"
      }
    },
    {
      "head": {
        "id": "aa735f1e-66bd-43c8-944c-83cc7de9eaf7",
        "name": "BUILD SUCCESSFUL in 218 ms ",
        "description": "",
        "type": "log"
      },
      "body": {
        "pid": 36824,
        "tid": "Main Thread",
        "startTime": 64652590731400
      },
      "additional": {
        "logType": "info",
        "children": []
      }
    },
    {
      "head": {
        "id": "6fda9811-70a1-4a44-a6d6-ebaebc2111ea",
        "name": "clean",
        "description": "",
        "type": "mark"
      },
      "body": {
        "pid": 36824,
        "tid": "Main Thread",
        "startTime": 64652373439400,
        "endTime": 64652591107100
      },
      "additional": {
        "time": {
          "year": 2025,
          "month": 7,
          "day": 4,
          "hour": 3,
          "minute": 35,
          "second": 55
        },
        "completeCommand": "{\"completeCommand\":\"-p product=default clean --analyze=normal --parallel --incremental --daemon\",\"parallel\":true,\"prop\":[\"product=default\"],\"incremental\":true,\"_\":[\"clean\"],\"daemon\":true,\"analyze\":\"normal\"};-p product=default clean --analyze=normal --parallel --incremental --daemon",
        "hvigorVersion": "5.18.4",
        "markType": "history",
        "nodeVersion": "v18.20.1",
        "category": "clean",
        "state": "success"
      }
    }
  ],
  "workLog": []
}