{
  "version": "2.0",
  "ppid": 27556,
  "events": [
    {
      "head": {
        "id": "4a861f61-9e10-4869-af3d-8b3b7084f855",
        "name": "hvigor build process will be closed.",
        "description": "",
        "type": "log"
      },
      "body": {
        "pid": 36824,
        "tid": "Main Thread",
        "startTime": 65026111049200
      },
      "additional": {
        "logType": "debug",
        "children": []
      }
    },
    {
      "head": {
        "id": "510097a9-20da-4f13-a03b-bbf1fa5dc004",
        "name": "worker[14] exits with exit code 1.",
        "description": "",
        "type": "log"
      },
      "body": {
        "pid": 36824,
        "tid": "Main Thread",
        "startTime": 65026116675400
      },
      "additional": {
        "logType": "debug",
        "children": []
      }
    },
    {
      "head": {
        "id": "79980b3d-3ec7-4e96-a547-0fa50270b6bf",
        "name": "worker[13] exits with exit code 1.",
        "description": "",
        "type": "log"
      },
      "body": {
        "pid": 36824,
        "tid": "Main Thread",
        "startTime": 65026118882000
      },
      "additional": {
        "logType": "debug",
        "children": []
      }
    },
    {
      "head": {
        "id": "ec04aee3-0a15-4da6-a0f2-e6e7a3676362",
        "name": "watch worker: worker id should be larger than 0. Nothing will be sent to any worker thread.",
        "description": "",
        "type": "log"
      },
      "body": {
        "pid": 36824,
        "tid": "Main Thread",
        "startTime": 65026120922300
      },
      "additional": {
        "logType": "debug",
        "children": []
      }
    },
    {
      "head": {
        "id": "0863a299-af14-4e0a-b0c8-6041715b15f6",
        "name": "watch worker: worker id should be larger than 0. Nothing will be sent to any worker thread.",
        "description": "",
        "type": "log"
      },
      "body": {
        "pid": 36824,
        "tid": "Main Thread",
        "startTime": 65026121490200
      },
      "additional": {
        "logType": "debug",
        "children": []
      }
    },
    {
      "head": {
        "id": "c6edcefc-5862-47c9-b475-dfb3ad989d12",
        "name": "watch worker: worker id should be larger than 0. Nothing will be sent to any worker thread.",
        "description": "",
        "type": "log"
      },
      "body": {
        "pid": 36824,
        "tid": "Main Thread",
        "startTime": 65203296920400
      },
      "additional": {
        "logType": "debug",
        "children": []
      }
    },
    {
      "head": {
        "id": "2509f625-0caa-4d8b-92c8-03badb5d0486",
        "name": "init",
        "description": "Initialize and build task graph.",
        "type": "duration"
      },
      "body": {
        "pid": 36824,
        "tid": "Main Thread",
        "startTime": 65203307066800,
        "endTime": 65203493720700
      },
      "additional": {
        "children": [
          "6675f89f-c366-47db-af31-d14c73c14b14",
          "7b25704f-bd42-4a0b-95ef-a6313a11d007",
          "7f9c439b-06fc-4ac2-98b6-d2cfe0dd1cf7",
          "8352e36d-4ffc-4d39-83b3-c7f69bfd9df6",
          "4a734251-2d40-4168-9bc9-33fa5d48f870",
          "f9d83ac1-2071-47bf-aeab-1f7163d9f96d",
          "b87c5b4b-f46a-470b-a2b0-62fd2e7b668e"
        ],
        "state": "success",
        "targetName": "",
        "moduleName": "",
        "category": "Init",
        "taskRunReasons": [],
        "logId": "48e4ff60-8462-4b7e-8459-3cd89ede5dc4"
      },
      "log": {
        "_logger": {
          "category": "DurationEvent",
          "context": {},
          "callStackSkipIndex": 0
        },
        "_filelogger": {
          "category": "debug-file",
          "context": {},
          "callStackSkipIndex": 0
        },
        "anonymizeFileLogger": {
          "fileLogger": {
            "category": "debug-file",
            "context": {},
            "callStackSkipIndex": 0
          }
        }
      }
    },
    {
      "head": {
        "id": "6675f89f-c366-47db-af31-d14c73c14b14",
        "name": "create hvigor project model",
        "description": "Initialize hvigor project model.",
        "type": "duration"
      },
      "body": {
        "pid": 36824,
        "tid": "Main Thread",
        "startTime": 65203307069100,
        "endTime": 65203327874500
      },
      "additional": {
        "children": [],
        "state": "success",
        "targetName": "",
        "moduleName": "",
        "category": "",
        "taskRunReasons": [],
        "parent": "2509f625-0caa-4d8b-92c8-03badb5d0486",
        "logId": "e04dfcc4-6a9a-4900-8800-fabc61bde1f4"
      },
      "log": {
        "_logger": {
          "category": "DurationEvent",
          "context": {},
          "callStackSkipIndex": 0
        },
        "_filelogger": {
          "category": "debug-file",
          "context": {},
          "callStackSkipIndex": 0
        },
        "anonymizeFileLogger": {
          "fileLogger": {
            "category": "debug-file",
            "context": {},
            "callStackSkipIndex": 0
          }
        }
      }
    },
    {
      "head": {
        "id": "7b25704f-bd42-4a0b-95ef-a6313a11d007",
        "name": "configure hvigor plugin",
        "description": "Configure hvigor plugin.",
        "type": "duration"
      },
      "body": {
        "pid": 36824,
        "tid": "Main Thread",
        "startTime": 65203327907900,
        "endTime": 65203492456200
      },
      "additional": {
        "children": [
          "cf610726-f9d9-435f-a31c-c84377c6d820",
          "89e9245d-9bfc-4ed9-a88b-fed84c46f64a",
          "ecabad35-ca73-44bc-8016-9e12ed1eb31f",
          "ebadd12a-2c45-4ff7-b23b-ec93ae2b2396",
          "ef7503b8-db51-44e3-ba03-378756ed8be6",
          "0e7bda18-ae8d-49cb-9c9d-2f9355a0b603",
          "9b072fe3-0341-4b84-9e9a-8d36902a47b4",
          "acf19a38-f0e8-4641-ac1f-1de09b22c519",
          "c3a34e22-b506-4e11-9ea2-23b4e4a9108a"
        ],
        "state": "success",
        "targetName": "",
        "moduleName": "",
        "category": "",
        "taskRunReasons": [],
        "parent": "2509f625-0caa-4d8b-92c8-03badb5d0486",
        "logId": "aee1ec2f-9b6c-431d-83fe-69cc57cfc379"
      },
      "log": {
        "_logger": {
          "category": "DurationEvent",
          "context": {},
          "callStackSkipIndex": 0
        },
        "_filelogger": {
          "category": "debug-file",
          "context": {},
          "callStackSkipIndex": 0
        },
        "anonymizeFileLogger": {
          "fileLogger": {
            "category": "debug-file",
            "context": {},
            "callStackSkipIndex": 0
          }
        }
      }
    },
    {
      "head": {
        "id": "7f9c439b-06fc-4ac2-98b6-d2cfe0dd1cf7",
        "name": "build task graph",
        "description": "Build task graph.",
        "type": "duration"
      },
      "body": {
        "pid": 36824,
        "tid": "Main Thread",
        "startTime": 65203492483300,
        "endTime": 65203493706600
      },
      "additional": {
        "children": [],
        "state": "success",
        "targetName": "",
        "moduleName": "",
        "category": "",
        "taskRunReasons": [],
        "parent": "2509f625-0caa-4d8b-92c8-03badb5d0486",
        "logId": "7e4d1c43-5211-443c-92d5-6df9efd5cdaa"
      },
      "log": {
        "_logger": {
          "category": "DurationEvent",
          "context": {},
          "callStackSkipIndex": 0
        },
        "_filelogger": {
          "category": "debug-file",
          "context": {},
          "callStackSkipIndex": 0
        },
        "anonymizeFileLogger": {
          "fileLogger": {
            "category": "debug-file",
            "context": {},
            "callStackSkipIndex": 0
          }
        }
      }
    },
    {
      "head": {
        "id": "8352e36d-4ffc-4d39-83b3-c7f69bfd9df6",
        "name": "init task execution option",
        "description": "Init task execution option.",
        "type": "duration"
      },
      "body": {
        "pid": 36824,
        "tid": "Main Thread",
        "startTime": 65203493710300,
        "endTime": 65203493716700
      },
      "additional": {
        "children": [],
        "state": "success",
        "targetName": "",
        "moduleName": "",
        "category": "",
        "taskRunReasons": [],
        "parent": "2509f625-0caa-4d8b-92c8-03badb5d0486",
        "logId": "e63af2a1-23ab-47d5-9b29-00a0fb7b57f0"
      },
      "log": {
        "_logger": {
          "category": "DurationEvent",
          "context": {},
          "callStackSkipIndex": 0
        },
        "_filelogger": {
          "category": "debug-file",
          "context": {},
          "callStackSkipIndex": 0
        },
        "anonymizeFileLogger": {
          "fileLogger": {
            "category": "debug-file",
            "context": {},
            "callStackSkipIndex": 0
          }
        }
      }
    },
    {
      "head": {
        "id": "4a734251-2d40-4168-9bc9-33fa5d48f870",
        "name": "\"configEvaluated\" hook function",
        "description": "",
        "type": "duration"
      },
      "body": {
        "pid": 36824,
        "tid": "Main Thread",
        "startTime": 65203311235400,
        "endTime": 65203311286600
      },
      "additional": {
        "children": [],
        "state": "success",
        "targetName": "",
        "moduleName": "",
        "category": "",
        "taskRunReasons": [],
        "parent": "2509f625-0caa-4d8b-92c8-03badb5d0486",
        "logId": "375069a6-3235-48b9-96ed-27cf743c617c"
      },
      "log": {
        "_logger": {
          "category": "DurationEvent",
          "context": {},
          "callStackSkipIndex": 0
        },
        "_filelogger": {
          "category": "debug-file",
          "context": {},
          "callStackSkipIndex": 0
        },
        "anonymizeFileLogger": {
          "fileLogger": {
            "category": "debug-file",
            "context": {},
            "callStackSkipIndex": 0
          }
        }
      }
    },
    {
      "head": {
        "id": "375069a6-3235-48b9-96ed-27cf743c617c",
        "name": "\"configEvaluated\" hook function",
        "description": "",
        "type": "log"
      },
      "body": {
        "pid": 36824,
        "tid": "Main Thread",
        "startTime": 65203311235400,
        "endTime": 65203311286600
      },
      "additional": {
        "logType": "info",
        "children": [],
        "durationId": "4a734251-2d40-4168-9bc9-33fa5d48f870",
        "parent": "48e4ff60-8462-4b7e-8459-3cd89ede5dc4"
      }
    },
    {
      "head": {
        "id": "f9d83ac1-2071-47bf-aeab-1f7163d9f96d",
        "name": "\"nodesInitialized\" hook function",
        "description": "",
        "type": "duration"
      },
      "body": {
        "pid": 36824,
        "tid": "Main Thread",
        "startTime": 65203319258700,
        "endTime": 65203319280200
      },
      "additional": {
        "children": [],
        "state": "success",
        "targetName": "",
        "moduleName": "",
        "category": "",
        "taskRunReasons": [],
        "parent": "2509f625-0caa-4d8b-92c8-03badb5d0486",
        "logId": "d7924906-6278-486d-9bea-25f00c04b72a"
      },
      "log": {
        "_logger": {
          "category": "DurationEvent",
          "context": {},
          "callStackSkipIndex": 0
        },
        "_filelogger": {
          "category": "debug-file",
          "context": {},
          "callStackSkipIndex": 0
        },
        "anonymizeFileLogger": {
          "fileLogger": {
            "category": "debug-file",
            "context": {},
            "callStackSkipIndex": 0
          }
        }
      }
    },
    {
      "head": {
        "id": "d7924906-6278-486d-9bea-25f00c04b72a",
        "name": "\"nodesInitialized\" hook function",
        "description": "",
        "type": "log"
      },
      "body": {
        "pid": 36824,
        "tid": "Main Thread",
        "startTime": 65203319258700,
        "endTime": 65203319280200
      },
      "additional": {
        "logType": "info",
        "children": [],
        "durationId": "f9d83ac1-2071-47bf-aeab-1f7163d9f96d",
        "parent": "48e4ff60-8462-4b7e-8459-3cd89ede5dc4"
      }
    },
    {
      "head": {
        "id": "dc11d739-4897-4d44-99f7-f6cdd1650dbe",
        "name": "Hvigor init with startParameters:{\n  hvigorfileTypeCheck: false,\n  parallelExecution: true,\n  incrementalExecution: true,\n  printStackTrace: false,\n  daemon: true,\n  analyze: 0,\n  logLevel: Level { level: 20000, levelStr: 'INFO', colour: 'green' }\n}",
        "description": "",
        "type": "log"
      },
      "body": {
        "pid": 36824,
        "tid": "Main Thread",
        "startTime": 65203319330800
      },
      "additional": {
        "logType": "debug",
        "children": []
      }
    },
    {
      "head": {
        "id": "58a9dc4e-44be-465e-b6a9-cf6e6c74a8a4",
        "name": "Cache service initialization finished in 9 ms ",
        "description": "",
        "type": "log"
      },
      "body": {
        "pid": 36824,
        "tid": "Main Thread",
        "startTime": 65203327586700
      },
      "additional": {
        "logType": "debug",
        "children": []
      }
    },
    {
      "head": {
        "id": "e04dfcc4-6a9a-4900-8800-fabc61bde1f4",
        "name": "create hvigor project model",
        "description": "",
        "type": "log"
      },
      "body": {
        "pid": 36824,
        "tid": "Main Thread",
        "startTime": 65203307069100,
        "endTime": 65203327874500
      },
      "additional": {
        "logType": "info",
        "children": [],
        "durationId": "6675f89f-c366-47db-af31-d14c73c14b14",
        "parent": "48e4ff60-8462-4b7e-8459-3cd89ede5dc4"
      }
    },
    {
      "head": {
        "id": "cf610726-f9d9-435f-a31c-c84377c6d820",
        "name": "init configuration",
        "description": "Initialize configuration.",
        "type": "duration"
      },
      "body": {
        "pid": 36824,
        "tid": "Main Thread",
        "startTime": 65203336440400,
        "endTime": 65203336452200
      },
      "additional": {
        "children": [],
        "state": "success",
        "targetName": "",
        "moduleName": "",
        "category": "",
        "taskRunReasons": [],
        "parent": "7b25704f-bd42-4a0b-95ef-a6313a11d007",
        "logId": "24e63747-60c0-4c0e-8c85-63aa0bd50ecf"
      },
      "log": {
        "_logger": {
          "category": "DurationEvent",
          "context": {},
          "callStackSkipIndex": 0
        },
        "_filelogger": {
          "category": "debug-file",
          "context": {},
          "callStackSkipIndex": 0
        },
        "anonymizeFileLogger": {
          "fileLogger": {
            "category": "debug-file",
            "context": {},
            "callStackSkipIndex": 0
          }
        }
      }
    },
    {
      "head": {
        "id": "89e9245d-9bfc-4ed9-a88b-fed84c46f64a",
        "name": "configure project task",
        "description": "Configure project task.",
        "type": "duration"
      },
      "body": {
        "pid": 36824,
        "tid": "Main Thread",
        "startTime": 65203336484800,
        "endTime": 65203342523600
      },
      "additional": {
        "children": [],
        "state": "success",
        "targetName": "",
        "moduleName": "",
        "category": "",
        "taskRunReasons": [],
        "parent": "7b25704f-bd42-4a0b-95ef-a6313a11d007",
        "logId": "c53d0234-b165-4efe-a505-1abe6fffb3b3"
      },
      "log": {
        "_logger": {
          "category": "DurationEvent",
          "context": {},
          "callStackSkipIndex": 0
        },
        "_filelogger": {
          "category": "debug-file",
          "context": {},
          "callStackSkipIndex": 0
        },
        "anonymizeFileLogger": {
          "fileLogger": {
            "category": "debug-file",
            "context": {},
            "callStackSkipIndex": 0
          }
        }
      }
    },
    {
      "head": {
        "id": "ecabad35-ca73-44bc-8016-9e12ed1eb31f",
        "name": "eval project",
        "description": "Evaluate project.",
        "type": "duration"
      },
      "body": {
        "pid": 36824,
        "tid": "Main Thread",
        "startTime": 65203342540800,
        "endTime": 65203437599500
      },
      "additional": {
        "children": [
          "cf9ef95f-2306-4278-86d8-5c9e4f33c254",
          "20483a9b-5d5d-4f68-8527-ec00899ef431",
          "f196972d-6efa-4af5-b726-3e04d069d258"
        ],
        "state": "success",
        "targetName": "",
        "moduleName": "",
        "category": "",
        "taskRunReasons": [],
        "parent": "7b25704f-bd42-4a0b-95ef-a6313a11d007",
        "logId": "a75de9f9-f229-48f3-893a-a5a9cffa3210"
      },
      "log": {
        "_logger": {
          "category": "DurationEvent",
          "context": {},
          "callStackSkipIndex": 0
        },
        "_filelogger": {
          "category": "debug-file",
          "context": {},
          "callStackSkipIndex": 0
        },
        "anonymizeFileLogger": {
          "fileLogger": {
            "category": "debug-file",
            "context": {},
            "callStackSkipIndex": 0
          }
        }
      }
    },
    {
      "head": {
        "id": "ebadd12a-2c45-4ff7-b23b-ec93ae2b2396",
        "name": "eval modules",
        "description": "Evaluate modules.",
        "type": "duration"
      },
      "body": {
        "pid": 36824,
        "tid": "Main Thread",
        "startTime": 65203437616800,
        "endTime": 65203459766700
      },
      "additional": {
        "children": [
          "b41c019a-58fe-4755-a3bc-f784953be1cf"
        ],
        "state": "success",
        "targetName": "",
        "moduleName": "",
        "category": "",
        "taskRunReasons": [],
        "parent": "7b25704f-bd42-4a0b-95ef-a6313a11d007",
        "logId": "38ab53be-a24b-44ea-b666-07e09b8087c6"
      },
      "log": {
        "_logger": {
          "category": "DurationEvent",
          "context": {},
          "callStackSkipIndex": 0
        },
        "_filelogger": {
          "category": "debug-file",
          "context": {},
          "callStackSkipIndex": 0
        },
        "anonymizeFileLogger": {
          "fileLogger": {
            "category": "debug-file",
            "context": {},
            "callStackSkipIndex": 0
          }
        }
      }
    },
    {
      "head": {
        "id": "ef7503b8-db51-44e3-ba03-378756ed8be6",
        "name": "add config dependencies",
        "description": "Add configuration dependencies.",
        "type": "duration"
      },
      "body": {
        "pid": 36824,
        "tid": "Main Thread",
        "startTime": 65203459789600,
        "endTime": 65203478998000
      },
      "additional": {
        "children": [],
        "state": "success",
        "targetName": "",
        "moduleName": "",
        "category": "",
        "taskRunReasons": [],
        "parent": "7b25704f-bd42-4a0b-95ef-a6313a11d007",
        "logId": "304b7133-bdde-4d4c-961b-853ca3a92a0c"
      },
      "log": {
        "_logger": {
          "category": "DurationEvent",
          "context": {},
          "callStackSkipIndex": 0
        },
        "_filelogger": {
          "category": "debug-file",
          "context": {},
          "callStackSkipIndex": 0
        },
        "anonymizeFileLogger": {
          "fileLogger": {
            "category": "debug-file",
            "context": {},
            "callStackSkipIndex": 0
          }
        }
      }
    },
    {
      "head": {
        "id": "0e7bda18-ae8d-49cb-9c9d-2f9355a0b603",
        "name": "ohpm install",
        "description": "Ohpm install event.",
        "type": "duration"
      },
      "body": {
        "pid": 36824,
        "tid": "Main Thread",
        "startTime": 65203480144900,
        "endTime": 65203480860400
      },
      "additional": {
        "children": [],
        "state": "success",
        "targetName": "",
        "moduleName": "",
        "category": "",
        "taskRunReasons": [],
        "parent": "7b25704f-bd42-4a0b-95ef-a6313a11d007",
        "logId": "746bc547-7435-49a9-bb8d-250b31e8a584"
      },
      "log": {
        "_logger": {
          "category": "DurationEvent",
          "context": {},
          "callStackSkipIndex": 0
        },
        "_filelogger": {
          "category": "debug-file",
          "context": {},
          "callStackSkipIndex": 0
        },
        "anonymizeFileLogger": {
          "fileLogger": {
            "category": "debug-file",
            "context": {},
            "callStackSkipIndex": 0
          }
        }
      }
    },
    {
      "head": {
        "id": "9b072fe3-0341-4b84-9e9a-8d36902a47b4",
        "name": "eval hook",
        "description": "EvaluateEvent hook.",
        "type": "duration"
      },
      "body": {
        "pid": 36824,
        "tid": "Main Thread",
        "startTime": 65203480874100,
        "endTime": 65203492309600
      },
      "additional": {
        "children": [],
        "state": "success",
        "targetName": "",
        "moduleName": "",
        "category": "",
        "taskRunReasons": [],
        "parent": "7b25704f-bd42-4a0b-95ef-a6313a11d007",
        "logId": "f5eaf85f-9053-4477-9bad-22e14f1a5957"
      },
      "log": {
        "_logger": {
          "category": "DurationEvent",
          "context": {},
          "callStackSkipIndex": 0
        },
        "_filelogger": {
          "category": "debug-file",
          "context": {},
          "callStackSkipIndex": 0
        },
        "anonymizeFileLogger": {
          "fileLogger": {
            "category": "debug-file",
            "context": {},
            "callStackSkipIndex": 0
          }
        }
      }
    },
    {
      "head": {
        "id": "acf19a38-f0e8-4641-ac1f-1de09b22c519",
        "name": "fin configuration",
        "description": "Finish configuration.",
        "type": "duration"
      },
      "body": {
        "pid": 36824,
        "tid": "Main Thread",
        "startTime": 65203492327800,
        "endTime": 65203492445900
      },
      "additional": {
        "children": [],
        "state": "success",
        "targetName": "",
        "moduleName": "",
        "category": "",
        "taskRunReasons": [],
        "parent": "7b25704f-bd42-4a0b-95ef-a6313a11d007",
        "logId": "0f67820a-824f-45f1-8ab2-d603feaa8092"
      },
      "log": {
        "_logger": {
          "category": "DurationEvent",
          "context": {},
          "callStackSkipIndex": 0
        },
        "_filelogger": {
          "category": "debug-file",
          "context": {},
          "callStackSkipIndex": 0
        },
        "anonymizeFileLogger": {
          "fileLogger": {
            "category": "debug-file",
            "context": {},
            "callStackSkipIndex": 0
          }
        }
      }
    },
    {
      "head": {
        "id": "24e63747-60c0-4c0e-8c85-63aa0bd50ecf",
        "name": "init configuration",
        "description": "",
        "type": "log"
      },
      "body": {
        "pid": 36824,
        "tid": "Main Thread",
        "startTime": 65203336440400,
        "endTime": 65203336452200
      },
      "additional": {
        "logType": "info",
        "children": [],
        "durationId": "cf610726-f9d9-435f-a31c-c84377c6d820",
        "parent": "aee1ec2f-9b6c-431d-83fe-69cc57cfc379"
      }
    },
    {
      "head": {
        "id": "c53d0234-b165-4efe-a505-1abe6fffb3b3",
        "name": "configure project task",
        "description": "",
        "type": "log"
      },
      "body": {
        "pid": 36824,
        "tid": "Main Thread",
        "startTime": 65203336484800,
        "endTime": 65203342523600
      },
      "additional": {
        "logType": "info",
        "children": [],
        "durationId": "89e9245d-9bfc-4ed9-a88b-fed84c46f64a",
        "parent": "aee1ec2f-9b6c-431d-83fe-69cc57cfc379"
      }
    },
    {
      "head": {
        "id": "cf9ef95f-2306-4278-86d8-5c9e4f33c254",
        "name": "\"beforeNodeEvaluate\" hook function",
        "description": "",
        "type": "duration"
      },
      "body": {
        "pid": 36824,
        "tid": "Main Thread",
        "startTime": 65203343453000,
        "endTime": 65203343478400
      },
      "additional": {
        "children": [],
        "state": "success",
        "targetName": "",
        "moduleName": "",
        "category": "",
        "taskRunReasons": [],
        "parent": "ecabad35-ca73-44bc-8016-9e12ed1eb31f",
        "logId": "a47e299b-bc00-440a-9498-58a98af57650"
      },
      "log": {
        "_logger": {
          "category": "DurationEvent",
          "context": {},
          "callStackSkipIndex": 0
        },
        "_filelogger": {
          "category": "debug-file",
          "context": {},
          "callStackSkipIndex": 0
        },
        "anonymizeFileLogger": {
          "fileLogger": {
            "category": "debug-file",
            "context": {},
            "callStackSkipIndex": 0
          }
        }
      }
    },
    {
      "head": {
        "id": "a47e299b-bc00-440a-9498-58a98af57650",
        "name": "\"beforeNodeEvaluate\" hook function",
        "description": "",
        "type": "log"
      },
      "body": {
        "pid": 36824,
        "tid": "Main Thread",
        "startTime": 65203343453000,
        "endTime": 65203343478400
      },
      "additional": {
        "logType": "info",
        "children": [],
        "durationId": "cf9ef95f-2306-4278-86d8-5c9e4f33c254",
        "parent": "a75de9f9-f229-48f3-893a-a5a9cffa3210"
      }
    },
    {
      "head": {
        "id": "20483a9b-5d5d-4f68-8527-ec00899ef431",
        "name": "eval hvigorfile",
        "description": "Evaluate hvigorfile.",
        "type": "duration"
      },
      "body": {
        "pid": 36824,
        "tid": "Main Thread",
        "startTime": 65203346805400,
        "endTime": 65203436774300
      },
      "additional": {
        "children": [
          "01ea7c04-43d7-4bb6-8376-3e4d3c7462d9",
          "124d80e9-6ffd-45c8-95b1-3395bf394617"
        ],
        "state": "success",
        "targetName": "",
        "moduleName": "",
        "category": "",
        "taskRunReasons": [],
        "parent": "ecabad35-ca73-44bc-8016-9e12ed1eb31f",
        "logId": "910f7f32-3ef4-45bc-b6b7-e6eef95dd17b"
      },
      "log": {
        "_logger": {
          "category": "DurationEvent",
          "context": {},
          "callStackSkipIndex": 0
        },
        "_filelogger": {
          "category": "debug-file",
          "context": {},
          "callStackSkipIndex": 0
        },
        "anonymizeFileLogger": {
          "fileLogger": {
            "category": "debug-file",
            "context": {},
            "callStackSkipIndex": 0
          }
        }
      }
    },
    {
      "head": {
        "id": "01ea7c04-43d7-4bb6-8376-3e4d3c7462d9",
        "name": "require hvigorfile",
        "description": "Require hvigorfile.",
        "type": "duration"
      },
      "body": {
        "pid": 36824,
        "tid": "Main Thread",
        "startTime": 65203346807200,
        "endTime": 65203352352200
      },
      "additional": {
        "children": [],
        "state": "success",
        "targetName": "",
        "moduleName": "",
        "category": "",
        "taskRunReasons": [],
        "parent": "20483a9b-5d5d-4f68-8527-ec00899ef431",
        "logId": "059229ff-31b3-47b4-b9ef-12eeb01fa875"
      },
      "log": {
        "_logger": {
          "category": "DurationEvent",
          "context": {},
          "callStackSkipIndex": 0
        },
        "_filelogger": {
          "category": "debug-file",
          "context": {},
          "callStackSkipIndex": 0
        },
        "anonymizeFileLogger": {
          "fileLogger": {
            "category": "debug-file",
            "context": {},
            "callStackSkipIndex": 0
          }
        }
      }
    },
    {
      "head": {
        "id": "124d80e9-6ffd-45c8-95b1-3395bf394617",
        "name": "bind plugins",
        "description": "Bind plugins.",
        "type": "duration"
      },
      "body": {
        "pid": 36824,
        "tid": "Main Thread",
        "startTime": 65203352374200,
        "endTime": 65203436758000
      },
      "additional": {
        "children": [],
        "state": "success",
        "targetName": "",
        "moduleName": "",
        "category": "",
        "taskRunReasons": [],
        "parent": "20483a9b-5d5d-4f68-8527-ec00899ef431",
        "logId": "12ae1b7a-0f06-438a-8842-171430897701"
      },
      "log": {
        "_logger": {
          "category": "DurationEvent",
          "context": {},
          "callStackSkipIndex": 0
        },
        "_filelogger": {
          "category": "debug-file",
          "context": {},
          "callStackSkipIndex": 0
        },
        "anonymizeFileLogger": {
          "fileLogger": {
            "category": "debug-file",
            "context": {},
            "callStackSkipIndex": 0
          }
        }
      }
    },
    {
      "head": {
        "id": "e9e01de2-72d0-45b9-b3b9-b657fb7f660d",
        "name": "hvigorfile, resolving F:\\DevEcoStudioProjects\\DuoLa\\hvigorfile.ts",
        "description": "",
        "type": "log"
      },
      "body": {
        "pid": 36824,
        "tid": "Main Thread",
        "startTime": 65203346811700
      },
      "additional": {
        "logType": "debug",
        "children": []
      }
    },
    {
      "head": {
        "id": "03ca8827-2717-4bdf-b414-4e08a97d7027",
        "name": "hvigorfile, require result:  { default: { system: [Function: appTasks], plugins: [] } }",
        "description": "",
        "type": "log"
      },
      "body": {
        "pid": 36824,
        "tid": "Main Thread",
        "startTime": 65203352154400
      },
      "additional": {
        "logType": "debug",
        "children": []
      }
    },
    {
      "head": {
        "id": "059229ff-31b3-47b4-b9ef-12eeb01fa875",
        "name": "require hvigorfile",
        "description": "",
        "type": "log"
      },
      "body": {
        "pid": 36824,
        "tid": "Main Thread",
        "startTime": 65203346807200,
        "endTime": 65203352352200
      },
      "additional": {
        "logType": "info",
        "children": [],
        "durationId": "01ea7c04-43d7-4bb6-8376-3e4d3c7462d9",
        "parent": "910f7f32-3ef4-45bc-b6b7-e6eef95dd17b"
      }
    },
    {
      "head": {
        "id": "8bb086f6-ddd3-4284-8688-556a3815a197",
        "name": "hvigorfile, binding system plugins [Function: appTasks]",
        "description": "",
        "type": "log"
      },
      "body": {
        "pid": 36824,
        "tid": "Main Thread",
        "startTime": 65203352390300
      },
      "additional": {
        "logType": "debug",
        "children": []
      }
    },
    {
      "head": {
        "id": "6f10bc8a-6849-40a7-b3cb-660c1a630fdb",
        "name": "Start initialize project's product build option map with build mode debug.",
        "description": "",
        "type": "log"
      },
      "body": {
        "pid": 36824,
        "tid": "Main Thread",
        "startTime": 65203361650700
      },
      "additional": {
        "logType": "debug",
        "children": []
      }
    },
    {
      "head": {
        "id": "66747425-9c2d-435a-82af-0eb193302c37",
        "name": "Picking option from product 'default' with build mode 'debug'.",
        "description": "",
        "type": "log"
      },
      "body": {
        "pid": 36824,
        "tid": "Main Thread",
        "startTime": 65203361809800
      },
      "additional": {
        "logType": "debug",
        "children": []
      }
    },
    {
      "head": {
        "id": "3891f5d7-b204-4b20-982c-a097c0ac95a4",
        "name": "Product 'default' build option: {}",
        "description": "",
        "type": "log"
      },
      "body": {
        "pid": 36824,
        "tid": "Main Thread",
        "startTime": 65203361976000
      },
      "additional": {
        "logType": "debug",
        "children": []
      }
    },
    {
      "head": {
        "id": "b80ff3e3-b64e-4b82-bfc4-8b53b2a3f72d",
        "name": "End initialize project's product build option map with build mode 'debug'.",
        "description": "",
        "type": "log"
      },
      "body": {
        "pid": 36824,
        "tid": "Main Thread",
        "startTime": 65203362092700
      },
      "additional": {
        "logType": "debug",
        "children": []
      }
    },
    {
      "head": {
        "id": "75e56f15-262d-44f4-93f5-9a3139a6be39",
        "name": "Product 'default' using build option: {\n  \"debuggable\": true,\n  \"strictMode\": {\n    \"caseSensitiveCheck\": true,\n    \"useNormalizedOHMUrl\": true\n  }\n} in this build.",
        "description": "",
        "type": "log"
      },
      "body": {
        "pid": 36824,
        "tid": "Main Thread",
        "startTime": 65203363828900
      },
      "additional": {
        "logType": "debug",
        "children": []
      }
    },
    {
      "head": {
        "id": "93bacc03-d100-4a83-bcb5-0afac72e01dc",
        "name": "No signingConfig found, initRemoteHspCache failed.",
        "description": "",
        "type": "log"
      },
      "body": {
        "pid": 36824,
        "tid": "Main Thread",
        "startTime": 65203368509300
      },
      "additional": {
        "logType": "debug",
        "children": []
      }
    },
    {
      "head": {
        "id": "e2188978-6edc-4e27-b5f3-e0a9e7d68762",
        "name": "Start recording SDK configuration permission data.",
        "description": "",
        "type": "log"
      },
      "body": {
        "pid": 36824,
        "tid": "Main Thread",
        "startTime": 65203379393500
      },
      "additional": {
        "logType": "debug",
        "children": []
      }
    },
    {
      "head": {
        "id": "33f4c3f8-a675-4a47-b989-44e9654389ee",
        "name": "Sdk init in 43 ms ",
        "description": "",
        "type": "log"
      },
      "body": {
        "pid": 36824,
        "tid": "Main Thread",
        "startTime": 65203411955600
      },
      "additional": {
        "logType": "debug",
        "children": []
      }
    },
    {
      "head": {
        "id": "0f2c64c6-5cad-4b86-98ff-c0ebed45fb55",
        "name": "sdkVersion",
        "description": "5.1.0.110",
        "type": "mark"
      },
      "body": {
        "pid": 36824,
        "tid": "Main Thread",
        "startTime": 65203412104200
      },
      "additional": {
        "time": {
          "year": 2025,
          "month": 7,
          "day": 4,
          "hour": 3,
          "minute": 45,
          "second": 6
        },
        "markType": "other"
      }
    },
    {
      "head": {
        "id": "ec903625-214d-4bff-bb1a-1dcd32cfef50",
        "name": "caseSensitiveCheckOn",
        "description": "caseSensitiveCheck check is on",
        "type": "mark"
      },
      "body": {
        "pid": 36824,
        "tid": "Main Thread",
        "startTime": 65203412175900
      },
      "additional": {
        "time": {
          "year": 2025,
          "month": 7,
          "day": 4,
          "hour": 3,
          "minute": 45,
          "second": 6
        },
        "markType": "other"
      }
    },
    {
      "head": {
        "id": "927184a7-8c18-4f0c-8117-342383c7f8ce",
        "name": ":clean",
        "description": "Clear the cache information.",
        "type": "duration"
      },
      "body": {
        "pid": 36824,
        "tid": "Main Thread",
        "startTime": 65203554578200,
        "endTime": 65203555944600
      },
      "additional": {
        "children": [],
        "state": "success",
        "targetName": "",
        "moduleName": "",
        "category": "Other",
        "taskRunReasons": [],
        "detailId": "9cae43a0-b001-4301-888a-a7289ab99355",
        "logId": "bdb50134-a94d-4d55-9d18-c726307fe914"
      },
      "log": {
        "_logger": {
          "category": "DurationEvent",
          "context": {},
          "callStackSkipIndex": 0
        },
        "_filelogger": {
          "category": "debug-file",
          "context": {},
          "callStackSkipIndex": 0
        },
        "anonymizeFileLogger": {
          "fileLogger": {
            "category": "debug-file",
            "context": {},
            "callStackSkipIndex": 0
          }
        }
      }
    },
    {
      "head": {
        "id": "9cae43a0-b001-4301-888a-a7289ab99355",
        "name": "create :clean task",
        "description": "",
        "type": "log"
      },
      "body": {
        "pid": 36824,
        "tid": "Main Thread",
        "startTime": 65203416548700
      },
      "additional": {
        "logType": "detail",
        "children": [],
        "durationId": "927184a7-8c18-4f0c-8117-342383c7f8ce"
      }
    },
    {
      "head": {
        "id": "bd27112d-2f66-4451-a007-c8ed595e2bc6",
        "name": "Project task initialization takes 24 ms ",
        "description": "",
        "type": "log"
      },
      "body": {
        "pid": 36824,
        "tid": "Main Thread",
        "startTime": 65203436400800
      },
      "additional": {
        "logType": "debug",
        "children": []
      }
    },
    {
      "head": {
        "id": "667db8d9-acd1-4992-88c6-ad49159cd865",
        "name": "hvigorfile, binding custom plugins []",
        "description": "",
        "type": "log"
      },
      "body": {
        "pid": 36824,
        "tid": "Main Thread",
        "startTime": 65203436560000
      },
      "additional": {
        "logType": "debug",
        "children": []
      }
    },
    {
      "head": {
        "id": "21c4b0eb-4e31-4c67-8577-6afa23a94d4f",
        "name": "hvigorfile, no custom plugins were found in F:\\DevEcoStudioProjects\\DuoLa\\hvigorfile.ts",
        "description": "",
        "type": "log"
      },
      "body": {
        "pid": 36824,
        "tid": "Main Thread",
        "startTime": 65203436629600
      },
      "additional": {
        "logType": "debug",
        "children": []
      }
    },
    {
      "head": {
        "id": "02f1d729-cabd-49c1-a3d9-66f40de5585c",
        "name": "hvigorfile, resolve finished F:\\DevEcoStudioProjects\\DuoLa\\hvigorfile.ts",
        "description": "",
        "type": "log"
      },
      "body": {
        "pid": 36824,
        "tid": "Main Thread",
        "startTime": 65203436696600
      },
      "additional": {
        "logType": "debug",
        "children": []
      }
    },
    {
      "head": {
        "id": "12ae1b7a-0f06-438a-8842-171430897701",
        "name": "bind plugins",
        "description": "",
        "type": "log"
      },
      "body": {
        "pid": 36824,
        "tid": "Main Thread",
        "startTime": 65203352374200,
        "endTime": 65203436758000
      },
      "additional": {
        "logType": "info",
        "children": [],
        "durationId": "124d80e9-6ffd-45c8-95b1-3395bf394617",
        "parent": "910f7f32-3ef4-45bc-b6b7-e6eef95dd17b"
      }
    },
    {
      "head": {
        "id": "910f7f32-3ef4-45bc-b6b7-e6eef95dd17b",
        "name": "eval hvigorfile",
        "description": "",
        "type": "log"
      },
      "body": {
        "pid": 36824,
        "tid": "Main Thread",
        "startTime": 65203346805400,
        "endTime": 65203436774300
      },
      "additional": {
        "logType": "info",
        "children": [
          "059229ff-31b3-47b4-b9ef-12eeb01fa875",
          "12ae1b7a-0f06-438a-8842-171430897701"
        ],
        "durationId": "20483a9b-5d5d-4f68-8527-ec00899ef431",
        "parent": "a75de9f9-f229-48f3-893a-a5a9cffa3210"
      }
    },
    {
      "head": {
        "id": "f196972d-6efa-4af5-b726-3e04d069d258",
        "name": "\"afterNodeEvaluate\" hook function",
        "description": "",
        "type": "duration"
      },
      "body": {
        "pid": 36824,
        "tid": "Main Thread",
        "startTime": 65203437571100,
        "endTime": 65203437585800
      },
      "additional": {
        "children": [],
        "state": "success",
        "targetName": "",
        "moduleName": "",
        "category": "",
        "taskRunReasons": [],
        "parent": "ecabad35-ca73-44bc-8016-9e12ed1eb31f",
        "logId": "9e19188c-ecbd-461e-87bc-697b04702fa7"
      },
      "log": {
        "_logger": {
          "category": "DurationEvent",
          "context": {},
          "callStackSkipIndex": 0
        },
        "_filelogger": {
          "category": "debug-file",
          "context": {},
          "callStackSkipIndex": 0
        },
        "anonymizeFileLogger": {
          "fileLogger": {
            "category": "debug-file",
            "context": {},
            "callStackSkipIndex": 0
          }
        }
      }
    },
    {
      "head": {
        "id": "9e19188c-ecbd-461e-87bc-697b04702fa7",
        "name": "\"afterNodeEvaluate\" hook function",
        "description": "",
        "type": "log"
      },
      "body": {
        "pid": 36824,
        "tid": "Main Thread",
        "startTime": 65203437571100,
        "endTime": 65203437585800
      },
      "additional": {
        "logType": "info",
        "children": [],
        "durationId": "f196972d-6efa-4af5-b726-3e04d069d258",
        "parent": "a75de9f9-f229-48f3-893a-a5a9cffa3210"
      }
    },
    {
      "head": {
        "id": "a75de9f9-f229-48f3-893a-a5a9cffa3210",
        "name": "eval project",
        "description": "",
        "type": "log"
      },
      "body": {
        "pid": 36824,
        "tid": "Main Thread",
        "startTime": 65203342540800,
        "endTime": 65203437599500
      },
      "additional": {
        "logType": "info",
        "children": [
          "a47e299b-bc00-440a-9498-58a98af57650",
          "910f7f32-3ef4-45bc-b6b7-e6eef95dd17b",
          "9e19188c-ecbd-461e-87bc-697b04702fa7"
        ],
        "durationId": "ecabad35-ca73-44bc-8016-9e12ed1eb31f",
        "parent": "aee1ec2f-9b6c-431d-83fe-69cc57cfc379"
      }
    },
    {
      "head": {
        "id": "b41c019a-58fe-4755-a3bc-f784953be1cf",
        "name": "eval submodule",
        "description": "Evaluate submodule.",
        "type": "duration"
      },
      "body": {
        "pid": 36824,
        "tid": "Main Thread",
        "startTime": 65203438219800,
        "endTime": 65203459756200
      },
      "additional": {
        "children": [
          "006ac32a-8e45-4a5a-8334-c63432691c64",
          "57d52a64-b1ae-4efe-8ab6-f45c4cdc1d44",
          "fd87dd1b-d433-4f92-b3b9-7613a3e402ab"
        ],
        "state": "success",
        "targetName": "",
        "moduleName": "",
        "category": "",
        "taskRunReasons": [],
        "parent": "ebadd12a-2c45-4ff7-b23b-ec93ae2b2396",
        "logId": "ebbd34a0-93b2-438d-a554-c755bf466f9b"
      },
      "log": {
        "_logger": {
          "category": "DurationEvent",
          "context": {},
          "callStackSkipIndex": 0
        },
        "_filelogger": {
          "category": "debug-file",
          "context": {},
          "callStackSkipIndex": 0
        },
        "anonymizeFileLogger": {
          "fileLogger": {
            "category": "debug-file",
            "context": {},
            "callStackSkipIndex": 0
          }
        }
      }
    },
    {
      "head": {
        "id": "006ac32a-8e45-4a5a-8334-c63432691c64",
        "name": "\"beforeNodeEvaluate\" hook function",
        "description": "",
        "type": "duration"
      },
      "body": {
        "pid": 36824,
        "tid": "Main Thread",
        "startTime": 65203441132500,
        "endTime": 65203441145600
      },
      "additional": {
        "children": [],
        "state": "success",
        "targetName": "",
        "moduleName": "",
        "category": "",
        "taskRunReasons": [],
        "parent": "b41c019a-58fe-4755-a3bc-f784953be1cf",
        "logId": "a882756b-db7f-4e53-8ae5-375e5aa15896"
      },
      "log": {
        "_logger": {
          "category": "DurationEvent",
          "context": {},
          "callStackSkipIndex": 0
        },
        "_filelogger": {
          "category": "debug-file",
          "context": {},
          "callStackSkipIndex": 0
        },
        "anonymizeFileLogger": {
          "fileLogger": {
            "category": "debug-file",
            "context": {},
            "callStackSkipIndex": 0
          }
        }
      }
    },
    {
      "head": {
        "id": "a882756b-db7f-4e53-8ae5-375e5aa15896",
        "name": "\"beforeNodeEvaluate\" hook function",
        "description": "",
        "type": "log"
      },
      "body": {
        "pid": 36824,
        "tid": "Main Thread",
        "startTime": 65203441132500,
        "endTime": 65203441145600
      },
      "additional": {
        "logType": "info",
        "children": [],
        "durationId": "006ac32a-8e45-4a5a-8334-c63432691c64",
        "parent": "ebbd34a0-93b2-438d-a554-c755bf466f9b"
      }
    },
    {
      "head": {
        "id": "57d52a64-b1ae-4efe-8ab6-f45c4cdc1d44",
        "name": "eval hvigorfile",
        "description": "Evaluate hvigorfile.",
        "type": "duration"
      },
      "body": {
        "pid": 36824,
        "tid": "Main Thread",
        "startTime": 65203443076500,
        "endTime": 65203458310400
      },
      "additional": {
        "children": [
          "12c95e47-6513-4786-bcfc-2633fb5a653f",
          "97587e9e-abde-44ac-82cb-1638fced2e83"
        ],
        "state": "success",
        "targetName": "",
        "moduleName": "",
        "category": "",
        "taskRunReasons": [],
        "parent": "b41c019a-58fe-4755-a3bc-f784953be1cf",
        "logId": "303eb4a5-c144-4c37-a919-cb40523ad5d6"
      },
      "log": {
        "_logger": {
          "category": "DurationEvent",
          "context": {},
          "callStackSkipIndex": 0
        },
        "_filelogger": {
          "category": "debug-file",
          "context": {},
          "callStackSkipIndex": 0
        },
        "anonymizeFileLogger": {
          "fileLogger": {
            "category": "debug-file",
            "context": {},
            "callStackSkipIndex": 0
          }
        }
      }
    },
    {
      "head": {
        "id": "12c95e47-6513-4786-bcfc-2633fb5a653f",
        "name": "require hvigorfile",
        "description": "Require hvigorfile.",
        "type": "duration"
      },
      "body": {
        "pid": 36824,
        "tid": "Main Thread",
        "startTime": 65203443077800,
        "endTime": 65203446771700
      },
      "additional": {
        "children": [],
        "state": "success",
        "targetName": "",
        "moduleName": "",
        "category": "",
        "taskRunReasons": [],
        "parent": "57d52a64-b1ae-4efe-8ab6-f45c4cdc1d44",
        "logId": "a8aa9c80-375c-447f-a150-b58b235abe94"
      },
      "log": {
        "_logger": {
          "category": "DurationEvent",
          "context": {},
          "callStackSkipIndex": 0
        },
        "_filelogger": {
          "category": "debug-file",
          "context": {},
          "callStackSkipIndex": 0
        },
        "anonymizeFileLogger": {
          "fileLogger": {
            "category": "debug-file",
            "context": {},
            "callStackSkipIndex": 0
          }
        }
      }
    },
    {
      "head": {
        "id": "97587e9e-abde-44ac-82cb-1638fced2e83",
        "name": "bind plugins",
        "description": "Bind plugins.",
        "type": "duration"
      },
      "body": {
        "pid": 36824,
        "tid": "Main Thread",
        "startTime": 65203446819700,
        "endTime": 65203458292800
      },
      "additional": {
        "children": [],
        "state": "success",
        "targetName": "",
        "moduleName": "",
        "category": "",
        "taskRunReasons": [],
        "parent": "57d52a64-b1ae-4efe-8ab6-f45c4cdc1d44",
        "logId": "f03f26b6-f7a8-44b0-80b8-565001bb4169"
      },
      "log": {
        "_logger": {
          "category": "DurationEvent",
          "context": {},
          "callStackSkipIndex": 0
        },
        "_filelogger": {
          "category": "debug-file",
          "context": {},
          "callStackSkipIndex": 0
        },
        "anonymizeFileLogger": {
          "fileLogger": {
            "category": "debug-file",
            "context": {},
            "callStackSkipIndex": 0
          }
        }
      }
    },
    {
      "head": {
        "id": "5204a37c-828d-45d6-9491-f04f9495809e",
        "name": "hvigorfile, resolving F:\\DevEcoStudioProjects\\DuoLa\\entry\\hvigorfile.ts",
        "description": "",
        "type": "log"
      },
      "body": {
        "pid": 36824,
        "tid": "Main Thread",
        "startTime": 65203443081300
      },
      "additional": {
        "logType": "debug",
        "children": []
      }
    },
    {
      "head": {
        "id": "303f280a-189e-4d99-bd2d-da3d851af5b3",
        "name": "hvigorfile, require result:  { default: { system: [Function: hapTasks], plugins: [] } }",
        "description": "",
        "type": "log"
      },
      "body": {
        "pid": 36824,
        "tid": "Main Thread",
        "startTime": 65203446623200
      },
      "additional": {
        "logType": "debug",
        "children": []
      }
    },
    {
      "head": {
        "id": "a8aa9c80-375c-447f-a150-b58b235abe94",
        "name": "require hvigorfile",
        "description": "",
        "type": "log"
      },
      "body": {
        "pid": 36824,
        "tid": "Main Thread",
        "startTime": 65203443077800,
        "endTime": 65203446771700
      },
      "additional": {
        "logType": "info",
        "children": [],
        "durationId": "12c95e47-6513-4786-bcfc-2633fb5a653f",
        "parent": "303eb4a5-c144-4c37-a919-cb40523ad5d6"
      }
    },
    {
      "head": {
        "id": "3dac3f5a-951b-48ee-936b-7f76ea634be5",
        "name": "hvigorfile, binding system plugins [Function: hapTasks]",
        "description": "",
        "type": "log"
      },
      "body": {
        "pid": 36824,
        "tid": "Main Thread",
        "startTime": 65203446829200
      },
      "additional": {
        "logType": "debug",
        "children": []
      }
    },
    {
      "head": {
        "id": "f3432ee7-98b8-4b43-9786-e84944106ce2",
        "name": "Start initialize module-target build option map, moduleName=entry, buildMode=debug",
        "description": "",
        "type": "log"
      },
      "body": {
        "pid": 36824,
        "tid": "Main Thread",
        "startTime": 65203452932700
      },
      "additional": {
        "logType": "debug",
        "children": []
      }
    },
    {
      "head": {
        "id": "745576ac-fb6f-42f4-ae00-4dbd48d06e46",
        "name": "Target 'default' config: {}",
        "description": "",
        "type": "log"
      },
      "body": {
        "pid": 36824,
        "tid": "Main Thread",
        "startTime": 65203453057200
      },
      "additional": {
        "logType": "debug",
        "children": []
      }
    },
    {
      "head": {
        "id": "baf28d5d-a0fc-4d6e-a906-c6e19d249dbb",
        "name": "Target 'ohosTest' config: {}",
        "description": "",
        "type": "log"
      },
      "body": {
        "pid": 36824,
        "tid": "Main Thread",
        "startTime": 65203453221500
      },
      "additional": {
        "logType": "debug",
        "children": []
      }
    },
    {
      "head": {
        "id": "abc453bf-adcb-49f4-a63e-682baba5c277",
        "name": "Module 'entry' target 'default' build option: {\n  \"debuggable\": true,\n  \"copyFrom\": \"default\",\n  \"strictMode\": {\n    \"caseSensitiveCheck\": true,\n    \"useNormalizedOHMUrl\": true\n  },\n  \"name\": \"debug\"\n}",
        "description": "",
        "type": "log"
      },
      "body": {
        "pid": 36824,
        "tid": "Main Thread",
        "startTime": 65203453385400
      },
      "additional": {
        "logType": "debug",
        "children": []
      }
    },
    {
      "head": {
        "id": "a46d5153-08f0-4997-b885-657fb22118e8",
        "name": "Module 'entry' target 'ohosTest' build option: {\n  \"debuggable\": true,\n  \"strictMode\": {\n    \"caseSensitiveCheck\": true,\n    \"useNormalizedOHMUrl\": true\n  },\n  \"name\": \"default\"\n}",
        "description": "",
        "type": "log"
      },
      "body": {
        "pid": 36824,
        "tid": "Main Thread",
        "startTime": 65203453460100
      },
      "additional": {
        "logType": "debug",
        "children": []
      }
    },
    {
      "head": {
        "id": "a8fc29f2-de96-46de-8ec2-da1540e69869",
        "name": "End initialize module-target build option map, moduleName=entry",
        "description": "",
        "type": "log"
      },
      "body": {
        "pid": 36824,
        "tid": "Main Thread",
        "startTime": 65203453506300
      },
      "additional": {
        "logType": "debug",
        "children": []
      }
    },
    {
      "head": {
        "id": "4f81e862-79a5-4704-9969-77246b02a0ef",
        "name": "Start initialize module-target build option map, moduleName=entry, buildMode=release",
        "description": "",
        "type": "log"
      },
      "body": {
        "pid": 36824,
        "tid": "Main Thread",
        "startTime": 65203453596200
      },
      "additional": {
        "logType": "debug",
        "children": []
      }
    },
    {
      "head": {
        "id": "e725f241-1a87-4148-8cba-ad521235f51e",
        "name": "Target 'default' config: {}",
        "description": "",
        "type": "log"
      },
      "body": {
        "pid": 36824,
        "tid": "Main Thread",
        "startTime": 65203453661700
      },
      "additional": {
        "logType": "debug",
        "children": []
      }
    },
    {
      "head": {
        "id": "bc3fb0cb-b226-45eb-b199-f301c4cec4ea",
        "name": "Target 'ohosTest' config: {}",
        "description": "",
        "type": "log"
      },
      "body": {
        "pid": 36824,
        "tid": "Main Thread",
        "startTime": 65203453840400
      },
      "additional": {
        "logType": "debug",
        "children": []
      }
    },
    {
      "head": {
        "id": "0824670f-b4e7-451a-8cb5-ef2fc8a80e17",
        "name": "Module 'entry' target 'default' build option: {\n  \"debuggable\": false,\n  \"copyFrom\": \"default\",\n  \"strictMode\": {\n    \"caseSensitiveCheck\": true,\n    \"useNormalizedOHMUrl\": true\n  },\n  \"name\": \"release\",\n  \"arkOptions\": {\n    \"obfuscation\": {\n      \"ruleOptions\": {\n        \"enable\": false,\n        \"files\": [\n          \"./obfuscation-rules.txt\"\n        ]\n      }\n    }\n  }\n}",
        "description": "",
        "type": "log"
      },
      "body": {
        "pid": 36824,
        "tid": "Main Thread",
        "startTime": 65203453982900
      },
      "additional": {
        "logType": "debug",
        "children": []
      }
    },
    {
      "head": {
        "id": "827fb4f3-557a-4374-949b-8ebfea4b1d1d",
        "name": "Module 'entry' target 'ohosTest' build option: {\n  \"debuggable\": true,\n  \"strictMode\": {\n    \"caseSensitiveCheck\": true,\n    \"useNormalizedOHMUrl\": true\n  },\n  \"name\": \"default\"\n}",
        "description": "",
        "type": "log"
      },
      "body": {
        "pid": 36824,
        "tid": "Main Thread",
        "startTime": 65203454053100
      },
      "additional": {
        "logType": "debug",
        "children": []
      }
    },
    {
      "head": {
        "id": "be3dc71b-45c3-4220-9eb4-45d9277b75c1",
        "name": "End initialize module-target build option map, moduleName=entry",
        "description": "",
        "type": "log"
      },
      "body": {
        "pid": 36824,
        "tid": "Main Thread",
        "startTime": 65203454119800
      },
      "additional": {
        "logType": "debug",
        "children": []
      }
    },
    {
      "head": {
        "id": "5d1424e2-cdf1-41f9-8fda-d75647eb2be2",
        "name": "Start initialize module-target build option map, moduleName=entry, buildMode=debug",
        "description": "",
        "type": "log"
      },
      "body": {
        "pid": 36824,
        "tid": "Main Thread",
        "startTime": 65203454197400
      },
      "additional": {
        "logType": "debug",
        "children": []
      }
    },
    {
      "head": {
        "id": "23f43451-c202-47f4-85b1-d357267e847a",
        "name": "Target 'default' config: {}",
        "description": "",
        "type": "log"
      },
      "body": {
        "pid": 36824,
        "tid": "Main Thread",
        "startTime": 65203454286500
      },
      "additional": {
        "logType": "debug",
        "children": []
      }
    },
    {
      "head": {
        "id": "9ff48183-b0d0-435f-bbb0-71b25da7afd4",
        "name": "Target 'ohosTest' config: {}",
        "description": "",
        "type": "log"
      },
      "body": {
        "pid": 36824,
        "tid": "Main Thread",
        "startTime": 65203454430200
      },
      "additional": {
        "logType": "debug",
        "children": []
      }
    },
    {
      "head": {
        "id": "328f0a8f-a77d-4ff3-b92e-723776a6e5cb",
        "name": "Module 'entry' target 'default' build option: {\n  \"debuggable\": true,\n  \"copyFrom\": \"default\",\n  \"strictMode\": {\n    \"caseSensitiveCheck\": true,\n    \"useNormalizedOHMUrl\": true\n  },\n  \"name\": \"debug\"\n}",
        "description": "",
        "type": "log"
      },
      "body": {
        "pid": 36824,
        "tid": "Main Thread",
        "startTime": 65203454523500
      },
      "additional": {
        "logType": "debug",
        "children": []
      }
    },
    {
      "head": {
        "id": "5018c2cc-fc49-4bb7-9fbb-02f8dd118275",
        "name": "Module 'entry' target 'ohosTest' build option: {\n  \"debuggable\": true,\n  \"strictMode\": {\n    \"caseSensitiveCheck\": true,\n    \"useNormalizedOHMUrl\": true\n  },\n  \"name\": \"default\"\n}",
        "description": "",
        "type": "log"
      },
      "body": {
        "pid": 36824,
        "tid": "Main Thread",
        "startTime": 65203454585900
      },
      "additional": {
        "logType": "debug",
        "children": []
      }
    },
    {
      "head": {
        "id": "26eed225-c2a3-4a94-a9ec-fa22918e7a91",
        "name": "End initialize module-target build option map, moduleName=entry",
        "description": "",
        "type": "log"
      },
      "body": {
        "pid": 36824,
        "tid": "Main Thread",
        "startTime": 65203454625200
      },
      "additional": {
        "logType": "debug",
        "children": []
      }
    },
    {
      "head": {
        "id": "87230a23-4146-4d7d-842e-c474f4fc6bda",
        "name": "Module 'entry' target 'default' using build option: {\n  \"debuggable\": true,\n  \"copyFrom\": \"default\",\n  \"strictMode\": {\n    \"caseSensitiveCheck\": true,\n    \"useNormalizedOHMUrl\": true\n  },\n  \"name\": \"debug\"\n} in this build.",
        "description": "",
        "type": "log"
      },
      "body": {
        "pid": 36824,
        "tid": "Main Thread",
        "startTime": 65203454673800
      },
      "additional": {
        "logType": "debug",
        "children": []
      }
    },
    {
      "head": {
        "id": "1355bff2-7c6b-461a-ae10-a84c9d6c3e29",
        "name": "Module entry task initialization takes 1 ms ",
        "description": "",
        "type": "log"
      },
      "body": {
        "pid": 36824,
        "tid": "Main Thread",
        "startTime": 65203457929900
      },
      "additional": {
        "logType": "debug",
        "children": []
      }
    },
    {
      "head": {
        "id": "2f6d4fbe-5130-4c1c-b822-b9d921744197",
        "name": "hvigorfile, binding custom plugins []",
        "description": "",
        "type": "log"
      },
      "body": {
        "pid": 36824,
        "tid": "Main Thread",
        "startTime": 65203458054700
      },
      "additional": {
        "logType": "debug",
        "children": []
      }
    },
    {
      "head": {
        "id": "a2f99221-4638-437f-9a67-85a726fe0333",
        "name": "hvigorfile, no custom plugins were found in F:\\DevEcoStudioProjects\\DuoLa\\entry\\hvigorfile.ts",
        "description": "",
        "type": "log"
      },
      "body": {
        "pid": 36824,
        "tid": "Main Thread",
        "startTime": 65203458136700
      },
      "additional": {
        "logType": "debug",
        "children": []
      }
    },
    {
      "head": {
        "id": "5dc50a3b-19b7-4fef-8785-da2c44e58770",
        "name": "hvigorfile, resolve finished F:\\DevEcoStudioProjects\\DuoLa\\entry\\hvigorfile.ts",
        "description": "",
        "type": "log"
      },
      "body": {
        "pid": 36824,
        "tid": "Main Thread",
        "startTime": 65203458211000
      },
      "additional": {
        "logType": "debug",
        "children": []
      }
    },
    {
      "head": {
        "id": "f03f26b6-f7a8-44b0-80b8-565001bb4169",
        "name": "bind plugins",
        "description": "",
        "type": "log"
      },
      "body": {
        "pid": 36824,
        "tid": "Main Thread",
        "startTime": 65203446819700,
        "endTime": 65203458292800
      },
      "additional": {
        "logType": "info",
        "children": [],
        "durationId": "97587e9e-abde-44ac-82cb-1638fced2e83",
        "parent": "303eb4a5-c144-4c37-a919-cb40523ad5d6"
      }
    },
    {
      "head": {
        "id": "303eb4a5-c144-4c37-a919-cb40523ad5d6",
        "name": "eval hvigorfile",
        "description": "",
        "type": "log"
      },
      "body": {
        "pid": 36824,
        "tid": "Main Thread",
        "startTime": 65203443076500,
        "endTime": 65203458310400
      },
      "additional": {
        "logType": "info",
        "children": [
          "a8aa9c80-375c-447f-a150-b58b235abe94",
          "f03f26b6-f7a8-44b0-80b8-565001bb4169"
        ],
        "durationId": "57d52a64-b1ae-4efe-8ab6-f45c4cdc1d44",
        "parent": "ebbd34a0-93b2-438d-a554-c755bf466f9b"
      }
    },
    {
      "head": {
        "id": "fd87dd1b-d433-4f92-b3b9-7613a3e402ab",
        "name": "\"afterNodeEvaluate\" hook function",
        "description": "",
        "type": "duration"
      },
      "body": {
        "pid": 36824,
        "tid": "Main Thread",
        "startTime": 65203459730900,
        "endTime": 65203459742100
      },
      "additional": {
        "children": [],
        "state": "success",
        "targetName": "",
        "moduleName": "",
        "category": "",
        "taskRunReasons": [],
        "parent": "b41c019a-58fe-4755-a3bc-f784953be1cf",
        "logId": "d6ea5bf0-5a77-463c-a553-46951632ae2c"
      },
      "log": {
        "_logger": {
          "category": "DurationEvent",
          "context": {},
          "callStackSkipIndex": 0
        },
        "_filelogger": {
          "category": "debug-file",
          "context": {},
          "callStackSkipIndex": 0
        },
        "anonymizeFileLogger": {
          "fileLogger": {
            "category": "debug-file",
            "context": {},
            "callStackSkipIndex": 0
          }
        }
      }
    },
    {
      "head": {
        "id": "d6ea5bf0-5a77-463c-a553-46951632ae2c",
        "name": "\"afterNodeEvaluate\" hook function",
        "description": "",
        "type": "log"
      },
      "body": {
        "pid": 36824,
        "tid": "Main Thread",
        "startTime": 65203459730900,
        "endTime": 65203459742100
      },
      "additional": {
        "logType": "info",
        "children": [],
        "durationId": "fd87dd1b-d433-4f92-b3b9-7613a3e402ab",
        "parent": "ebbd34a0-93b2-438d-a554-c755bf466f9b"
      }
    },
    {
      "head": {
        "id": "ebbd34a0-93b2-438d-a554-c755bf466f9b",
        "name": "eval submodule",
        "description": "",
        "type": "log"
      },
      "body": {
        "pid": 36824,
        "tid": "Main Thread",
        "startTime": 65203438219800,
        "endTime": 65203459756200
      },
      "additional": {
        "logType": "info",
        "children": [
          "a882756b-db7f-4e53-8ae5-375e5aa15896",
          "303eb4a5-c144-4c37-a919-cb40523ad5d6",
          "d6ea5bf0-5a77-463c-a553-46951632ae2c"
        ],
        "durationId": "b41c019a-58fe-4755-a3bc-f784953be1cf",
        "parent": "38ab53be-a24b-44ea-b666-07e09b8087c6"
      }
    },
    {
      "head": {
        "id": "38ab53be-a24b-44ea-b666-07e09b8087c6",
        "name": "eval modules",
        "description": "",
        "type": "log"
      },
      "body": {
        "pid": 36824,
        "tid": "Main Thread",
        "startTime": 65203437616800,
        "endTime": 65203459766700
      },
      "additional": {
        "logType": "info",
        "children": [
          "ebbd34a0-93b2-438d-a554-c755bf466f9b"
        ],
        "durationId": "ebadd12a-2c45-4ff7-b23b-ec93ae2b2396",
        "parent": "aee1ec2f-9b6c-431d-83fe-69cc57cfc379"
      }
    },
    {
      "head": {
        "id": "6ff241ea-a963-42c2-91b6-d278650e3b1b",
        "name": "watch files: [\n  'F:\\\\DevEcoStudioProjects\\\\DuoLa\\\\hvigorfile.ts',\n  'F:\\\\DevEcoStudioProjects\\\\DuoLa\\\\entry\\\\hvigorfile.ts'\n]",
        "description": "",
        "type": "log"
      },
      "body": {
        "pid": 36824,
        "tid": "Main Thread",
        "startTime": 65203478538900
      },
      "additional": {
        "logType": "debug",
        "children": []
      }
    },
    {
      "head": {
        "id": "14ae3097-ab87-4d5d-920a-ba649471495f",
        "name": "hvigorfile, resolve hvigorfile dependencies in 20 ms ",
        "description": "",
        "type": "log"
      },
      "body": {
        "pid": 36824,
        "tid": "Main Thread",
        "startTime": 65203478912200
      },
      "additional": {
        "logType": "debug",
        "children": []
      }
    },
    {
      "head": {
        "id": "304b7133-bdde-4d4c-961b-853ca3a92a0c",
        "name": "add config dependencies",
        "description": "",
        "type": "log"
      },
      "body": {
        "pid": 36824,
        "tid": "Main Thread",
        "startTime": 65203459789600,
        "endTime": 65203478998000
      },
      "additional": {
        "logType": "info",
        "children": [],
        "durationId": "ef7503b8-db51-44e3-ba03-378756ed8be6",
        "parent": "aee1ec2f-9b6c-431d-83fe-69cc57cfc379"
      }
    },
    {
      "head": {
        "id": "c3a34e22-b506-4e11-9ea2-23b4e4a9108a",
        "name": "\"nodesEvaluated\" hook function",
        "description": "",
        "type": "duration"
      },
      "body": {
        "pid": 36824,
        "tid": "Main Thread",
        "startTime": 65203479959900,
        "endTime": 65203480127400
      },
      "additional": {
        "children": [],
        "state": "success",
        "targetName": "",
        "moduleName": "",
        "category": "",
        "taskRunReasons": [],
        "parent": "7b25704f-bd42-4a0b-95ef-a6313a11d007",
        "logId": "cade1e97-a7e5-4f36-9436-53d8825202a7"
      },
      "log": {
        "_logger": {
          "category": "DurationEvent",
          "context": {},
          "callStackSkipIndex": 0
        },
        "_filelogger": {
          "category": "debug-file",
          "context": {},
          "callStackSkipIndex": 0
        },
        "anonymizeFileLogger": {
          "fileLogger": {
            "category": "debug-file",
            "context": {},
            "callStackSkipIndex": 0
          }
        }
      }
    },
    {
      "head": {
        "id": "1790b867-b864-499a-9b51-1216982744b6",
        "name": "project has submodules:entry",
        "description": "",
        "type": "log"
      },
      "body": {
        "pid": 36824,
        "tid": "Main Thread",
        "startTime": 65203479981600
      },
      "additional": {
        "logType": "debug",
        "children": []
      }
    },
    {
      "head": {
        "id": "cade1e97-a7e5-4f36-9436-53d8825202a7",
        "name": "\"nodesEvaluated\" hook function",
        "description": "",
        "type": "log"
      },
      "body": {
        "pid": 36824,
        "tid": "Main Thread",
        "startTime": 65203479959900,
        "endTime": 65203480127400
      },
      "additional": {
        "logType": "info",
        "children": [],
        "durationId": "c3a34e22-b506-4e11-9ea2-23b4e4a9108a",
        "parent": "aee1ec2f-9b6c-431d-83fe-69cc57cfc379"
      }
    },
    {
      "head": {
        "id": "746bc547-7435-49a9-bb8d-250b31e8a584",
        "name": "ohpm install",
        "description": "",
        "type": "log"
      },
      "body": {
        "pid": 36824,
        "tid": "Main Thread",
        "startTime": 65203480144900,
        "endTime": 65203480860400
      },
      "additional": {
        "logType": "info",
        "children": [],
        "durationId": "0e7bda18-ae8d-49cb-9c9d-2f9355a0b603",
        "parent": "aee1ec2f-9b6c-431d-83fe-69cc57cfc379"
      }
    },
    {
      "head": {
        "id": "cb07a079-dcb6-4cce-8949-9a6cf08cef2c",
        "name": "Start to initialize dependency information.",
        "description": "",
        "type": "log"
      },
      "body": {
        "pid": 36824,
        "tid": "Main Thread",
        "startTime": 65203480890400
      },
      "additional": {
        "logType": "debug",
        "children": []
      }
    },
    {
      "head": {
        "id": "d765d915-14d6-4935-9e08-d94669b73235",
        "name": "Module DuoLa Collected Dependency: ",
        "description": "",
        "type": "log"
      },
      "body": {
        "pid": 36824,
        "tid": "Main Thread",
        "startTime": 65203486531300
      },
      "additional": {
        "logType": "debug",
        "children": []
      }
    },
    {
      "head": {
        "id": "28741ab8-0723-48aa-9c1c-0c9ecee9b435",
        "name": "Module DuoLa's total dependency: 0",
        "description": "",
        "type": "log"
      },
      "body": {
        "pid": 36824,
        "tid": "Main Thread",
        "startTime": 65203486671400
      },
      "additional": {
        "logType": "debug",
        "children": []
      }
    },
    {
      "head": {
        "id": "9a218c87-f675-41bd-8c32-0cf07f423ae3",
        "name": "Start to initialize dependency information.",
        "description": "",
        "type": "log"
      },
      "body": {
        "pid": 36824,
        "tid": "Main Thread",
        "startTime": 65203486916400
      },
      "additional": {
        "logType": "debug",
        "children": []
      }
    },
    {
      "head": {
        "id": "4a39e81d-c8c7-42bb-8a0c-3905c3eebc40",
        "name": "Module entry Collected Dependency: ",
        "description": "",
        "type": "log"
      },
      "body": {
        "pid": 36824,
        "tid": "Main Thread",
        "startTime": 65203489026800
      },
      "additional": {
        "logType": "debug",
        "children": []
      }
    },
    {
      "head": {
        "id": "8cff89d9-05b9-4224-8cfd-79c800fa96cc",
        "name": "Module entry's total dependency: 0",
        "description": "",
        "type": "log"
      },
      "body": {
        "pid": 36824,
        "tid": "Main Thread",
        "startTime": 65203489103600
      },
      "additional": {
        "logType": "debug",
        "children": []
      }
    },
    {
      "head": {
        "id": "f5eaf85f-9053-4477-9bad-22e14f1a5957",
        "name": "eval hook",
        "description": "",
        "type": "log"
      },
      "body": {
        "pid": 36824,
        "tid": "Main Thread",
        "startTime": 65203480874100,
        "endTime": 65203492309600
      },
      "additional": {
        "logType": "info",
        "children": [],
        "durationId": "9b072fe3-0341-4b84-9e9a-8d36902a47b4",
        "parent": "aee1ec2f-9b6c-431d-83fe-69cc57cfc379"
      }
    },
    {
      "head": {
        "id": "a52b6b26-0634-4929-bd3d-0f418adc530a",
        "name": "Configuration phase cost:156 ms ",
        "description": "",
        "type": "log"
      },
      "body": {
        "pid": 36824,
        "tid": "Main Thread",
        "startTime": 65203492346100
      },
      "additional": {
        "logType": "debug",
        "children": []
      }
    },
    {
      "head": {
        "id": "0f67820a-824f-45f1-8ab2-d603feaa8092",
        "name": "fin configuration",
        "description": "",
        "type": "log"
      },
      "body": {
        "pid": 36824,
        "tid": "Main Thread",
        "startTime": 65203492327800,
        "endTime": 65203492445900
      },
      "additional": {
        "logType": "info",
        "children": [],
        "durationId": "acf19a38-f0e8-4641-ac1f-1de09b22c519",
        "parent": "aee1ec2f-9b6c-431d-83fe-69cc57cfc379"
      }
    },
    {
      "head": {
        "id": "aee1ec2f-9b6c-431d-83fe-69cc57cfc379",
        "name": "configure hvigor plugin",
        "description": "",
        "type": "log"
      },
      "body": {
        "pid": 36824,
        "tid": "Main Thread",
        "startTime": 65203327907900,
        "endTime": 65203492456200
      },
      "additional": {
        "logType": "info",
        "children": [
          "24e63747-60c0-4c0e-8c85-63aa0bd50ecf",
          "c53d0234-b165-4efe-a505-1abe6fffb3b3",
          "a75de9f9-f229-48f3-893a-a5a9cffa3210",
          "38ab53be-a24b-44ea-b666-07e09b8087c6",
          "304b7133-bdde-4d4c-961b-853ca3a92a0c",
          "746bc547-7435-49a9-bb8d-250b31e8a584",
          "f5eaf85f-9053-4477-9bad-22e14f1a5957",
          "0f67820a-824f-45f1-8ab2-d603feaa8092",
          "cade1e97-a7e5-4f36-9436-53d8825202a7"
        ],
        "durationId": "7b25704f-bd42-4a0b-95ef-a6313a11d007",
        "parent": "48e4ff60-8462-4b7e-8459-3cd89ede5dc4"
      }
    },
    {
      "head": {
        "id": "b87c5b4b-f46a-470b-a2b0-62fd2e7b668e",
        "name": "\"taskGraphResolved\" hook function",
        "description": "",
        "type": "duration"
      },
      "body": {
        "pid": 36824,
        "tid": "Main Thread",
        "startTime": 65203493677500,
        "endTime": 65203493698000
      },
      "additional": {
        "children": [],
        "state": "success",
        "targetName": "",
        "moduleName": "",
        "category": "",
        "taskRunReasons": [],
        "parent": "2509f625-0caa-4d8b-92c8-03badb5d0486",
        "logId": "be65328e-20c0-4c5d-b6ac-de3b22c8d37a"
      },
      "log": {
        "_logger": {
          "category": "DurationEvent",
          "context": {},
          "callStackSkipIndex": 0
        },
        "_filelogger": {
          "category": "debug-file",
          "context": {},
          "callStackSkipIndex": 0
        },
        "anonymizeFileLogger": {
          "fileLogger": {
            "category": "debug-file",
            "context": {},
            "callStackSkipIndex": 0
          }
        }
      }
    },
    {
      "head": {
        "id": "be65328e-20c0-4c5d-b6ac-de3b22c8d37a",
        "name": "\"taskGraphResolved\" hook function",
        "description": "",
        "type": "log"
      },
      "body": {
        "pid": 36824,
        "tid": "Main Thread",
        "startTime": 65203493677500,
        "endTime": 65203493698000
      },
      "additional": {
        "logType": "info",
        "children": [],
        "durationId": "b87c5b4b-f46a-470b-a2b0-62fd2e7b668e",
        "parent": "48e4ff60-8462-4b7e-8459-3cd89ede5dc4"
      }
    },
    {
      "head": {
        "id": "7e4d1c43-5211-443c-92d5-6df9efd5cdaa",
        "name": "build task graph",
        "description": "",
        "type": "log"
      },
      "body": {
        "pid": 36824,
        "tid": "Main Thread",
        "startTime": 65203492483300,
        "endTime": 65203493706600
      },
      "additional": {
        "logType": "info",
        "children": [],
        "durationId": "7f9c439b-06fc-4ac2-98b6-d2cfe0dd1cf7",
        "parent": "48e4ff60-8462-4b7e-8459-3cd89ede5dc4"
      }
    },
    {
      "head": {
        "id": "e63af2a1-23ab-47d5-9b29-00a0fb7b57f0",
        "name": "init task execution option",
        "description": "",
        "type": "log"
      },
      "body": {
        "pid": 36824,
        "tid": "Main Thread",
        "startTime": 65203493710300,
        "endTime": 65203493716700
      },
      "additional": {
        "logType": "info",
        "children": [],
        "durationId": "8352e36d-4ffc-4d39-83b3-c7f69bfd9df6",
        "parent": "48e4ff60-8462-4b7e-8459-3cd89ede5dc4"
      }
    },
    {
      "head": {
        "id": "48e4ff60-8462-4b7e-8459-3cd89ede5dc4",
        "name": "init",
        "description": "",
        "type": "log"
      },
      "body": {
        "pid": 36824,
        "tid": "Main Thread",
        "startTime": 65203307066800,
        "endTime": 65203493720700
      },
      "additional": {
        "logType": "info",
        "children": [
          "e04dfcc4-6a9a-4900-8800-fabc61bde1f4",
          "aee1ec2f-9b6c-431d-83fe-69cc57cfc379",
          "7e4d1c43-5211-443c-92d5-6df9efd5cdaa",
          "e63af2a1-23ab-47d5-9b29-00a0fb7b57f0",
          "375069a6-3235-48b9-96ed-27cf743c617c",
          "d7924906-6278-486d-9bea-25f00c04b72a",
          "be65328e-20c0-4c5d-b6ac-de3b22c8d37a"
        ],
        "durationId": "2509f625-0caa-4d8b-92c8-03badb5d0486"
      }
    },
    {
      "head": {
        "id": "31d85825-88ef-4887-b5f1-87e563b9a19f",
        "name": "Configuration task cost before running: 192 ms ",
        "description": "",
        "type": "log"
      },
      "body": {
        "pid": 36824,
        "tid": "Main Thread",
        "startTime": 65203493849400
      },
      "additional": {
        "logType": "debug",
        "children": []
      }
    },
    {
      "head": {
        "id": "e89d358c-45b0-493f-bc36-80923bbee646",
        "name": "entry:clean",
        "description": "Clear the cache information.",
        "type": "duration"
      },
      "body": {
        "pid": 36824,
        "tid": "Main Thread",
        "startTime": 65203496254500,
        "endTime": 65203554268400
      },
      "additional": {
        "children": [],
        "state": "success",
        "targetName": "",
        "moduleName": "entry",
        "category": "Other",
        "taskRunReasons": [],
        "detailId": "7708ed55-a86b-4d37-9897-091bf07f886b",
        "logId": "04f4b85b-e4c2-43e7-a633-7723296aefb4"
      },
      "log": {
        "_logger": {
          "category": "DurationEvent",
          "context": {},
          "callStackSkipIndex": 0
        },
        "_filelogger": {
          "category": "debug-file",
          "context": {},
          "callStackSkipIndex": 0
        },
        "anonymizeFileLogger": {
          "fileLogger": {
            "category": "debug-file",
            "context": {},
            "callStackSkipIndex": 0
          }
        }
      }
    },
    {
      "head": {
        "id": "7708ed55-a86b-4d37-9897-091bf07f886b",
        "name": "create entry:clean task",
        "description": "",
        "type": "log"
      },
      "body": {
        "pid": 36824,
        "tid": "Main Thread",
        "startTime": 65203495478200
      },
      "additional": {
        "logType": "detail",
        "children": [],
        "durationId": "e89d358c-45b0-493f-bc36-80923bbee646"
      }
    },
    {
      "head": {
        "id": "7bec6c63-69f1-4938-8f2a-1cef620f066b",
        "name": "Executing task :entry:clean",
        "description": "",
        "type": "log"
      },
      "body": {
        "pid": 36824,
        "tid": "Main Thread",
        "startTime": 65203496264200
      },
      "additional": {
        "logType": "debug",
        "children": []
      }
    },
    {
      "head": {
        "id": "383f5b9f-85dd-4da2-8cd6-2338d8995532",
        "name": "clean: Start terminating worker pool.",
        "description": "",
        "type": "log"
      },
      "body": {
        "pid": 36824,
        "tid": "Main Thread",
        "startTime": 65203496402700
      },
      "additional": {
        "logType": "debug",
        "children": []
      }
    },
    {
      "head": {
        "id": "fbee65c8-10b8-4415-8d83-eddab420ff11",
        "name": "Current worker pool is stopped or closed.",
        "description": "",
        "type": "log"
      },
      "body": {
        "pid": 36824,
        "tid": "Main Thread",
        "startTime": 65203496503800
      },
      "additional": {
        "logType": "debug",
        "children": []
      }
    },
    {
      "head": {
        "id": "c7a19f3e-cd22-4907-a3a5-349e788469db",
        "name": "Clear worker 4.",
        "description": "",
        "type": "log"
      },
      "body": {
        "pid": 36824,
        "tid": "Main Thread",
        "startTime": 65203496587200
      },
      "additional": {
        "logType": "debug",
        "children": []
      }
    },
    {
      "head": {
        "id": "f28eaf9a-9f93-4e7a-a9cf-8d31b464126e",
        "name": "Worker 4 has been cleared.",
        "description": "",
        "type": "log"
      },
      "body": {
        "pid": 36824,
        "tid": "Main Thread",
        "startTime": 65203496692900
      },
      "additional": {
        "logType": "debug",
        "children": []
      }
    },
    {
      "head": {
        "id": "fd5592d1-846e-4d70-a5ae-09ca56b208d3",
        "name": "Current idle worker size: 0.",
        "description": "",
        "type": "log"
      },
      "body": {
        "pid": 36824,
        "tid": "Main Thread",
        "startTime": 65203496759400
      },
      "additional": {
        "logType": "debug",
        "children": []
      }
    },
    {
      "head": {
        "id": "e330d9c5-ba71-465e-b013-649b7560c4f9",
        "name": "Current busy worker size: 0.",
        "description": "",
        "type": "log"
      },
      "body": {
        "pid": 36824,
        "tid": "Main Thread",
        "startTime": 65203497319700
      },
      "additional": {
        "logType": "debug",
        "children": []
      }
    },
    {
      "head": {
        "id": "e204f1d1-89a0-4924-b5dd-b5073aa07386",
        "name": "Current worker pool is terminated.",
        "description": "",
        "type": "log"
      },
      "body": {
        "pid": 36824,
        "tid": "Main Thread",
        "startTime": 65203497431300
      },
      "additional": {
        "logType": "debug",
        "children": []
      }
    },
    {
      "head": {
        "id": "57e5c003-ff75-4c81-9300-f07c570312a9",
        "name": "clean: Terminating worker pool finished.",
        "description": "",
        "type": "log"
      },
      "body": {
        "pid": 36824,
        "tid": "Main Thread",
        "startTime": 65203497515300
      },
      "additional": {
        "logType": "debug",
        "children": []
      }
    },
    {
      "head": {
        "id": "7942e292-942a-4c64-884a-0807e5528437",
        "name": "entry : clean cost memory -0.7240142822265625",
        "description": "",
        "type": "log"
      },
      "body": {
        "pid": 36824,
        "tid": "Main Thread",
        "startTime": 65203554004400
      },
      "additional": {
        "logType": "debug",
        "children": []
      }
    },
    {
      "head": {
        "id": "a6c059ea-84cc-4cb3-a23c-9ed0ff651167",
        "name": "runTaskFromQueue task cost before running: 253 ms ",
        "description": "",
        "type": "log"
      },
      "body": {
        "pid": 36824,
        "tid": "Main Thread",
        "startTime": 65203554179200
      },
      "additional": {
        "logType": "debug",
        "children": []
      }
    },
    {
      "head": {
        "id": "04f4b85b-e4c2-43e7-a633-7723296aefb4",
        "name": "Finished :entry:clean",
        "description": "Clear the cache information.",
        "type": "log"
      },
      "body": {
        "pid": 36824,
        "tid": "Main Thread",
        "startTime": 65203496254500,
        "endTime": 65203554268400,
        "totalTime": 57894500
      },
      "additional": {
        "logType": "info",
        "children": [],
        "durationId": "e89d358c-45b0-493f-bc36-80923bbee646"
      }
    },
    {
      "head": {
        "id": "b0236423-67a5-4d26-9d49-288e4f11f1a1",
        "name": "Executing task ::clean",
        "description": "",
        "type": "log"
      },
      "body": {
        "pid": 36824,
        "tid": "Main Thread",
        "startTime": 65203554584200
      },
      "additional": {
        "logType": "debug",
        "children": []
      }
    },
    {
      "head": {
        "id": "f3426de5-fc49-4066-8f0d-cf9504ac2dca",
        "name": "clean: Worker pool is inactive.",
        "description": "",
        "type": "log"
      },
      "body": {
        "pid": 36824,
        "tid": "Main Thread",
        "startTime": 65203554701600
      },
      "additional": {
        "logType": "debug",
        "children": []
      }
    },
    {
      "head": {
        "id": "a5349da3-c634-4390-8e19-5ff98827e002",
        "name": "DuoLa : clean cost memory 0.03472137451171875",
        "description": "",
        "type": "log"
      },
      "body": {
        "pid": 36824,
        "tid": "Main Thread",
        "startTime": 65203555562700
      },
      "additional": {
        "logType": "debug",
        "children": []
      }
    },
    {
      "head": {
        "id": "0b298822-8fcd-48b6-98a9-15cdca8a6356",
        "name": "runTaskFromQueue task cost before running: 254 ms ",
        "description": "",
        "type": "log"
      },
      "body": {
        "pid": 36824,
        "tid": "Main Thread",
        "startTime": 65203555664300
      },
      "additional": {
        "logType": "debug",
        "children": []
      }
    },
    {
      "head": {
        "id": "bdb50134-a94d-4d55-9d18-c726307fe914",
        "name": "Finished ::clean",
        "description": "Clear the cache information.",
        "type": "log"
      },
      "body": {
        "pid": 36824,
        "tid": "Main Thread",
        "startTime": 65203554578200,
        "endTime": 65203555944600,
        "totalTime": 1071000
      },
      "additional": {
        "logType": "info",
        "children": [],
        "durationId": "927184a7-8c18-4f0c-8117-342383c7f8ce"
      }
    },
    {
      "head": {
        "id": "9a871972-ff41-4318-880f-158b3e24b9fa",
        "name": "\"buildFinished\" hook function",
        "description": "",
        "type": "duration"
      },
      "body": {
        "pid": 36824,
        "tid": "Main Thread",
        "startTime": 65203569800300,
        "endTime": 65203569821500
      },
      "additional": {
        "children": [],
        "state": "success",
        "targetName": "",
        "moduleName": "",
        "category": "",
        "taskRunReasons": [],
        "parent": "b7a8e19b-595b-4aff-b134-4838133e65d8",
        "logId": "8dbecbbc-27f6-4422-aa59-0748e32d91a1"
      },
      "log": {
        "_logger": {
          "category": "DurationEvent",
          "context": {},
          "callStackSkipIndex": 0
        },
        "_filelogger": {
          "category": "debug-file",
          "context": {},
          "callStackSkipIndex": 0
        },
        "anonymizeFileLogger": {
          "fileLogger": {
            "category": "debug-file",
            "context": {},
            "callStackSkipIndex": 0
          }
        }
      }
    },
    {
      "head": {
        "id": "8dbecbbc-27f6-4422-aa59-0748e32d91a1",
        "name": "\"buildFinished\" hook function",
        "description": "",
        "type": "log"
      },
      "body": {
        "pid": 36824,
        "tid": "Main Thread",
        "startTime": 65203569800300,
        "endTime": 65203569821500
      },
      "additional": {
        "logType": "info",
        "children": [],
        "durationId": "9a871972-ff41-4318-880f-158b3e24b9fa"
      }
    },
    {
      "head": {
        "id": "404dbaa8-a67d-4cb3-b5be-2f8bbbed8a1c",
        "name": "BUILD SUCCESSFUL in 268 ms ",
        "description": "",
        "type": "log"
      },
      "body": {
        "pid": 36824,
        "tid": "Main Thread",
        "startTime": 65203569852400
      },
      "additional": {
        "logType": "info",
        "children": []
      }
    },
    {
      "head": {
        "id": "ae1440db-0b72-4cac-bba6-f608aa7a9ca3",
        "name": "clean",
        "description": "",
        "type": "mark"
      },
      "body": {
        "pid": 36824,
        "tid": "Main Thread",
        "startTime": 65203301952200,
        "endTime": 65203570171200
      },
      "additional": {
        "time": {
          "year": 2025,
          "month": 7,
          "day": 4,
          "hour": 3,
          "minute": 45,
          "second": 6
        },
        "completeCommand": "{\"completeCommand\":\"-p product=default clean --analyze=normal --parallel --incremental --daemon\",\"parallel\":true,\"prop\":[\"product=default\"],\"incremental\":true,\"_\":[\"clean\"],\"daemon\":true,\"analyze\":\"normal\"};-p product=default clean --analyze=normal --parallel --incremental --daemon",
        "hvigorVersion": "5.18.4",
        "markType": "history",
        "nodeVersion": "v18.20.1",
        "category": "clean",
        "state": "success"
      }
    }
  ],
  "workLog": []
}