{
  "version": "2.0",
  "ppid": 27556,
  "events": [
    {
      "head": {
        "id": "c7728e78-da1c-462c-9476-570108dcb7f2",
        "name": "hvigor build process will be closed.",
        "description": "",
        "type": "log"
      },
      "body": {
        "pid": 36824,
        "tid": "Main Thread",
        "startTime": 63653217133400
      },
      "additional": {
        "logType": "debug",
        "children": []
      }
    },
    {
      "head": {
        "id": "3520401d-e396-4089-9d4e-7ac656f0f037",
        "name": "java daemon socket close code:1000 reason:close by user",
        "description": "",
        "type": "log"
      },
      "body": {
        "pid": 36824,
        "tid": "Main Thread",
        "startTime": 63653217305100
      },
      "additional": {
        "logType": "debug",
        "children": []
      }
    },
    {
      "head": {
        "id": "225314e2-1f2f-49df-9255-2d1f065400bb",
        "name": "watch worker: worker id should be larger than 0. Nothing will be sent to any worker thread.",
        "description": "",
        "type": "log"
      },
      "body": {
        "pid": 36824,
        "tid": "Main Thread",
        "startTime": 63653223007100
      },
      "additional": {
        "logType": "debug",
        "children": []
      }
    },
    {
      "head": {
        "id": "5b8c6475-fa13-4934-b04f-76cc49b2df24",
        "name": "watch worker: worker id should be larger than 0. Nothing will be sent to any worker thread.",
        "description": "",
        "type": "log"
      },
      "body": {
        "pid": 36824,
        "tid": "Main Thread",
        "startTime": 63653223432300
      },
      "additional": {
        "logType": "debug",
        "children": []
      }
    },
    {
      "head": {
        "id": "cd989ae0-bdf3-4c27-bc45-064ed63e8cd2",
        "name": "worker[14] exits with exit code 1.",
        "description": "",
        "type": "log"
      },
      "body": {
        "pid": 36824,
        "tid": "Main Thread",
        "startTime": 63653273513200
      },
      "additional": {
        "logType": "debug",
        "children": []
      }
    },
    {
      "head": {
        "id": "82339c3e-0187-4223-9f4e-7fc7100080c5",
        "name": "watch worker: worker id should be larger than 0. Nothing will be sent to any worker thread.",
        "description": "",
        "type": "log"
      },
      "body": {
        "pid": 36824,
        "tid": "Main Thread",
        "startTime": 64455950991700
      },
      "additional": {
        "logType": "debug",
        "children": []
      }
    },
    {
      "head": {
        "id": "2bd894b9-29a0-4fa7-8150-529ee8977a59",
        "name": "init",
        "description": "Initialize and build task graph.",
        "type": "duration"
      },
      "body": {
        "pid": 36824,
        "tid": "Main Thread",
        "startTime": 64455960893700,
        "endTime": 64456162021300
      },
      "additional": {
        "children": [
          "25937ebc-78ef-4b7a-8ae2-78278fbf1abb",
          "37c0cff2-ff8e-44f7-9bb6-983eaac75734",
          "14e5ea7a-4f0f-46e4-aee4-93fb26bc7e5f",
          "24e1ec3d-7c30-4095-8480-010993610a8d",
          "edcf7d08-4940-42ed-906a-9859d20b7148",
          "47cf2151-ca0c-4065-b3bf-840826501d5e",
          "0bed83d3-ea22-428f-9b38-e2be93e894ba"
        ],
        "state": "success",
        "targetName": "",
        "moduleName": "",
        "category": "Init",
        "taskRunReasons": [],
        "logId": "e87aef66-212f-4e0d-976d-217b446ed43f"
      },
      "log": {
        "_logger": {
          "category": "DurationEvent",
          "context": {},
          "callStackSkipIndex": 0
        },
        "_filelogger": {
          "category": "debug-file",
          "context": {},
          "callStackSkipIndex": 0
        },
        "anonymizeFileLogger": {
          "fileLogger": {
            "category": "debug-file",
            "context": {},
            "callStackSkipIndex": 0
          }
        }
      }
    },
    {
      "head": {
        "id": "25937ebc-78ef-4b7a-8ae2-78278fbf1abb",
        "name": "create hvigor project model",
        "description": "Initialize hvigor project model.",
        "type": "duration"
      },
      "body": {
        "pid": 36824,
        "tid": "Main Thread",
        "startTime": 64455960895200,
        "endTime": 64455981311900
      },
      "additional": {
        "children": [],
        "state": "success",
        "targetName": "",
        "moduleName": "",
        "category": "",
        "taskRunReasons": [],
        "parent": "2bd894b9-29a0-4fa7-8150-529ee8977a59",
        "logId": "478c4166-3876-47f0-b29a-4166d1277229"
      },
      "log": {
        "_logger": {
          "category": "DurationEvent",
          "context": {},
          "callStackSkipIndex": 0
        },
        "_filelogger": {
          "category": "debug-file",
          "context": {},
          "callStackSkipIndex": 0
        },
        "anonymizeFileLogger": {
          "fileLogger": {
            "category": "debug-file",
            "context": {},
            "callStackSkipIndex": 0
          }
        }
      }
    },
    {
      "head": {
        "id": "37c0cff2-ff8e-44f7-9bb6-983eaac75734",
        "name": "configure hvigor plugin",
        "description": "Configure hvigor plugin.",
        "type": "duration"
      },
      "body": {
        "pid": 36824,
        "tid": "Main Thread",
        "startTime": 64455981348400,
        "endTime": 64456160208600
      },
      "additional": {
        "children": [
          "ced804ab-e1d9-402d-b1ae-974c41450d32",
          "5d88ca6e-90f5-43f7-a377-411412df4217",
          "c8b5c871-5b25-4b2e-b025-f265cb239eca",
          "e217e34c-c20d-4a57-8a17-df33fdee19a3",
          "d5619dae-afbd-494a-b5c8-7e632807f774",
          "0ba3445f-e2e7-4a71-826f-4c357f891281",
          "2ee0dc02-d79c-46e5-95cc-40208044f342",
          "51afd54a-b78b-4aa5-b639-ebcd8d4c5019",
          "460319e5-5cbf-45ae-80c7-58481cb6eddd"
        ],
        "state": "success",
        "targetName": "",
        "moduleName": "",
        "category": "",
        "taskRunReasons": [],
        "parent": "2bd894b9-29a0-4fa7-8150-529ee8977a59",
        "logId": "4bf0e16a-4908-49c8-b545-27a9d13493bc"
      },
      "log": {
        "_logger": {
          "category": "DurationEvent",
          "context": {},
          "callStackSkipIndex": 0
        },
        "_filelogger": {
          "category": "debug-file",
          "context": {},
          "callStackSkipIndex": 0
        },
        "anonymizeFileLogger": {
          "fileLogger": {
            "category": "debug-file",
            "context": {},
            "callStackSkipIndex": 0
          }
        }
      }
    },
    {
      "head": {
        "id": "14e5ea7a-4f0f-46e4-aee4-93fb26bc7e5f",
        "name": "build task graph",
        "description": "Build task graph.",
        "type": "duration"
      },
      "body": {
        "pid": 36824,
        "tid": "Main Thread",
        "startTime": 64456160244000,
        "endTime": 64456162006600
      },
      "additional": {
        "children": [],
        "state": "success",
        "targetName": "",
        "moduleName": "",
        "category": "",
        "taskRunReasons": [],
        "parent": "2bd894b9-29a0-4fa7-8150-529ee8977a59",
        "logId": "9bba6e8d-fda0-4679-8cef-6d00e6fc8929"
      },
      "log": {
        "_logger": {
          "category": "DurationEvent",
          "context": {},
          "callStackSkipIndex": 0
        },
        "_filelogger": {
          "category": "debug-file",
          "context": {},
          "callStackSkipIndex": 0
        },
        "anonymizeFileLogger": {
          "fileLogger": {
            "category": "debug-file",
            "context": {},
            "callStackSkipIndex": 0
          }
        }
      }
    },
    {
      "head": {
        "id": "24e1ec3d-7c30-4095-8480-010993610a8d",
        "name": "init task execution option",
        "description": "Init task execution option.",
        "type": "duration"
      },
      "body": {
        "pid": 36824,
        "tid": "Main Thread",
        "startTime": 64456162010700,
        "endTime": 64456162018600
      },
      "additional": {
        "children": [],
        "state": "success",
        "targetName": "",
        "moduleName": "",
        "category": "",
        "taskRunReasons": [],
        "parent": "2bd894b9-29a0-4fa7-8150-529ee8977a59",
        "logId": "1dbd2628-2c0b-44c9-9b51-b0e5845ac73e"
      },
      "log": {
        "_logger": {
          "category": "DurationEvent",
          "context": {},
          "callStackSkipIndex": 0
        },
        "_filelogger": {
          "category": "debug-file",
          "context": {},
          "callStackSkipIndex": 0
        },
        "anonymizeFileLogger": {
          "fileLogger": {
            "category": "debug-file",
            "context": {},
            "callStackSkipIndex": 0
          }
        }
      }
    },
    {
      "head": {
        "id": "edcf7d08-4940-42ed-906a-9859d20b7148",
        "name": "\"configEvaluated\" hook function",
        "description": "",
        "type": "duration"
      },
      "body": {
        "pid": 36824,
        "tid": "Main Thread",
        "startTime": 64455964592800,
        "endTime": 64455964631100
      },
      "additional": {
        "children": [],
        "state": "success",
        "targetName": "",
        "moduleName": "",
        "category": "",
        "taskRunReasons": [],
        "parent": "2bd894b9-29a0-4fa7-8150-529ee8977a59",
        "logId": "5daf2046-7d25-4811-bf83-5dd2cb33cdfb"
      },
      "log": {
        "_logger": {
          "category": "DurationEvent",
          "context": {},
          "callStackSkipIndex": 0
        },
        "_filelogger": {
          "category": "debug-file",
          "context": {},
          "callStackSkipIndex": 0
        },
        "anonymizeFileLogger": {
          "fileLogger": {
            "category": "debug-file",
            "context": {},
            "callStackSkipIndex": 0
          }
        }
      }
    },
    {
      "head": {
        "id": "5daf2046-7d25-4811-bf83-5dd2cb33cdfb",
        "name": "\"configEvaluated\" hook function",
        "description": "",
        "type": "log"
      },
      "body": {
        "pid": 36824,
        "tid": "Main Thread",
        "startTime": 64455964592800,
        "endTime": 64455964631100
      },
      "additional": {
        "logType": "info",
        "children": [],
        "durationId": "edcf7d08-4940-42ed-906a-9859d20b7148",
        "parent": "e87aef66-212f-4e0d-976d-217b446ed43f"
      }
    },
    {
      "head": {
        "id": "47cf2151-ca0c-4065-b3bf-840826501d5e",
        "name": "\"nodesInitialized\" hook function",
        "description": "",
        "type": "duration"
      },
      "body": {
        "pid": 36824,
        "tid": "Main Thread",
        "startTime": 64455971872400,
        "endTime": 64455971897900
      },
      "additional": {
        "children": [],
        "state": "success",
        "targetName": "",
        "moduleName": "",
        "category": "",
        "taskRunReasons": [],
        "parent": "2bd894b9-29a0-4fa7-8150-529ee8977a59",
        "logId": "3de05c29-610b-4cda-93ff-226862827363"
      },
      "log": {
        "_logger": {
          "category": "DurationEvent",
          "context": {},
          "callStackSkipIndex": 0
        },
        "_filelogger": {
          "category": "debug-file",
          "context": {},
          "callStackSkipIndex": 0
        },
        "anonymizeFileLogger": {
          "fileLogger": {
            "category": "debug-file",
            "context": {},
            "callStackSkipIndex": 0
          }
        }
      }
    },
    {
      "head": {
        "id": "3de05c29-610b-4cda-93ff-226862827363",
        "name": "\"nodesInitialized\" hook function",
        "description": "",
        "type": "log"
      },
      "body": {
        "pid": 36824,
        "tid": "Main Thread",
        "startTime": 64455971872400,
        "endTime": 64455971897900
      },
      "additional": {
        "logType": "info",
        "children": [],
        "durationId": "47cf2151-ca0c-4065-b3bf-840826501d5e",
        "parent": "e87aef66-212f-4e0d-976d-217b446ed43f"
      }
    },
    {
      "head": {
        "id": "67a19d47-ea0c-470b-9472-afc4a61f3e4b",
        "name": "Hvigor init with startParameters:{\n  hvigorfileTypeCheck: false,\n  parallelExecution: true,\n  incrementalExecution: true,\n  printStackTrace: false,\n  daemon: true,\n  analyze: 0,\n  logLevel: Level { level: 20000, levelStr: 'INFO', colour: 'green' }\n}",
        "description": "",
        "type": "log"
      },
      "body": {
        "pid": 36824,
        "tid": "Main Thread",
        "startTime": 64455971963500
      },
      "additional": {
        "logType": "debug",
        "children": []
      }
    },
    {
      "head": {
        "id": "3077f082-dfb0-480e-9468-40102bf6d294",
        "name": "Cache service initialization finished in 9 ms ",
        "description": "",
        "type": "log"
      },
      "body": {
        "pid": 36824,
        "tid": "Main Thread",
        "startTime": 64455981013700
      },
      "additional": {
        "logType": "debug",
        "children": []
      }
    },
    {
      "head": {
        "id": "478c4166-3876-47f0-b29a-4166d1277229",
        "name": "create hvigor project model",
        "description": "",
        "type": "log"
      },
      "body": {
        "pid": 36824,
        "tid": "Main Thread",
        "startTime": 64455960895200,
        "endTime": 64455981311900
      },
      "additional": {
        "logType": "info",
        "children": [],
        "durationId": "25937ebc-78ef-4b7a-8ae2-78278fbf1abb",
        "parent": "e87aef66-212f-4e0d-976d-217b446ed43f"
      }
    },
    {
      "head": {
        "id": "ced804ab-e1d9-402d-b1ae-974c41450d32",
        "name": "init configuration",
        "description": "Initialize configuration.",
        "type": "duration"
      },
      "body": {
        "pid": 36824,
        "tid": "Main Thread",
        "startTime": 64455988866900,
        "endTime": 64455988875100
      },
      "additional": {
        "children": [],
        "state": "success",
        "targetName": "",
        "moduleName": "",
        "category": "",
        "taskRunReasons": [],
        "parent": "37c0cff2-ff8e-44f7-9bb6-983eaac75734",
        "logId": "e5a547ac-afa1-4aef-a803-142531a62730"
      },
      "log": {
        "_logger": {
          "category": "DurationEvent",
          "context": {},
          "callStackSkipIndex": 0
        },
        "_filelogger": {
          "category": "debug-file",
          "context": {},
          "callStackSkipIndex": 0
        },
        "anonymizeFileLogger": {
          "fileLogger": {
            "category": "debug-file",
            "context": {},
            "callStackSkipIndex": 0
          }
        }
      }
    },
    {
      "head": {
        "id": "5d88ca6e-90f5-43f7-a377-411412df4217",
        "name": "configure project task",
        "description": "Configure project task.",
        "type": "duration"
      },
      "body": {
        "pid": 36824,
        "tid": "Main Thread",
        "startTime": 64455988891100,
        "endTime": 64455995038700
      },
      "additional": {
        "children": [],
        "state": "success",
        "targetName": "",
        "moduleName": "",
        "category": "",
        "taskRunReasons": [],
        "parent": "37c0cff2-ff8e-44f7-9bb6-983eaac75734",
        "logId": "5c4e76d8-4a3f-4f11-820f-277928f61390"
      },
      "log": {
        "_logger": {
          "category": "DurationEvent",
          "context": {},
          "callStackSkipIndex": 0
        },
        "_filelogger": {
          "category": "debug-file",
          "context": {},
          "callStackSkipIndex": 0
        },
        "anonymizeFileLogger": {
          "fileLogger": {
            "category": "debug-file",
            "context": {},
            "callStackSkipIndex": 0
          }
        }
      }
    },
    {
      "head": {
        "id": "c8b5c871-5b25-4b2e-b025-f265cb239eca",
        "name": "eval project",
        "description": "Evaluate project.",
        "type": "duration"
      },
      "body": {
        "pid": 36824,
        "tid": "Main Thread",
        "startTime": 64455995054300,
        "endTime": 64456098477700
      },
      "additional": {
        "children": [
          "d84ed9b1-95b4-4e7c-bc11-09406968b854",
          "128ecad9-4217-4a42-b5c9-9c6360a44100",
          "e34ff90b-b0fb-4004-b732-c3a3521191e3"
        ],
        "state": "success",
        "targetName": "",
        "moduleName": "",
        "category": "",
        "taskRunReasons": [],
        "parent": "37c0cff2-ff8e-44f7-9bb6-983eaac75734",
        "logId": "9036a691-b6ac-4450-8cec-b7ea031c00f4"
      },
      "log": {
        "_logger": {
          "category": "DurationEvent",
          "context": {},
          "callStackSkipIndex": 0
        },
        "_filelogger": {
          "category": "debug-file",
          "context": {},
          "callStackSkipIndex": 0
        },
        "anonymizeFileLogger": {
          "fileLogger": {
            "category": "debug-file",
            "context": {},
            "callStackSkipIndex": 0
          }
        }
      }
    },
    {
      "head": {
        "id": "e217e34c-c20d-4a57-8a17-df33fdee19a3",
        "name": "eval modules",
        "description": "Evaluate modules.",
        "type": "duration"
      },
      "body": {
        "pid": 36824,
        "tid": "Main Thread",
        "startTime": 64456098489100,
        "endTime": 64456123499200
      },
      "additional": {
        "children": [
          "c373fba3-52e1-4994-94b9-890beda725f8"
        ],
        "state": "success",
        "targetName": "",
        "moduleName": "",
        "category": "",
        "taskRunReasons": [],
        "parent": "37c0cff2-ff8e-44f7-9bb6-983eaac75734",
        "logId": "638e5bf3-eb7f-4b7f-938f-ee27d4051280"
      },
      "log": {
        "_logger": {
          "category": "DurationEvent",
          "context": {},
          "callStackSkipIndex": 0
        },
        "_filelogger": {
          "category": "debug-file",
          "context": {},
          "callStackSkipIndex": 0
        },
        "anonymizeFileLogger": {
          "fileLogger": {
            "category": "debug-file",
            "context": {},
            "callStackSkipIndex": 0
          }
        }
      }
    },
    {
      "head": {
        "id": "d5619dae-afbd-494a-b5c8-7e632807f774",
        "name": "add config dependencies",
        "description": "Add configuration dependencies.",
        "type": "duration"
      },
      "body": {
        "pid": 36824,
        "tid": "Main Thread",
        "startTime": 64456123514600,
        "endTime": 64456146075800
      },
      "additional": {
        "children": [],
        "state": "success",
        "targetName": "",
        "moduleName": "",
        "category": "",
        "taskRunReasons": [],
        "parent": "37c0cff2-ff8e-44f7-9bb6-983eaac75734",
        "logId": "e88292be-e056-464d-96c8-41f4160b8b14"
      },
      "log": {
        "_logger": {
          "category": "DurationEvent",
          "context": {},
          "callStackSkipIndex": 0
        },
        "_filelogger": {
          "category": "debug-file",
          "context": {},
          "callStackSkipIndex": 0
        },
        "anonymizeFileLogger": {
          "fileLogger": {
            "category": "debug-file",
            "context": {},
            "callStackSkipIndex": 0
          }
        }
      }
    },
    {
      "head": {
        "id": "0ba3445f-e2e7-4a71-826f-4c357f891281",
        "name": "ohpm install",
        "description": "Ohpm install event.",
        "type": "duration"
      },
      "body": {
        "pid": 36824,
        "tid": "Main Thread",
        "startTime": 64456147003900,
        "endTime": 64456147686100
      },
      "additional": {
        "children": [],
        "state": "success",
        "targetName": "",
        "moduleName": "",
        "category": "",
        "taskRunReasons": [],
        "parent": "37c0cff2-ff8e-44f7-9bb6-983eaac75734",
        "logId": "6ba1146d-c9f5-4d98-95a3-44d2b2ea3f53"
      },
      "log": {
        "_logger": {
          "category": "DurationEvent",
          "context": {},
          "callStackSkipIndex": 0
        },
        "_filelogger": {
          "category": "debug-file",
          "context": {},
          "callStackSkipIndex": 0
        },
        "anonymizeFileLogger": {
          "fileLogger": {
            "category": "debug-file",
            "context": {},
            "callStackSkipIndex": 0
          }
        }
      }
    },
    {
      "head": {
        "id": "2ee0dc02-d79c-46e5-95cc-40208044f342",
        "name": "eval hook",
        "description": "EvaluateEvent hook.",
        "type": "duration"
      },
      "body": {
        "pid": 36824,
        "tid": "Main Thread",
        "startTime": 64456147700500,
        "endTime": 64456160007000
      },
      "additional": {
        "children": [],
        "state": "success",
        "targetName": "",
        "moduleName": "",
        "category": "",
        "taskRunReasons": [],
        "parent": "37c0cff2-ff8e-44f7-9bb6-983eaac75734",
        "logId": "b8d7013f-414e-4be1-a3de-684eb9feaca7"
      },
      "log": {
        "_logger": {
          "category": "DurationEvent",
          "context": {},
          "callStackSkipIndex": 0
        },
        "_filelogger": {
          "category": "debug-file",
          "context": {},
          "callStackSkipIndex": 0
        },
        "anonymizeFileLogger": {
          "fileLogger": {
            "category": "debug-file",
            "context": {},
            "callStackSkipIndex": 0
          }
        }
      }
    },
    {
      "head": {
        "id": "51afd54a-b78b-4aa5-b639-ebcd8d4c5019",
        "name": "fin configuration",
        "description": "Finish configuration.",
        "type": "duration"
      },
      "body": {
        "pid": 36824,
        "tid": "Main Thread",
        "startTime": 64456160031400,
        "endTime": 64456160194000
      },
      "additional": {
        "children": [],
        "state": "success",
        "targetName": "",
        "moduleName": "",
        "category": "",
        "taskRunReasons": [],
        "parent": "37c0cff2-ff8e-44f7-9bb6-983eaac75734",
        "logId": "bffc0149-1de9-4e76-b63d-2195c2ebc877"
      },
      "log": {
        "_logger": {
          "category": "DurationEvent",
          "context": {},
          "callStackSkipIndex": 0
        },
        "_filelogger": {
          "category": "debug-file",
          "context": {},
          "callStackSkipIndex": 0
        },
        "anonymizeFileLogger": {
          "fileLogger": {
            "category": "debug-file",
            "context": {},
            "callStackSkipIndex": 0
          }
        }
      }
    },
    {
      "head": {
        "id": "e5a547ac-afa1-4aef-a803-142531a62730",
        "name": "init configuration",
        "description": "",
        "type": "log"
      },
      "body": {
        "pid": 36824,
        "tid": "Main Thread",
        "startTime": 64455988866900,
        "endTime": 64455988875100
      },
      "additional": {
        "logType": "info",
        "children": [],
        "durationId": "ced804ab-e1d9-402d-b1ae-974c41450d32",
        "parent": "4bf0e16a-4908-49c8-b545-27a9d13493bc"
      }
    },
    {
      "head": {
        "id": "5c4e76d8-4a3f-4f11-820f-277928f61390",
        "name": "configure project task",
        "description": "",
        "type": "log"
      },
      "body": {
        "pid": 36824,
        "tid": "Main Thread",
        "startTime": 64455988891100,
        "endTime": 64455995038700
      },
      "additional": {
        "logType": "info",
        "children": [],
        "durationId": "5d88ca6e-90f5-43f7-a377-411412df4217",
        "parent": "4bf0e16a-4908-49c8-b545-27a9d13493bc"
      }
    },
    {
      "head": {
        "id": "d84ed9b1-95b4-4e7c-bc11-09406968b854",
        "name": "\"beforeNodeEvaluate\" hook function",
        "description": "",
        "type": "duration"
      },
      "body": {
        "pid": 36824,
        "tid": "Main Thread",
        "startTime": 64455995927000,
        "endTime": 64455995959700
      },
      "additional": {
        "children": [],
        "state": "success",
        "targetName": "",
        "moduleName": "",
        "category": "",
        "taskRunReasons": [],
        "parent": "c8b5c871-5b25-4b2e-b025-f265cb239eca",
        "logId": "2c966292-2bc4-44b7-a106-7fc34c30319b"
      },
      "log": {
        "_logger": {
          "category": "DurationEvent",
          "context": {},
          "callStackSkipIndex": 0
        },
        "_filelogger": {
          "category": "debug-file",
          "context": {},
          "callStackSkipIndex": 0
        },
        "anonymizeFileLogger": {
          "fileLogger": {
            "category": "debug-file",
            "context": {},
            "callStackSkipIndex": 0
          }
        }
      }
    },
    {
      "head": {
        "id": "2c966292-2bc4-44b7-a106-7fc34c30319b",
        "name": "\"beforeNodeEvaluate\" hook function",
        "description": "",
        "type": "log"
      },
      "body": {
        "pid": 36824,
        "tid": "Main Thread",
        "startTime": 64455995927000,
        "endTime": 64455995959700
      },
      "additional": {
        "logType": "info",
        "children": [],
        "durationId": "d84ed9b1-95b4-4e7c-bc11-09406968b854",
        "parent": "9036a691-b6ac-4450-8cec-b7ea031c00f4"
      }
    },
    {
      "head": {
        "id": "128ecad9-4217-4a42-b5c9-9c6360a44100",
        "name": "eval hvigorfile",
        "description": "Evaluate hvigorfile.",
        "type": "duration"
      },
      "body": {
        "pid": 36824,
        "tid": "Main Thread",
        "startTime": 64455998979800,
        "endTime": 64456097592000
      },
      "additional": {
        "children": [
          "d98cd337-f9c5-4b0a-bc3d-c211b3532675",
          "d8980c4c-a91d-4440-8686-bbec4820e7ba"
        ],
        "state": "success",
        "targetName": "",
        "moduleName": "",
        "category": "",
        "taskRunReasons": [],
        "parent": "c8b5c871-5b25-4b2e-b025-f265cb239eca",
        "logId": "efa6b264-7e92-4d7a-b5e1-ec1bd433f936"
      },
      "log": {
        "_logger": {
          "category": "DurationEvent",
          "context": {},
          "callStackSkipIndex": 0
        },
        "_filelogger": {
          "category": "debug-file",
          "context": {},
          "callStackSkipIndex": 0
        },
        "anonymizeFileLogger": {
          "fileLogger": {
            "category": "debug-file",
            "context": {},
            "callStackSkipIndex": 0
          }
        }
      }
    },
    {
      "head": {
        "id": "d98cd337-f9c5-4b0a-bc3d-c211b3532675",
        "name": "require hvigorfile",
        "description": "Require hvigorfile.",
        "type": "duration"
      },
      "body": {
        "pid": 36824,
        "tid": "Main Thread",
        "startTime": 64455998983000,
        "endTime": 64456007029000
      },
      "additional": {
        "children": [],
        "state": "success",
        "targetName": "",
        "moduleName": "",
        "category": "",
        "taskRunReasons": [],
        "parent": "128ecad9-4217-4a42-b5c9-9c6360a44100",
        "logId": "3b5c662c-2efe-4d7c-937e-5b41472a0c67"
      },
      "log": {
        "_logger": {
          "category": "DurationEvent",
          "context": {},
          "callStackSkipIndex": 0
        },
        "_filelogger": {
          "category": "debug-file",
          "context": {},
          "callStackSkipIndex": 0
        },
        "anonymizeFileLogger": {
          "fileLogger": {
            "category": "debug-file",
            "context": {},
            "callStackSkipIndex": 0
          }
        }
      }
    },
    {
      "head": {
        "id": "d8980c4c-a91d-4440-8686-bbec4820e7ba",
        "name": "bind plugins",
        "description": "Bind plugins.",
        "type": "duration"
      },
      "body": {
        "pid": 36824,
        "tid": "Main Thread",
        "startTime": 64456007062200,
        "endTime": 64456097572100
      },
      "additional": {
        "children": [],
        "state": "success",
        "targetName": "",
        "moduleName": "",
        "category": "",
        "taskRunReasons": [],
        "parent": "128ecad9-4217-4a42-b5c9-9c6360a44100",
        "logId": "37871f6c-74e2-43cf-9eeb-9ddd7b11c694"
      },
      "log": {
        "_logger": {
          "category": "DurationEvent",
          "context": {},
          "callStackSkipIndex": 0
        },
        "_filelogger": {
          "category": "debug-file",
          "context": {},
          "callStackSkipIndex": 0
        },
        "anonymizeFileLogger": {
          "fileLogger": {
            "category": "debug-file",
            "context": {},
            "callStackSkipIndex": 0
          }
        }
      }
    },
    {
      "head": {
        "id": "72476893-dbd2-4e09-813b-efaa10d9f81f",
        "name": "hvigorfile, resolving F:\\DevEcoStudioProjects\\DuoLa\\hvigorfile.ts",
        "description": "",
        "type": "log"
      },
      "body": {
        "pid": 36824,
        "tid": "Main Thread",
        "startTime": 64455998988800
      },
      "additional": {
        "logType": "debug",
        "children": []
      }
    },
    {
      "head": {
        "id": "5d9f7501-538d-4850-a119-7949e7a75d81",
        "name": "hvigorfile, require result:  { default: { system: [Function: appTasks], plugins: [] } }",
        "description": "",
        "type": "log"
      },
      "body": {
        "pid": 36824,
        "tid": "Main Thread",
        "startTime": 64456006852300
      },
      "additional": {
        "logType": "debug",
        "children": []
      }
    },
    {
      "head": {
        "id": "3b5c662c-2efe-4d7c-937e-5b41472a0c67",
        "name": "require hvigorfile",
        "description": "",
        "type": "log"
      },
      "body": {
        "pid": 36824,
        "tid": "Main Thread",
        "startTime": 64455998983000,
        "endTime": 64456007029000
      },
      "additional": {
        "logType": "info",
        "children": [],
        "durationId": "d98cd337-f9c5-4b0a-bc3d-c211b3532675",
        "parent": "efa6b264-7e92-4d7a-b5e1-ec1bd433f936"
      }
    },
    {
      "head": {
        "id": "b66364b9-a08d-4a82-8b3a-30b33c5f144b",
        "name": "hvigorfile, binding system plugins [Function: appTasks]",
        "description": "",
        "type": "log"
      },
      "body": {
        "pid": 36824,
        "tid": "Main Thread",
        "startTime": 64456007075700
      },
      "additional": {
        "logType": "debug",
        "children": []
      }
    },
    {
      "head": {
        "id": "0fec4fcf-4ed2-4261-9eb1-d33bb9791d9f",
        "name": "Start initialize project's product build option map with build mode debug.",
        "description": "",
        "type": "log"
      },
      "body": {
        "pid": 36824,
        "tid": "Main Thread",
        "startTime": 64456017760600
      },
      "additional": {
        "logType": "debug",
        "children": []
      }
    },
    {
      "head": {
        "id": "fa51ff41-6ec2-4553-b97d-0d3648da1f9b",
        "name": "Picking option from product 'default' with build mode 'debug'.",
        "description": "",
        "type": "log"
      },
      "body": {
        "pid": 36824,
        "tid": "Main Thread",
        "startTime": 64456017962900
      },
      "additional": {
        "logType": "debug",
        "children": []
      }
    },
    {
      "head": {
        "id": "533f9500-9a6e-4927-91bd-58132c434665",
        "name": "Product 'default' build option: {}",
        "description": "",
        "type": "log"
      },
      "body": {
        "pid": 36824,
        "tid": "Main Thread",
        "startTime": 64456018214100
      },
      "additional": {
        "logType": "debug",
        "children": []
      }
    },
    {
      "head": {
        "id": "68009cfa-7033-4ad5-933b-26bd5d25b435",
        "name": "End initialize project's product build option map with build mode 'debug'.",
        "description": "",
        "type": "log"
      },
      "body": {
        "pid": 36824,
        "tid": "Main Thread",
        "startTime": 64456018391500
      },
      "additional": {
        "logType": "debug",
        "children": []
      }
    },
    {
      "head": {
        "id": "b86d7b03-2f3f-4944-a2ee-9b2a0b713d4c",
        "name": "Product 'default' using build option: {\n  \"debuggable\": true,\n  \"strictMode\": {\n    \"caseSensitiveCheck\": true,\n    \"useNormalizedOHMUrl\": true\n  }\n} in this build.",
        "description": "",
        "type": "log"
      },
      "body": {
        "pid": 36824,
        "tid": "Main Thread",
        "startTime": 64456020966800
      },
      "additional": {
        "logType": "debug",
        "children": []
      }
    },
    {
      "head": {
        "id": "9600dbc4-964a-4c6d-8706-9e29623bc0fd",
        "name": "No signingConfig found, initRemoteHspCache failed.",
        "description": "",
        "type": "log"
      },
      "body": {
        "pid": 36824,
        "tid": "Main Thread",
        "startTime": 64456027094100
      },
      "additional": {
        "logType": "debug",
        "children": []
      }
    },
    {
      "head": {
        "id": "dd2272a4-30d9-4e4f-80a6-badab4a36747",
        "name": "Start recording SDK configuration permission data.",
        "description": "",
        "type": "log"
      },
      "body": {
        "pid": 36824,
        "tid": "Main Thread",
        "startTime": 64456038402200
      },
      "additional": {
        "logType": "debug",
        "children": []
      }
    },
    {
      "head": {
        "id": "ac5b170c-651f-4094-b3e3-aa5d88ae9ebf",
        "name": "Sdk init in 44 ms ",
        "description": "",
        "type": "log"
      },
      "body": {
        "pid": 36824,
        "tid": "Main Thread",
        "startTime": 64456072567500
      },
      "additional": {
        "logType": "debug",
        "children": []
      }
    },
    {
      "head": {
        "id": "16ec9184-81bc-4ad5-a6ec-6be90f9281ad",
        "name": "sdkVersion",
        "description": "5.1.0.110",
        "type": "mark"
      },
      "body": {
        "pid": 36824,
        "tid": "Main Thread",
        "startTime": 64456072739100
      },
      "additional": {
        "time": {
          "year": 2025,
          "month": 7,
          "day": 4,
          "hour": 3,
          "minute": 32,
          "second": 39
        },
        "markType": "other"
      }
    },
    {
      "head": {
        "id": "20a58bfe-6e69-4de3-9399-b4da1bb004d8",
        "name": "caseSensitiveCheckOn",
        "description": "caseSensitiveCheck check is on",
        "type": "mark"
      },
      "body": {
        "pid": 36824,
        "tid": "Main Thread",
        "startTime": 64456072759000
      },
      "additional": {
        "time": {
          "year": 2025,
          "month": 7,
          "day": 4,
          "hour": 3,
          "minute": 32,
          "second": 39
        },
        "markType": "other"
      }
    },
    {
      "head": {
        "id": "89671b9a-403b-4f9b-a7f1-0afadd806ee4",
        "name": ":clean",
        "description": "Clear the cache information.",
        "type": "duration"
      },
      "body": {
        "pid": 36824,
        "tid": "Main Thread",
        "startTime": 64456277987200,
        "endTime": 64456279202800
      },
      "additional": {
        "children": [],
        "state": "success",
        "targetName": "",
        "moduleName": "",
        "category": "Other",
        "taskRunReasons": [],
        "detailId": "fc92e3e1-58da-4942-9cef-603c154b6080",
        "logId": "729ab5cd-72fe-4415-836e-2dfa5b76e29f"
      },
      "log": {
        "_logger": {
          "category": "DurationEvent",
          "context": {},
          "callStackSkipIndex": 0
        },
        "_filelogger": {
          "category": "debug-file",
          "context": {},
          "callStackSkipIndex": 0
        },
        "anonymizeFileLogger": {
          "fileLogger": {
            "category": "debug-file",
            "context": {},
            "callStackSkipIndex": 0
          }
        }
      }
    },
    {
      "head": {
        "id": "fc92e3e1-58da-4942-9cef-603c154b6080",
        "name": "create :clean task",
        "description": "",
        "type": "log"
      },
      "body": {
        "pid": 36824,
        "tid": "Main Thread",
        "startTime": 64456077032800
      },
      "additional": {
        "logType": "detail",
        "children": [],
        "durationId": "89671b9a-403b-4f9b-a7f1-0afadd806ee4"
      }
    },
    {
      "head": {
        "id": "cda448f8-c9a4-45c1-80a4-045cdb402b15",
        "name": "Project task initialization takes 24 ms ",
        "description": "",
        "type": "log"
      },
      "body": {
        "pid": 36824,
        "tid": "Main Thread",
        "startTime": 64456097231700
      },
      "additional": {
        "logType": "debug",
        "children": []
      }
    },
    {
      "head": {
        "id": "0a67b53c-6758-45f6-a965-7a314c6f0665",
        "name": "hvigorfile, binding custom plugins []",
        "description": "",
        "type": "log"
      },
      "body": {
        "pid": 36824,
        "tid": "Main Thread",
        "startTime": 64456097360300
      },
      "additional": {
        "logType": "debug",
        "children": []
      }
    },
    {
      "head": {
        "id": "de962918-f454-4376-bbeb-87ff41508af8",
        "name": "hvigorfile, no custom plugins were found in F:\\DevEcoStudioProjects\\DuoLa\\hvigorfile.ts",
        "description": "",
        "type": "log"
      },
      "body": {
        "pid": 36824,
        "tid": "Main Thread",
        "startTime": 64456097438400
      },
      "additional": {
        "logType": "debug",
        "children": []
      }
    },
    {
      "head": {
        "id": "89fc18ea-7b79-4e71-98f1-22666bf5a3fc",
        "name": "hvigorfile, resolve finished F:\\DevEcoStudioProjects\\DuoLa\\hvigorfile.ts",
        "description": "",
        "type": "log"
      },
      "body": {
        "pid": 36824,
        "tid": "Main Thread",
        "startTime": 64456097504600
      },
      "additional": {
        "logType": "debug",
        "children": []
      }
    },
    {
      "head": {
        "id": "37871f6c-74e2-43cf-9eeb-9ddd7b11c694",
        "name": "bind plugins",
        "description": "",
        "type": "log"
      },
      "body": {
        "pid": 36824,
        "tid": "Main Thread",
        "startTime": 64456007062200,
        "endTime": 64456097572100
      },
      "additional": {
        "logType": "info",
        "children": [],
        "durationId": "d8980c4c-a91d-4440-8686-bbec4820e7ba",
        "parent": "efa6b264-7e92-4d7a-b5e1-ec1bd433f936"
      }
    },
    {
      "head": {
        "id": "efa6b264-7e92-4d7a-b5e1-ec1bd433f936",
        "name": "eval hvigorfile",
        "description": "",
        "type": "log"
      },
      "body": {
        "pid": 36824,
        "tid": "Main Thread",
        "startTime": 64455998979800,
        "endTime": 64456097592000
      },
      "additional": {
        "logType": "info",
        "children": [
          "3b5c662c-2efe-4d7c-937e-5b41472a0c67",
          "37871f6c-74e2-43cf-9eeb-9ddd7b11c694"
        ],
        "durationId": "128ecad9-4217-4a42-b5c9-9c6360a44100",
        "parent": "9036a691-b6ac-4450-8cec-b7ea031c00f4"
      }
    },
    {
      "head": {
        "id": "e34ff90b-b0fb-4004-b732-c3a3521191e3",
        "name": "\"afterNodeEvaluate\" hook function",
        "description": "",
        "type": "duration"
      },
      "body": {
        "pid": 36824,
        "tid": "Main Thread",
        "startTime": 64456098454700,
        "endTime": 64456098467500
      },
      "additional": {
        "children": [],
        "state": "success",
        "targetName": "",
        "moduleName": "",
        "category": "",
        "taskRunReasons": [],
        "parent": "c8b5c871-5b25-4b2e-b025-f265cb239eca",
        "logId": "4b9ec8c2-81a5-45de-9701-938c36195bb7"
      },
      "log": {
        "_logger": {
          "category": "DurationEvent",
          "context": {},
          "callStackSkipIndex": 0
        },
        "_filelogger": {
          "category": "debug-file",
          "context": {},
          "callStackSkipIndex": 0
        },
        "anonymizeFileLogger": {
          "fileLogger": {
            "category": "debug-file",
            "context": {},
            "callStackSkipIndex": 0
          }
        }
      }
    },
    {
      "head": {
        "id": "4b9ec8c2-81a5-45de-9701-938c36195bb7",
        "name": "\"afterNodeEvaluate\" hook function",
        "description": "",
        "type": "log"
      },
      "body": {
        "pid": 36824,
        "tid": "Main Thread",
        "startTime": 64456098454700,
        "endTime": 64456098467500
      },
      "additional": {
        "logType": "info",
        "children": [],
        "durationId": "e34ff90b-b0fb-4004-b732-c3a3521191e3",
        "parent": "9036a691-b6ac-4450-8cec-b7ea031c00f4"
      }
    },
    {
      "head": {
        "id": "9036a691-b6ac-4450-8cec-b7ea031c00f4",
        "name": "eval project",
        "description": "",
        "type": "log"
      },
      "body": {
        "pid": 36824,
        "tid": "Main Thread",
        "startTime": 64455995054300,
        "endTime": 64456098477700
      },
      "additional": {
        "logType": "info",
        "children": [
          "2c966292-2bc4-44b7-a106-7fc34c30319b",
          "efa6b264-7e92-4d7a-b5e1-ec1bd433f936",
          "4b9ec8c2-81a5-45de-9701-938c36195bb7"
        ],
        "durationId": "c8b5c871-5b25-4b2e-b025-f265cb239eca",
        "parent": "4bf0e16a-4908-49c8-b545-27a9d13493bc"
      }
    },
    {
      "head": {
        "id": "c373fba3-52e1-4994-94b9-890beda725f8",
        "name": "eval submodule",
        "description": "Evaluate submodule.",
        "type": "duration"
      },
      "body": {
        "pid": 36824,
        "tid": "Main Thread",
        "startTime": 64456099111800,
        "endTime": 64456123488300
      },
      "additional": {
        "children": [
          "6fe54463-ce13-4e8b-a96e-337a661e8637",
          "88ca4624-7724-45a5-9598-8cc0cd713bf1",
          "cfc8cffa-7c0d-4b25-b923-48f7abcaf450"
        ],
        "state": "success",
        "targetName": "",
        "moduleName": "",
        "category": "",
        "taskRunReasons": [],
        "parent": "e217e34c-c20d-4a57-8a17-df33fdee19a3",
        "logId": "2c9a0ca5-d6aa-4db3-b92a-838158f244dc"
      },
      "log": {
        "_logger": {
          "category": "DurationEvent",
          "context": {},
          "callStackSkipIndex": 0
        },
        "_filelogger": {
          "category": "debug-file",
          "context": {},
          "callStackSkipIndex": 0
        },
        "anonymizeFileLogger": {
          "fileLogger": {
            "category": "debug-file",
            "context": {},
            "callStackSkipIndex": 0
          }
        }
      }
    },
    {
      "head": {
        "id": "6fe54463-ce13-4e8b-a96e-337a661e8637",
        "name": "\"beforeNodeEvaluate\" hook function",
        "description": "",
        "type": "duration"
      },
      "body": {
        "pid": 36824,
        "tid": "Main Thread",
        "startTime": 64456102319700,
        "endTime": 64456102334500
      },
      "additional": {
        "children": [],
        "state": "success",
        "targetName": "",
        "moduleName": "",
        "category": "",
        "taskRunReasons": [],
        "parent": "c373fba3-52e1-4994-94b9-890beda725f8",
        "logId": "1a8d95d1-e22a-49f9-9c7b-2382a0407cd7"
      },
      "log": {
        "_logger": {
          "category": "DurationEvent",
          "context": {},
          "callStackSkipIndex": 0
        },
        "_filelogger": {
          "category": "debug-file",
          "context": {},
          "callStackSkipIndex": 0
        },
        "anonymizeFileLogger": {
          "fileLogger": {
            "category": "debug-file",
            "context": {},
            "callStackSkipIndex": 0
          }
        }
      }
    },
    {
      "head": {
        "id": "1a8d95d1-e22a-49f9-9c7b-2382a0407cd7",
        "name": "\"beforeNodeEvaluate\" hook function",
        "description": "",
        "type": "log"
      },
      "body": {
        "pid": 36824,
        "tid": "Main Thread",
        "startTime": 64456102319700,
        "endTime": 64456102334500
      },
      "additional": {
        "logType": "info",
        "children": [],
        "durationId": "6fe54463-ce13-4e8b-a96e-337a661e8637",
        "parent": "2c9a0ca5-d6aa-4db3-b92a-838158f244dc"
      }
    },
    {
      "head": {
        "id": "88ca4624-7724-45a5-9598-8cc0cd713bf1",
        "name": "eval hvigorfile",
        "description": "Evaluate hvigorfile.",
        "type": "duration"
      },
      "body": {
        "pid": 36824,
        "tid": "Main Thread",
        "startTime": 64456104873300,
        "endTime": 64456122156100
      },
      "additional": {
        "children": [
          "42fa7efa-0691-4a67-a167-f40fb9d97203",
          "3f6f630f-6505-43f7-902a-96e944e69253"
        ],
        "state": "success",
        "targetName": "",
        "moduleName": "",
        "category": "",
        "taskRunReasons": [],
        "parent": "c373fba3-52e1-4994-94b9-890beda725f8",
        "logId": "e535f6df-0f00-4482-9099-a32b77a1dd9a"
      },
      "log": {
        "_logger": {
          "category": "DurationEvent",
          "context": {},
          "callStackSkipIndex": 0
        },
        "_filelogger": {
          "category": "debug-file",
          "context": {},
          "callStackSkipIndex": 0
        },
        "anonymizeFileLogger": {
          "fileLogger": {
            "category": "debug-file",
            "context": {},
            "callStackSkipIndex": 0
          }
        }
      }
    },
    {
      "head": {
        "id": "42fa7efa-0691-4a67-a167-f40fb9d97203",
        "name": "require hvigorfile",
        "description": "Require hvigorfile.",
        "type": "duration"
      },
      "body": {
        "pid": 36824,
        "tid": "Main Thread",
        "startTime": 64456104874400,
        "endTime": 64456107926900
      },
      "additional": {
        "children": [],
        "state": "success",
        "targetName": "",
        "moduleName": "",
        "category": "",
        "taskRunReasons": [],
        "parent": "88ca4624-7724-45a5-9598-8cc0cd713bf1",
        "logId": "441d8269-4cfb-43cd-a6a7-9afffe20e270"
      },
      "log": {
        "_logger": {
          "category": "DurationEvent",
          "context": {},
          "callStackSkipIndex": 0
        },
        "_filelogger": {
          "category": "debug-file",
          "context": {},
          "callStackSkipIndex": 0
        },
        "anonymizeFileLogger": {
          "fileLogger": {
            "category": "debug-file",
            "context": {},
            "callStackSkipIndex": 0
          }
        }
      }
    },
    {
      "head": {
        "id": "3f6f630f-6505-43f7-902a-96e944e69253",
        "name": "bind plugins",
        "description": "Bind plugins.",
        "type": "duration"
      },
      "body": {
        "pid": 36824,
        "tid": "Main Thread",
        "startTime": 64456107948200,
        "endTime": 64456122138600
      },
      "additional": {
        "children": [],
        "state": "success",
        "targetName": "",
        "moduleName": "",
        "category": "",
        "taskRunReasons": [],
        "parent": "88ca4624-7724-45a5-9598-8cc0cd713bf1",
        "logId": "c969dbea-47ab-4cb8-bf54-8c7f81382be1"
      },
      "log": {
        "_logger": {
          "category": "DurationEvent",
          "context": {},
          "callStackSkipIndex": 0
        },
        "_filelogger": {
          "category": "debug-file",
          "context": {},
          "callStackSkipIndex": 0
        },
        "anonymizeFileLogger": {
          "fileLogger": {
            "category": "debug-file",
            "context": {},
            "callStackSkipIndex": 0
          }
        }
      }
    },
    {
      "head": {
        "id": "541a2cc3-2231-4e84-a6ea-c6c08125b9f5",
        "name": "hvigorfile, resolving F:\\DevEcoStudioProjects\\DuoLa\\entry\\hvigorfile.ts",
        "description": "",
        "type": "log"
      },
      "body": {
        "pid": 36824,
        "tid": "Main Thread",
        "startTime": 64456104877700
      },
      "additional": {
        "logType": "debug",
        "children": []
      }
    },
    {
      "head": {
        "id": "0af4c2c6-3271-4bbc-a207-5aa2923cff14",
        "name": "hvigorfile, require result:  { default: { system: [Function: hapTasks], plugins: [] } }",
        "description": "",
        "type": "log"
      },
      "body": {
        "pid": 36824,
        "tid": "Main Thread",
        "startTime": 64456107800000
      },
      "additional": {
        "logType": "debug",
        "children": []
      }
    },
    {
      "head": {
        "id": "441d8269-4cfb-43cd-a6a7-9afffe20e270",
        "name": "require hvigorfile",
        "description": "",
        "type": "log"
      },
      "body": {
        "pid": 36824,
        "tid": "Main Thread",
        "startTime": 64456104874400,
        "endTime": 64456107926900
      },
      "additional": {
        "logType": "info",
        "children": [],
        "durationId": "42fa7efa-0691-4a67-a167-f40fb9d97203",
        "parent": "e535f6df-0f00-4482-9099-a32b77a1dd9a"
      }
    },
    {
      "head": {
        "id": "323e8884-e48e-424b-83a1-89043c448dcd",
        "name": "hvigorfile, binding system plugins [Function: hapTasks]",
        "description": "",
        "type": "log"
      },
      "body": {
        "pid": 36824,
        "tid": "Main Thread",
        "startTime": 64456107957700
      },
      "additional": {
        "logType": "debug",
        "children": []
      }
    },
    {
      "head": {
        "id": "d42d0a4b-2218-48a4-bb38-fdf74fdd2f7e",
        "name": "Start initialize module-target build option map, moduleName=entry, buildMode=debug",
        "description": "",
        "type": "log"
      },
      "body": {
        "pid": 36824,
        "tid": "Main Thread",
        "startTime": 64456115651000
      },
      "additional": {
        "logType": "debug",
        "children": []
      }
    },
    {
      "head": {
        "id": "0bd26617-01b5-4bec-94cb-269701bb798b",
        "name": "Target 'default' config: {}",
        "description": "",
        "type": "log"
      },
      "body": {
        "pid": 36824,
        "tid": "Main Thread",
        "startTime": 64456115789400
      },
      "additional": {
        "logType": "debug",
        "children": []
      }
    },
    {
      "head": {
        "id": "f9b12b3b-e257-4abd-b233-2017e2af5c26",
        "name": "Target 'ohosTest' config: {}",
        "description": "",
        "type": "log"
      },
      "body": {
        "pid": 36824,
        "tid": "Main Thread",
        "startTime": 64456116025500
      },
      "additional": {
        "logType": "debug",
        "children": []
      }
    },
    {
      "head": {
        "id": "049396f3-94a9-456c-9214-bb74ac80bdb2",
        "name": "Module 'entry' target 'default' build option: {\n  \"debuggable\": true,\n  \"copyFrom\": \"default\",\n  \"strictMode\": {\n    \"caseSensitiveCheck\": true,\n    \"useNormalizedOHMUrl\": true\n  },\n  \"name\": \"debug\"\n}",
        "description": "",
        "type": "log"
      },
      "body": {
        "pid": 36824,
        "tid": "Main Thread",
        "startTime": 64456116258600
      },
      "additional": {
        "logType": "debug",
        "children": []
      }
    },
    {
      "head": {
        "id": "fdc764f4-1d12-4764-9ea0-36a070682ad0",
        "name": "Module 'entry' target 'ohosTest' build option: {\n  \"debuggable\": true,\n  \"strictMode\": {\n    \"caseSensitiveCheck\": true,\n    \"useNormalizedOHMUrl\": true\n  },\n  \"name\": \"default\"\n}",
        "description": "",
        "type": "log"
      },
      "body": {
        "pid": 36824,
        "tid": "Main Thread",
        "startTime": 64456116346600
      },
      "additional": {
        "logType": "debug",
        "children": []
      }
    },
    {
      "head": {
        "id": "24b48cb2-2f9e-4b47-81a6-38b0865ba2bf",
        "name": "End initialize module-target build option map, moduleName=entry",
        "description": "",
        "type": "log"
      },
      "body": {
        "pid": 36824,
        "tid": "Main Thread",
        "startTime": 64456116430200
      },
      "additional": {
        "logType": "debug",
        "children": []
      }
    },
    {
      "head": {
        "id": "0addfea0-9bac-4b9a-bed8-fdf365424798",
        "name": "Start initialize module-target build option map, moduleName=entry, buildMode=release",
        "description": "",
        "type": "log"
      },
      "body": {
        "pid": 36824,
        "tid": "Main Thread",
        "startTime": 64456116526900
      },
      "additional": {
        "logType": "debug",
        "children": []
      }
    },
    {
      "head": {
        "id": "5fae961e-b983-42a6-a680-b0014458e3e3",
        "name": "Target 'default' config: {}",
        "description": "",
        "type": "log"
      },
      "body": {
        "pid": 36824,
        "tid": "Main Thread",
        "startTime": 64456116617000
      },
      "additional": {
        "logType": "debug",
        "children": []
      }
    },
    {
      "head": {
        "id": "540a2a7c-bd29-46d2-a5d0-ed50d471d1e9",
        "name": "Target 'ohosTest' config: {}",
        "description": "",
        "type": "log"
      },
      "body": {
        "pid": 36824,
        "tid": "Main Thread",
        "startTime": 64456117038900
      },
      "additional": {
        "logType": "debug",
        "children": []
      }
    },
    {
      "head": {
        "id": "f804aeee-5fe6-42e9-bb97-bdbd4a9a74a3",
        "name": "Module 'entry' target 'default' build option: {\n  \"debuggable\": false,\n  \"copyFrom\": \"default\",\n  \"strictMode\": {\n    \"caseSensitiveCheck\": true,\n    \"useNormalizedOHMUrl\": true\n  },\n  \"name\": \"release\",\n  \"arkOptions\": {\n    \"obfuscation\": {\n      \"ruleOptions\": {\n        \"enable\": false,\n        \"files\": [\n          \"./obfuscation-rules.txt\"\n        ]\n      }\n    }\n  }\n}",
        "description": "",
        "type": "log"
      },
      "body": {
        "pid": 36824,
        "tid": "Main Thread",
        "startTime": 64456117233600
      },
      "additional": {
        "logType": "debug",
        "children": []
      }
    },
    {
      "head": {
        "id": "29ffcc5f-12d1-4c1f-97ce-25792e07a27f",
        "name": "Module 'entry' target 'ohosTest' build option: {\n  \"debuggable\": true,\n  \"strictMode\": {\n    \"caseSensitiveCheck\": true,\n    \"useNormalizedOHMUrl\": true\n  },\n  \"name\": \"default\"\n}",
        "description": "",
        "type": "log"
      },
      "body": {
        "pid": 36824,
        "tid": "Main Thread",
        "startTime": 64456117327400
      },
      "additional": {
        "logType": "debug",
        "children": []
      }
    },
    {
      "head": {
        "id": "cfd120a0-29ad-448d-9944-7d8fde362af6",
        "name": "End initialize module-target build option map, moduleName=entry",
        "description": "",
        "type": "log"
      },
      "body": {
        "pid": 36824,
        "tid": "Main Thread",
        "startTime": 64456117385900
      },
      "additional": {
        "logType": "debug",
        "children": []
      }
    },
    {
      "head": {
        "id": "dc6a0687-eca0-46de-9f60-c088f55b16f0",
        "name": "Start initialize module-target build option map, moduleName=entry, buildMode=debug",
        "description": "",
        "type": "log"
      },
      "body": {
        "pid": 36824,
        "tid": "Main Thread",
        "startTime": 64456117442600
      },
      "additional": {
        "logType": "debug",
        "children": []
      }
    },
    {
      "head": {
        "id": "b4f051dd-28b4-478d-8cc3-79257d28e676",
        "name": "Target 'default' config: {}",
        "description": "",
        "type": "log"
      },
      "body": {
        "pid": 36824,
        "tid": "Main Thread",
        "startTime": 64456117490900
      },
      "additional": {
        "logType": "debug",
        "children": []
      }
    },
    {
      "head": {
        "id": "7469cbec-3d1f-475b-b63a-61ff9936265e",
        "name": "Target 'ohosTest' config: {}",
        "description": "",
        "type": "log"
      },
      "body": {
        "pid": 36824,
        "tid": "Main Thread",
        "startTime": 64456117590800
      },
      "additional": {
        "logType": "debug",
        "children": []
      }
    },
    {
      "head": {
        "id": "bd776812-ace3-415a-a233-ef1badb1300d",
        "name": "Module 'entry' target 'default' build option: {\n  \"debuggable\": true,\n  \"copyFrom\": \"default\",\n  \"strictMode\": {\n    \"caseSensitiveCheck\": true,\n    \"useNormalizedOHMUrl\": true\n  },\n  \"name\": \"debug\"\n}",
        "description": "",
        "type": "log"
      },
      "body": {
        "pid": 36824,
        "tid": "Main Thread",
        "startTime": 64456117683400
      },
      "additional": {
        "logType": "debug",
        "children": []
      }
    },
    {
      "head": {
        "id": "93d06444-133d-4a6f-92c3-a85a369e02e7",
        "name": "Module 'entry' target 'ohosTest' build option: {\n  \"debuggable\": true,\n  \"strictMode\": {\n    \"caseSensitiveCheck\": true,\n    \"useNormalizedOHMUrl\": true\n  },\n  \"name\": \"default\"\n}",
        "description": "",
        "type": "log"
      },
      "body": {
        "pid": 36824,
        "tid": "Main Thread",
        "startTime": 64456117728400
      },
      "additional": {
        "logType": "debug",
        "children": []
      }
    },
    {
      "head": {
        "id": "c665f6e8-9b20-48d5-aa70-4b65c0b02b30",
        "name": "End initialize module-target build option map, moduleName=entry",
        "description": "",
        "type": "log"
      },
      "body": {
        "pid": 36824,
        "tid": "Main Thread",
        "startTime": 64456117823900
      },
      "additional": {
        "logType": "debug",
        "children": []
      }
    },
    {
      "head": {
        "id": "9e98cee3-8b3f-486f-ac5d-f40ca1deffcb",
        "name": "Module 'entry' target 'default' using build option: {\n  \"debuggable\": true,\n  \"copyFrom\": \"default\",\n  \"strictMode\": {\n    \"caseSensitiveCheck\": true,\n    \"useNormalizedOHMUrl\": true\n  },\n  \"name\": \"debug\"\n} in this build.",
        "description": "",
        "type": "log"
      },
      "body": {
        "pid": 36824,
        "tid": "Main Thread",
        "startTime": 64456117902300
      },
      "additional": {
        "logType": "debug",
        "children": []
      }
    },
    {
      "head": {
        "id": "687eb606-3515-4980-a702-42724dda0480",
        "name": "Module entry task initialization takes 1 ms ",
        "description": "",
        "type": "log"
      },
      "body": {
        "pid": 36824,
        "tid": "Main Thread",
        "startTime": 64456121866200
      },
      "additional": {
        "logType": "debug",
        "children": []
      }
    },
    {
      "head": {
        "id": "f0084d29-dfcb-4ccd-b19d-d6ab3505ea3d",
        "name": "hvigorfile, binding custom plugins []",
        "description": "",
        "type": "log"
      },
      "body": {
        "pid": 36824,
        "tid": "Main Thread",
        "startTime": 64456122006300
      },
      "additional": {
        "logType": "debug",
        "children": []
      }
    },
    {
      "head": {
        "id": "5895280b-e3b5-4819-97b0-3d0838fb6906",
        "name": "hvigorfile, no custom plugins were found in F:\\DevEcoStudioProjects\\DuoLa\\entry\\hvigorfile.ts",
        "description": "",
        "type": "log"
      },
      "body": {
        "pid": 36824,
        "tid": "Main Thread",
        "startTime": 64456122057900
      },
      "additional": {
        "logType": "debug",
        "children": []
      }
    },
    {
      "head": {
        "id": "003f98e0-023c-4df8-9193-9f59e30b3610",
        "name": "hvigorfile, resolve finished F:\\DevEcoStudioProjects\\DuoLa\\entry\\hvigorfile.ts",
        "description": "",
        "type": "log"
      },
      "body": {
        "pid": 36824,
        "tid": "Main Thread",
        "startTime": 64456122099300
      },
      "additional": {
        "logType": "debug",
        "children": []
      }
    },
    {
      "head": {
        "id": "c969dbea-47ab-4cb8-bf54-8c7f81382be1",
        "name": "bind plugins",
        "description": "",
        "type": "log"
      },
      "body": {
        "pid": 36824,
        "tid": "Main Thread",
        "startTime": 64456107948200,
        "endTime": 64456122138600
      },
      "additional": {
        "logType": "info",
        "children": [],
        "durationId": "3f6f630f-6505-43f7-902a-96e944e69253",
        "parent": "e535f6df-0f00-4482-9099-a32b77a1dd9a"
      }
    },
    {
      "head": {
        "id": "e535f6df-0f00-4482-9099-a32b77a1dd9a",
        "name": "eval hvigorfile",
        "description": "",
        "type": "log"
      },
      "body": {
        "pid": 36824,
        "tid": "Main Thread",
        "startTime": 64456104873300,
        "endTime": 64456122156100
      },
      "additional": {
        "logType": "info",
        "children": [
          "441d8269-4cfb-43cd-a6a7-9afffe20e270",
          "c969dbea-47ab-4cb8-bf54-8c7f81382be1"
        ],
        "durationId": "88ca4624-7724-45a5-9598-8cc0cd713bf1",
        "parent": "2c9a0ca5-d6aa-4db3-b92a-838158f244dc"
      }
    },
    {
      "head": {
        "id": "cfc8cffa-7c0d-4b25-b923-48f7abcaf450",
        "name": "\"afterNodeEvaluate\" hook function",
        "description": "",
        "type": "duration"
      },
      "body": {
        "pid": 36824,
        "tid": "Main Thread",
        "startTime": 64456123463600,
        "endTime": 64456123475500
      },
      "additional": {
        "children": [],
        "state": "success",
        "targetName": "",
        "moduleName": "",
        "category": "",
        "taskRunReasons": [],
        "parent": "c373fba3-52e1-4994-94b9-890beda725f8",
        "logId": "17910cd0-a6de-4a89-97ba-c276fa226a79"
      },
      "log": {
        "_logger": {
          "category": "DurationEvent",
          "context": {},
          "callStackSkipIndex": 0
        },
        "_filelogger": {
          "category": "debug-file",
          "context": {},
          "callStackSkipIndex": 0
        },
        "anonymizeFileLogger": {
          "fileLogger": {
            "category": "debug-file",
            "context": {},
            "callStackSkipIndex": 0
          }
        }
      }
    },
    {
      "head": {
        "id": "17910cd0-a6de-4a89-97ba-c276fa226a79",
        "name": "\"afterNodeEvaluate\" hook function",
        "description": "",
        "type": "log"
      },
      "body": {
        "pid": 36824,
        "tid": "Main Thread",
        "startTime": 64456123463600,
        "endTime": 64456123475500
      },
      "additional": {
        "logType": "info",
        "children": [],
        "durationId": "cfc8cffa-7c0d-4b25-b923-48f7abcaf450",
        "parent": "2c9a0ca5-d6aa-4db3-b92a-838158f244dc"
      }
    },
    {
      "head": {
        "id": "2c9a0ca5-d6aa-4db3-b92a-838158f244dc",
        "name": "eval submodule",
        "description": "",
        "type": "log"
      },
      "body": {
        "pid": 36824,
        "tid": "Main Thread",
        "startTime": 64456099111800,
        "endTime": 64456123488300
      },
      "additional": {
        "logType": "info",
        "children": [
          "1a8d95d1-e22a-49f9-9c7b-2382a0407cd7",
          "e535f6df-0f00-4482-9099-a32b77a1dd9a",
          "17910cd0-a6de-4a89-97ba-c276fa226a79"
        ],
        "durationId": "c373fba3-52e1-4994-94b9-890beda725f8",
        "parent": "638e5bf3-eb7f-4b7f-938f-ee27d4051280"
      }
    },
    {
      "head": {
        "id": "638e5bf3-eb7f-4b7f-938f-ee27d4051280",
        "name": "eval modules",
        "description": "",
        "type": "log"
      },
      "body": {
        "pid": 36824,
        "tid": "Main Thread",
        "startTime": 64456098489100,
        "endTime": 64456123499200
      },
      "additional": {
        "logType": "info",
        "children": [
          "2c9a0ca5-d6aa-4db3-b92a-838158f244dc"
        ],
        "durationId": "e217e34c-c20d-4a57-8a17-df33fdee19a3",
        "parent": "4bf0e16a-4908-49c8-b545-27a9d13493bc"
      }
    },
    {
      "head": {
        "id": "7f624a7c-82fd-4932-a6e6-8a968abcbf57",
        "name": "watch files: [\n  'F:\\\\DevEcoStudioProjects\\\\DuoLa\\\\hvigorfile.ts',\n  'F:\\\\DevEcoStudioProjects\\\\DuoLa\\\\entry\\\\hvigorfile.ts'\n]",
        "description": "",
        "type": "log"
      },
      "body": {
        "pid": 36824,
        "tid": "Main Thread",
        "startTime": 64456145663100
      },
      "additional": {
        "logType": "debug",
        "children": []
      }
    },
    {
      "head": {
        "id": "e7f689da-27aa-4528-a8e9-f23ea3628b19",
        "name": "hvigorfile, resolve hvigorfile dependencies in 23 ms ",
        "description": "",
        "type": "log"
      },
      "body": {
        "pid": 36824,
        "tid": "Main Thread",
        "startTime": 64456145972100
      },
      "additional": {
        "logType": "debug",
        "children": []
      }
    },
    {
      "head": {
        "id": "e88292be-e056-464d-96c8-41f4160b8b14",
        "name": "add config dependencies",
        "description": "",
        "type": "log"
      },
      "body": {
        "pid": 36824,
        "tid": "Main Thread",
        "startTime": 64456123514600,
        "endTime": 64456146075800
      },
      "additional": {
        "logType": "info",
        "children": [],
        "durationId": "d5619dae-afbd-494a-b5c8-7e632807f774",
        "parent": "4bf0e16a-4908-49c8-b545-27a9d13493bc"
      }
    },
    {
      "head": {
        "id": "460319e5-5cbf-45ae-80c7-58481cb6eddd",
        "name": "\"nodesEvaluated\" hook function",
        "description": "",
        "type": "duration"
      },
      "body": {
        "pid": 36824,
        "tid": "Main Thread",
        "startTime": 64456146830900,
        "endTime": 64456146992600
      },
      "additional": {
        "children": [],
        "state": "success",
        "targetName": "",
        "moduleName": "",
        "category": "",
        "taskRunReasons": [],
        "parent": "37c0cff2-ff8e-44f7-9bb6-983eaac75734",
        "logId": "2d8e0830-bdd7-419a-9f1b-5f05a3aabbbd"
      },
      "log": {
        "_logger": {
          "category": "DurationEvent",
          "context": {},
          "callStackSkipIndex": 0
        },
        "_filelogger": {
          "category": "debug-file",
          "context": {},
          "callStackSkipIndex": 0
        },
        "anonymizeFileLogger": {
          "fileLogger": {
            "category": "debug-file",
            "context": {},
            "callStackSkipIndex": 0
          }
        }
      }
    },
    {
      "head": {
        "id": "3109eaa2-0001-436b-9f56-056e54db20a8",
        "name": "project has submodules:entry",
        "description": "",
        "type": "log"
      },
      "body": {
        "pid": 36824,
        "tid": "Main Thread",
        "startTime": 64456146847500
      },
      "additional": {
        "logType": "debug",
        "children": []
      }
    },
    {
      "head": {
        "id": "2d8e0830-bdd7-419a-9f1b-5f05a3aabbbd",
        "name": "\"nodesEvaluated\" hook function",
        "description": "",
        "type": "log"
      },
      "body": {
        "pid": 36824,
        "tid": "Main Thread",
        "startTime": 64456146830900,
        "endTime": 64456146992600
      },
      "additional": {
        "logType": "info",
        "children": [],
        "durationId": "460319e5-5cbf-45ae-80c7-58481cb6eddd",
        "parent": "4bf0e16a-4908-49c8-b545-27a9d13493bc"
      }
    },
    {
      "head": {
        "id": "6ba1146d-c9f5-4d98-95a3-44d2b2ea3f53",
        "name": "ohpm install",
        "description": "",
        "type": "log"
      },
      "body": {
        "pid": 36824,
        "tid": "Main Thread",
        "startTime": 64456147003900,
        "endTime": 64456147686100
      },
      "additional": {
        "logType": "info",
        "children": [],
        "durationId": "0ba3445f-e2e7-4a71-826f-4c357f891281",
        "parent": "4bf0e16a-4908-49c8-b545-27a9d13493bc"
      }
    },
    {
      "head": {
        "id": "4489e335-a595-4bf4-bf9d-1f86dae527cc",
        "name": "Start to initialize dependency information.",
        "description": "",
        "type": "log"
      },
      "body": {
        "pid": 36824,
        "tid": "Main Thread",
        "startTime": 64456147713300
      },
      "additional": {
        "logType": "debug",
        "children": []
      }
    },
    {
      "head": {
        "id": "2882bce2-515e-4a0b-9a0c-f435f5fab3f6",
        "name": "Module DuoLa Collected Dependency: ",
        "description": "",
        "type": "log"
      },
      "body": {
        "pid": 36824,
        "tid": "Main Thread",
        "startTime": 64456153296500
      },
      "additional": {
        "logType": "debug",
        "children": []
      }
    },
    {
      "head": {
        "id": "9ca091d2-3245-4648-b283-44659be21228",
        "name": "Module DuoLa's total dependency: 0",
        "description": "",
        "type": "log"
      },
      "body": {
        "pid": 36824,
        "tid": "Main Thread",
        "startTime": 64456153439800
      },
      "additional": {
        "logType": "debug",
        "children": []
      }
    },
    {
      "head": {
        "id": "a1811b0a-5e50-46f7-82c6-324bc219f34f",
        "name": "Start to initialize dependency information.",
        "description": "",
        "type": "log"
      },
      "body": {
        "pid": 36824,
        "tid": "Main Thread",
        "startTime": 64456153670200
      },
      "additional": {
        "logType": "debug",
        "children": []
      }
    },
    {
      "head": {
        "id": "0375be98-8926-4539-8a81-799ede7a54a0",
        "name": "Module entry Collected Dependency: ",
        "description": "",
        "type": "log"
      },
      "body": {
        "pid": 36824,
        "tid": "Main Thread",
        "startTime": 64456155855400
      },
      "additional": {
        "logType": "debug",
        "children": []
      }
    },
    {
      "head": {
        "id": "65e7a8c3-8c10-48f9-a857-f4c3bb383717",
        "name": "Module entry's total dependency: 0",
        "description": "",
        "type": "log"
      },
      "body": {
        "pid": 36824,
        "tid": "Main Thread",
        "startTime": 64456155981900
      },
      "additional": {
        "logType": "debug",
        "children": []
      }
    },
    {
      "head": {
        "id": "b8d7013f-414e-4be1-a3de-684eb9feaca7",
        "name": "eval hook",
        "description": "",
        "type": "log"
      },
      "body": {
        "pid": 36824,
        "tid": "Main Thread",
        "startTime": 64456147700500,
        "endTime": 64456160007000
      },
      "additional": {
        "logType": "info",
        "children": [],
        "durationId": "2ee0dc02-d79c-46e5-95cc-40208044f342",
        "parent": "4bf0e16a-4908-49c8-b545-27a9d13493bc"
      }
    },
    {
      "head": {
        "id": "db877c9a-91cc-4584-87e9-a8636057f546",
        "name": "Configuration phase cost:172 ms ",
        "description": "",
        "type": "log"
      },
      "body": {
        "pid": 36824,
        "tid": "Main Thread",
        "startTime": 64456160054800
      },
      "additional": {
        "logType": "debug",
        "children": []
      }
    },
    {
      "head": {
        "id": "bffc0149-1de9-4e76-b63d-2195c2ebc877",
        "name": "fin configuration",
        "description": "",
        "type": "log"
      },
      "body": {
        "pid": 36824,
        "tid": "Main Thread",
        "startTime": 64456160031400,
        "endTime": 64456160194000
      },
      "additional": {
        "logType": "info",
        "children": [],
        "durationId": "51afd54a-b78b-4aa5-b639-ebcd8d4c5019",
        "parent": "4bf0e16a-4908-49c8-b545-27a9d13493bc"
      }
    },
    {
      "head": {
        "id": "4bf0e16a-4908-49c8-b545-27a9d13493bc",
        "name": "configure hvigor plugin",
        "description": "",
        "type": "log"
      },
      "body": {
        "pid": 36824,
        "tid": "Main Thread",
        "startTime": 64455981348400,
        "endTime": 64456160208600
      },
      "additional": {
        "logType": "info",
        "children": [
          "e5a547ac-afa1-4aef-a803-142531a62730",
          "5c4e76d8-4a3f-4f11-820f-277928f61390",
          "9036a691-b6ac-4450-8cec-b7ea031c00f4",
          "638e5bf3-eb7f-4b7f-938f-ee27d4051280",
          "e88292be-e056-464d-96c8-41f4160b8b14",
          "6ba1146d-c9f5-4d98-95a3-44d2b2ea3f53",
          "b8d7013f-414e-4be1-a3de-684eb9feaca7",
          "bffc0149-1de9-4e76-b63d-2195c2ebc877",
          "2d8e0830-bdd7-419a-9f1b-5f05a3aabbbd"
        ],
        "durationId": "37c0cff2-ff8e-44f7-9bb6-983eaac75734",
        "parent": "e87aef66-212f-4e0d-976d-217b446ed43f"
      }
    },
    {
      "head": {
        "id": "0bed83d3-ea22-428f-9b38-e2be93e894ba",
        "name": "\"taskGraphResolved\" hook function",
        "description": "",
        "type": "duration"
      },
      "body": {
        "pid": 36824,
        "tid": "Main Thread",
        "startTime": 64456161985000,
        "endTime": 64456161998600
      },
      "additional": {
        "children": [],
        "state": "success",
        "targetName": "",
        "moduleName": "",
        "category": "",
        "taskRunReasons": [],
        "parent": "2bd894b9-29a0-4fa7-8150-529ee8977a59",
        "logId": "7765013d-abb3-4c5b-abb6-164884c0ebce"
      },
      "log": {
        "_logger": {
          "category": "DurationEvent",
          "context": {},
          "callStackSkipIndex": 0
        },
        "_filelogger": {
          "category": "debug-file",
          "context": {},
          "callStackSkipIndex": 0
        },
        "anonymizeFileLogger": {
          "fileLogger": {
            "category": "debug-file",
            "context": {},
            "callStackSkipIndex": 0
          }
        }
      }
    },
    {
      "head": {
        "id": "7765013d-abb3-4c5b-abb6-164884c0ebce",
        "name": "\"taskGraphResolved\" hook function",
        "description": "",
        "type": "log"
      },
      "body": {
        "pid": 36824,
        "tid": "Main Thread",
        "startTime": 64456161985000,
        "endTime": 64456161998600
      },
      "additional": {
        "logType": "info",
        "children": [],
        "durationId": "0bed83d3-ea22-428f-9b38-e2be93e894ba",
        "parent": "e87aef66-212f-4e0d-976d-217b446ed43f"
      }
    },
    {
      "head": {
        "id": "9bba6e8d-fda0-4679-8cef-6d00e6fc8929",
        "name": "build task graph",
        "description": "",
        "type": "log"
      },
      "body": {
        "pid": 36824,
        "tid": "Main Thread",
        "startTime": 64456160244000,
        "endTime": 64456162006600
      },
      "additional": {
        "logType": "info",
        "children": [],
        "durationId": "14e5ea7a-4f0f-46e4-aee4-93fb26bc7e5f",
        "parent": "e87aef66-212f-4e0d-976d-217b446ed43f"
      }
    },
    {
      "head": {
        "id": "1dbd2628-2c0b-44c9-9b51-b0e5845ac73e",
        "name": "init task execution option",
        "description": "",
        "type": "log"
      },
      "body": {
        "pid": 36824,
        "tid": "Main Thread",
        "startTime": 64456162010700,
        "endTime": 64456162018600
      },
      "additional": {
        "logType": "info",
        "children": [],
        "durationId": "24e1ec3d-7c30-4095-8480-010993610a8d",
        "parent": "e87aef66-212f-4e0d-976d-217b446ed43f"
      }
    },
    {
      "head": {
        "id": "e87aef66-212f-4e0d-976d-217b446ed43f",
        "name": "init",
        "description": "",
        "type": "log"
      },
      "body": {
        "pid": 36824,
        "tid": "Main Thread",
        "startTime": 64455960893700,
        "endTime": 64456162021300
      },
      "additional": {
        "logType": "info",
        "children": [
          "478c4166-3876-47f0-b29a-4166d1277229",
          "4bf0e16a-4908-49c8-b545-27a9d13493bc",
          "9bba6e8d-fda0-4679-8cef-6d00e6fc8929",
          "1dbd2628-2c0b-44c9-9b51-b0e5845ac73e",
          "5daf2046-7d25-4811-bf83-5dd2cb33cdfb",
          "3de05c29-610b-4cda-93ff-226862827363",
          "7765013d-abb3-4c5b-abb6-164884c0ebce"
        ],
        "durationId": "2bd894b9-29a0-4fa7-8150-529ee8977a59"
      }
    },
    {
      "head": {
        "id": "84c62d40-eaf8-4cf3-804c-f51567f111cc",
        "name": "Configuration task cost before running: 207 ms ",
        "description": "",
        "type": "log"
      },
      "body": {
        "pid": 36824,
        "tid": "Main Thread",
        "startTime": 64456162275400
      },
      "additional": {
        "logType": "debug",
        "children": []
      }
    },
    {
      "head": {
        "id": "ff2f26a0-3de2-4586-840d-d6be4d1795d3",
        "name": "entry:clean",
        "description": "Clear the cache information.",
        "type": "duration"
      },
      "body": {
        "pid": 36824,
        "tid": "Main Thread",
        "startTime": 64456164415900,
        "endTime": 64456277705000
      },
      "additional": {
        "children": [],
        "state": "success",
        "targetName": "",
        "moduleName": "entry",
        "category": "Other",
        "taskRunReasons": [],
        "detailId": "34b61744-4cd4-4884-96b4-826c6cac292c",
        "logId": "19513b2b-7e9e-4452-a144-5a6527106bd4"
      },
      "log": {
        "_logger": {
          "category": "DurationEvent",
          "context": {},
          "callStackSkipIndex": 0
        },
        "_filelogger": {
          "category": "debug-file",
          "context": {},
          "callStackSkipIndex": 0
        },
        "anonymizeFileLogger": {
          "fileLogger": {
            "category": "debug-file",
            "context": {},
            "callStackSkipIndex": 0
          }
        }
      }
    },
    {
      "head": {
        "id": "34b61744-4cd4-4884-96b4-826c6cac292c",
        "name": "create entry:clean task",
        "description": "",
        "type": "log"
      },
      "body": {
        "pid": 36824,
        "tid": "Main Thread",
        "startTime": 64456163711900
      },
      "additional": {
        "logType": "detail",
        "children": [],
        "durationId": "ff2f26a0-3de2-4586-840d-d6be4d1795d3"
      }
    },
    {
      "head": {
        "id": "e655500d-c3ff-4918-a2ff-aa7c814e9225",
        "name": "Executing task :entry:clean",
        "description": "",
        "type": "log"
      },
      "body": {
        "pid": 36824,
        "tid": "Main Thread",
        "startTime": 64456164424200
      },
      "additional": {
        "logType": "debug",
        "children": []
      }
    },
    {
      "head": {
        "id": "c3aa52d0-6dc6-4dfa-a2d8-e05bea0f1147",
        "name": "clean: Start terminating worker pool.",
        "description": "",
        "type": "log"
      },
      "body": {
        "pid": 36824,
        "tid": "Main Thread",
        "startTime": 64456164522900
      },
      "additional": {
        "logType": "debug",
        "children": []
      }
    },
    {
      "head": {
        "id": "08d9ab7a-644d-4f58-9d81-c5d44fdb43ba",
        "name": "Current worker pool is stopped or closed.",
        "description": "",
        "type": "log"
      },
      "body": {
        "pid": 36824,
        "tid": "Main Thread",
        "startTime": 64456164835800
      },
      "additional": {
        "logType": "debug",
        "children": []
      }
    },
    {
      "head": {
        "id": "ba1d7ea8-38f1-4c1e-b011-30777966206f",
        "name": "Clear worker 4.",
        "description": "",
        "type": "log"
      },
      "body": {
        "pid": 36824,
        "tid": "Main Thread",
        "startTime": 64456165134600
      },
      "additional": {
        "logType": "debug",
        "children": []
      }
    },
    {
      "head": {
        "id": "4506e29e-2190-4c20-9cf1-4921eed24329",
        "name": "Worker 4 has been cleared.",
        "description": "",
        "type": "log"
      },
      "body": {
        "pid": 36824,
        "tid": "Main Thread",
        "startTime": 64456165337800
      },
      "additional": {
        "logType": "debug",
        "children": []
      }
    },
    {
      "head": {
        "id": "f81beee2-a14c-4ca8-b6db-ba9a4d4b714d",
        "name": "Current idle worker size: 0.",
        "description": "",
        "type": "log"
      },
      "body": {
        "pid": 36824,
        "tid": "Main Thread",
        "startTime": 64456165424000
      },
      "additional": {
        "logType": "debug",
        "children": []
      }
    },
    {
      "head": {
        "id": "1f7cef26-1654-4abc-ba96-ae91ac41b605",
        "name": "Current busy worker size: 0.",
        "description": "",
        "type": "log"
      },
      "body": {
        "pid": 36824,
        "tid": "Main Thread",
        "startTime": 64456165495600
      },
      "additional": {
        "logType": "debug",
        "children": []
      }
    },
    {
      "head": {
        "id": "3c404c54-d03e-4467-9811-c2ae759f4412",
        "name": "Current worker pool is terminated.",
        "description": "",
        "type": "log"
      },
      "body": {
        "pid": 36824,
        "tid": "Main Thread",
        "startTime": 64456165624500
      },
      "additional": {
        "logType": "debug",
        "children": []
      }
    },
    {
      "head": {
        "id": "b1293bde-b0c5-41c2-826f-ac05f46b34ab",
        "name": "clean: Terminating worker pool finished.",
        "description": "",
        "type": "log"
      },
      "body": {
        "pid": 36824,
        "tid": "Main Thread",
        "startTime": 64456165691200
      },
      "additional": {
        "logType": "debug",
        "children": []
      }
    },
    {
      "head": {
        "id": "39130302-ca7e-4dc6-931e-706ae5c901ac",
        "name": "entry : clean cost memory 0.471893310546875",
        "description": "",
        "type": "log"
      },
      "body": {
        "pid": 36824,
        "tid": "Main Thread",
        "startTime": 64456277467500
      },
      "additional": {
        "logType": "debug",
        "children": []
      }
    },
    {
      "head": {
        "id": "9e94556d-f6ee-4fdf-a603-08b343b6a761",
        "name": "runTaskFromQueue task cost before running: 322 ms ",
        "description": "",
        "type": "log"
      },
      "body": {
        "pid": 36824,
        "tid": "Main Thread",
        "startTime": 64456277623400
      },
      "additional": {
        "logType": "debug",
        "children": []
      }
    },
    {
      "head": {
        "id": "19513b2b-7e9e-4452-a144-5a6527106bd4",
        "name": "Finished :entry:clean",
        "description": "Clear the cache information.",
        "type": "log"
      },
      "body": {
        "pid": 36824,
        "tid": "Main Thread",
        "startTime": 64456164415900,
        "endTime": 64456277705000,
        "totalTime": 113180900
      },
      "additional": {
        "logType": "info",
        "children": [],
        "durationId": "ff2f26a0-3de2-4586-840d-d6be4d1795d3"
      }
    },
    {
      "head": {
        "id": "a31d505e-bba2-43b4-8d89-c34663778f97",
        "name": "Executing task ::clean",
        "description": "",
        "type": "log"
      },
      "body": {
        "pid": 36824,
        "tid": "Main Thread",
        "startTime": 64456277992100
      },
      "additional": {
        "logType": "debug",
        "children": []
      }
    },
    {
      "head": {
        "id": "bb3af17f-a7b1-417c-b4e5-6a80341cb811",
        "name": "clean: Worker pool is inactive.",
        "description": "",
        "type": "log"
      },
      "body": {
        "pid": 36824,
        "tid": "Main Thread",
        "startTime": 64456278085800
      },
      "additional": {
        "logType": "debug",
        "children": []
      }
    },
    {
      "head": {
        "id": "1e509513-7303-485d-ba66-cceaa29ce222",
        "name": "DuoLa : clean cost memory 0.03472137451171875",
        "description": "",
        "type": "log"
      },
      "body": {
        "pid": 36824,
        "tid": "Main Thread",
        "startTime": 64456278891800
      },
      "additional": {
        "logType": "debug",
        "children": []
      }
    },
    {
      "head": {
        "id": "a918f255-4759-4640-ba9c-064ee40f9e43",
        "name": "runTaskFromQueue task cost before running: 323 ms ",
        "description": "",
        "type": "log"
      },
      "body": {
        "pid": 36824,
        "tid": "Main Thread",
        "startTime": 64456279010900
      },
      "additional": {
        "logType": "debug",
        "children": []
      }
    },
    {
      "head": {
        "id": "729ab5cd-72fe-4415-836e-2dfa5b76e29f",
        "name": "Finished ::clean",
        "description": "Clear the cache information.",
        "type": "log"
      },
      "body": {
        "pid": 36824,
        "tid": "Main Thread",
        "startTime": 64456277987200,
        "endTime": 64456279202800,
        "totalTime": 1003000
      },
      "additional": {
        "logType": "info",
        "children": [],
        "durationId": "89671b9a-403b-4f9b-a7f1-0afadd806ee4"
      }
    },
    {
      "head": {
        "id": "53552157-07ec-4d57-9c07-bd9c7185a8a7",
        "name": "\"buildFinished\" hook function",
        "description": "",
        "type": "duration"
      },
      "body": {
        "pid": 36824,
        "tid": "Main Thread",
        "startTime": 64456291024300,
        "endTime": 64456291044300
      },
      "additional": {
        "children": [],
        "state": "success",
        "targetName": "",
        "moduleName": "",
        "category": "",
        "taskRunReasons": [],
        "parent": "9eb208b5-f006-4b52-9a2c-1a968959e56d",
        "logId": "c57b452d-5136-4da3-a518-6e0fa8ce842c"
      },
      "log": {
        "_logger": {
          "category": "DurationEvent",
          "context": {},
          "callStackSkipIndex": 0
        },
        "_filelogger": {
          "category": "debug-file",
          "context": {},
          "callStackSkipIndex": 0
        },
        "anonymizeFileLogger": {
          "fileLogger": {
            "category": "debug-file",
            "context": {},
            "callStackSkipIndex": 0
          }
        }
      }
    },
    {
      "head": {
        "id": "c57b452d-5136-4da3-a518-6e0fa8ce842c",
        "name": "\"buildFinished\" hook function",
        "description": "",
        "type": "log"
      },
      "body": {
        "pid": 36824,
        "tid": "Main Thread",
        "startTime": 64456291024300,
        "endTime": 64456291044300
      },
      "additional": {
        "logType": "info",
        "children": [],
        "durationId": "53552157-07ec-4d57-9c07-bd9c7185a8a7"
      }
    },
    {
      "head": {
        "id": "1ecaeb90-5dac-45d7-9e4b-88220d29e441",
        "name": "BUILD SUCCESSFUL in 335 ms ",
        "description": "",
        "type": "log"
      },
      "body": {
        "pid": 36824,
        "tid": "Main Thread",
        "startTime": 64456291075600
      },
      "additional": {
        "logType": "info",
        "children": []
      }
    },
    {
      "head": {
        "id": "838027b9-e5b9-4622-9987-5b616538aecf",
        "name": "clean",
        "description": "",
        "type": "mark"
      },
      "body": {
        "pid": 36824,
        "tid": "Main Thread",
        "startTime": 64455956155000,
        "endTime": 64456291385900
      },
      "additional": {
        "time": {
          "year": 2025,
          "month": 7,
          "day": 4,
          "hour": 3,
          "minute": 32,
          "second": 39
        },
        "completeCommand": "{\"completeCommand\":\"-p product=default clean --analyze=normal --parallel --incremental --daemon\",\"parallel\":true,\"prop\":[\"product=default\"],\"incremental\":true,\"_\":[\"clean\"],\"daemon\":true,\"analyze\":\"normal\"};-p product=default clean --analyze=normal --parallel --incremental --daemon",
        "hvigorVersion": "5.18.4",
        "markType": "history",
        "nodeVersion": "v18.20.1",
        "category": "clean",
        "state": "success"
      }
    }
  ],
  "workLog": []
}