{
  "version": "2.0",
  "ppid": 27556,
  "events": [
    {
      "head": {
        "id": "6f8e1698-1f49-4141-b2c4-0f0de8ae2c78",
        "name": "hvigor build process will be closed.",
        "description": "",
        "type": "log"
      },
      "body": {
        "pid": 36824,
        "tid": "Main Thread",
        "startTime": 64671339424200
      },
      "additional": {
        "logType": "debug",
        "children": []
      }
    },
    {
      "head": {
        "id": "210cdcdc-6f4d-4c2a-b4bd-d5397edb2111",
        "name": "worker[14] exits with exit code 1.",
        "description": "",
        "type": "log"
      },
      "body": {
        "pid": 36824,
        "tid": "Main Thread",
        "startTime": 64671345250900
      },
      "additional": {
        "logType": "debug",
        "children": []
      }
    },
    {
      "head": {
        "id": "364a1a34-69fa-410c-b863-557c1b7814d4",
        "name": "worker[13] exits with exit code 1.",
        "description": "",
        "type": "log"
      },
      "body": {
        "pid": 36824,
        "tid": "Main Thread",
        "startTime": 64671345636300
      },
      "additional": {
        "logType": "debug",
        "children": []
      }
    },
    {
      "head": {
        "id": "9bd2000b-1003-46a2-9a43-6e51359e39e0",
        "name": "watch worker: worker id should be larger than 0. Nothing will be sent to any worker thread.",
        "description": "",
        "type": "log"
      },
      "body": {
        "pid": 36824,
        "tid": "Main Thread",
        "startTime": 64671347803800
      },
      "additional": {
        "logType": "debug",
        "children": []
      }
    },
    {
      "head": {
        "id": "bbb6d4a9-4aef-4341-b7bb-d5c2ae635284",
        "name": "watch worker: worker id should be larger than 0. Nothing will be sent to any worker thread.",
        "description": "",
        "type": "log"
      },
      "body": {
        "pid": 36824,
        "tid": "Main Thread",
        "startTime": 64671348382800
      },
      "additional": {
        "logType": "debug",
        "children": []
      }
    },
    {
      "head": {
        "id": "b930ba7a-54f9-4755-ad6d-419095c40ab6",
        "name": "watch worker: worker id should be larger than 0. Nothing will be sent to any worker thread.",
        "description": "",
        "type": "log"
      },
      "body": {
        "pid": 36824,
        "tid": "Main Thread",
        "startTime": 65007836364300
      },
      "additional": {
        "logType": "debug",
        "children": []
      }
    },
    {
      "head": {
        "id": "d6c928db-1057-464d-a585-733763e673ef",
        "name": "init",
        "description": "Initialize and build task graph.",
        "type": "duration"
      },
      "body": {
        "pid": 36824,
        "tid": "Main Thread",
        "startTime": 65007845316000,
        "endTime": 65008001423400
      },
      "additional": {
        "children": [
          "b8bf93d3-5e1f-482a-9a4d-3a7cd47b8f8d",
          "3e15ebb7-2e20-487c-8da6-2d71e25f2728",
          "81822d9e-b361-47ad-9142-018415ab439a",
          "e560ed6b-c313-4bce-8adf-34581c0b1d7c",
          "00eb436d-4e1a-4d3c-b3df-b6b20935f752",
          "95413f7d-b487-4dc4-b8a5-2f2ea376f4f3",
          "9fbe5ec2-08d8-4adf-9976-4dfb1e9bf428"
        ],
        "state": "success",
        "targetName": "",
        "moduleName": "",
        "category": "Init",
        "taskRunReasons": [],
        "logId": "6892b81b-28ae-4206-8804-91f4d5fbd7e5"
      },
      "log": {
        "_logger": {
          "category": "DurationEvent",
          "context": {},
          "callStackSkipIndex": 0
        },
        "_filelogger": {
          "category": "debug-file",
          "context": {},
          "callStackSkipIndex": 0
        },
        "anonymizeFileLogger": {
          "fileLogger": {
            "category": "debug-file",
            "context": {},
            "callStackSkipIndex": 0
          }
        }
      }
    },
    {
      "head": {
        "id": "b8bf93d3-5e1f-482a-9a4d-3a7cd47b8f8d",
        "name": "create hvigor project model",
        "description": "Initialize hvigor project model.",
        "type": "duration"
      },
      "body": {
        "pid": 36824,
        "tid": "Main Thread",
        "startTime": 65007845318700,
        "endTime": 65007860790500
      },
      "additional": {
        "children": [],
        "state": "success",
        "targetName": "",
        "moduleName": "",
        "category": "",
        "taskRunReasons": [],
        "parent": "d6c928db-1057-464d-a585-733763e673ef",
        "logId": "49bcf948-de3e-4b42-9bb0-497472f1ed34"
      },
      "log": {
        "_logger": {
          "category": "DurationEvent",
          "context": {},
          "callStackSkipIndex": 0
        },
        "_filelogger": {
          "category": "debug-file",
          "context": {},
          "callStackSkipIndex": 0
        },
        "anonymizeFileLogger": {
          "fileLogger": {
            "category": "debug-file",
            "context": {},
            "callStackSkipIndex": 0
          }
        }
      }
    },
    {
      "head": {
        "id": "3e15ebb7-2e20-487c-8da6-2d71e25f2728",
        "name": "configure hvigor plugin",
        "description": "Configure hvigor plugin.",
        "type": "duration"
      },
      "body": {
        "pid": 36824,
        "tid": "Main Thread",
        "startTime": 65007860810500,
        "endTime": 65008000387000
      },
      "additional": {
        "children": [
          "68f368fb-34ba-4601-9994-08bb42a9c6ed",
          "2622cee3-df4a-41c3-b853-35fa16c23811",
          "ef415ad6-3e53-48bd-9c57-e4dcae772ef8",
          "835213bc-fb08-4a12-8227-5459953b7909",
          "c109cc40-517b-4230-a43e-5e6ab3071491",
          "0f11acb6-9b12-4fa2-8277-fdc03bcedae1",
          "f4605cab-f01a-4898-9f94-dd278ade2f08",
          "b05a25da-6946-4987-9645-8962eae7e707",
          "1f34f544-f726-49e6-a284-dbe84a242da9"
        ],
        "state": "success",
        "targetName": "",
        "moduleName": "",
        "category": "",
        "taskRunReasons": [],
        "parent": "d6c928db-1057-464d-a585-733763e673ef",
        "logId": "9ed88b30-772f-4f67-a035-31501bfa0a1a"
      },
      "log": {
        "_logger": {
          "category": "DurationEvent",
          "context": {},
          "callStackSkipIndex": 0
        },
        "_filelogger": {
          "category": "debug-file",
          "context": {},
          "callStackSkipIndex": 0
        },
        "anonymizeFileLogger": {
          "fileLogger": {
            "category": "debug-file",
            "context": {},
            "callStackSkipIndex": 0
          }
        }
      }
    },
    {
      "head": {
        "id": "81822d9e-b361-47ad-9142-018415ab439a",
        "name": "build task graph",
        "description": "Build task graph.",
        "type": "duration"
      },
      "body": {
        "pid": 36824,
        "tid": "Main Thread",
        "startTime": 65008000408500,
        "endTime": 65008001411000
      },
      "additional": {
        "children": [],
        "state": "success",
        "targetName": "",
        "moduleName": "",
        "category": "",
        "taskRunReasons": [],
        "parent": "d6c928db-1057-464d-a585-733763e673ef",
        "logId": "d31003c3-852d-443e-a48b-6577f66ea08f"
      },
      "log": {
        "_logger": {
          "category": "DurationEvent",
          "context": {},
          "callStackSkipIndex": 0
        },
        "_filelogger": {
          "category": "debug-file",
          "context": {},
          "callStackSkipIndex": 0
        },
        "anonymizeFileLogger": {
          "fileLogger": {
            "category": "debug-file",
            "context": {},
            "callStackSkipIndex": 0
          }
        }
      }
    },
    {
      "head": {
        "id": "e560ed6b-c313-4bce-8adf-34581c0b1d7c",
        "name": "init task execution option",
        "description": "Init task execution option.",
        "type": "duration"
      },
      "body": {
        "pid": 36824,
        "tid": "Main Thread",
        "startTime": 65008001414300,
        "endTime": 65008001420600
      },
      "additional": {
        "children": [],
        "state": "success",
        "targetName": "",
        "moduleName": "",
        "category": "",
        "taskRunReasons": [],
        "parent": "d6c928db-1057-464d-a585-733763e673ef",
        "logId": "7d6e0b84-5071-4fb4-b6f2-d0fd1a7ed576"
      },
      "log": {
        "_logger": {
          "category": "DurationEvent",
          "context": {},
          "callStackSkipIndex": 0
        },
        "_filelogger": {
          "category": "debug-file",
          "context": {},
          "callStackSkipIndex": 0
        },
        "anonymizeFileLogger": {
          "fileLogger": {
            "category": "debug-file",
            "context": {},
            "callStackSkipIndex": 0
          }
        }
      }
    },
    {
      "head": {
        "id": "00eb436d-4e1a-4d3c-b3df-b6b20935f752",
        "name": "\"configEvaluated\" hook function",
        "description": "",
        "type": "duration"
      },
      "body": {
        "pid": 36824,
        "tid": "Main Thread",
        "startTime": 65007849808800,
        "endTime": 65007849849300
      },
      "additional": {
        "children": [],
        "state": "success",
        "targetName": "",
        "moduleName": "",
        "category": "",
        "taskRunReasons": [],
        "parent": "d6c928db-1057-464d-a585-733763e673ef",
        "logId": "6b453384-b696-4258-9f21-44d870276cc2"
      },
      "log": {
        "_logger": {
          "category": "DurationEvent",
          "context": {},
          "callStackSkipIndex": 0
        },
        "_filelogger": {
          "category": "debug-file",
          "context": {},
          "callStackSkipIndex": 0
        },
        "anonymizeFileLogger": {
          "fileLogger": {
            "category": "debug-file",
            "context": {},
            "callStackSkipIndex": 0
          }
        }
      }
    },
    {
      "head": {
        "id": "6b453384-b696-4258-9f21-44d870276cc2",
        "name": "\"configEvaluated\" hook function",
        "description": "",
        "type": "log"
      },
      "body": {
        "pid": 36824,
        "tid": "Main Thread",
        "startTime": 65007849808800,
        "endTime": 65007849849300
      },
      "additional": {
        "logType": "info",
        "children": [],
        "durationId": "00eb436d-4e1a-4d3c-b3df-b6b20935f752",
        "parent": "6892b81b-28ae-4206-8804-91f4d5fbd7e5"
      }
    },
    {
      "head": {
        "id": "95413f7d-b487-4dc4-b8a5-2f2ea376f4f3",
        "name": "\"nodesInitialized\" hook function",
        "description": "",
        "type": "duration"
      },
      "body": {
        "pid": 36824,
        "tid": "Main Thread",
        "startTime": 65007855493200,
        "endTime": 65007855524900
      },
      "additional": {
        "children": [],
        "state": "success",
        "targetName": "",
        "moduleName": "",
        "category": "",
        "taskRunReasons": [],
        "parent": "d6c928db-1057-464d-a585-733763e673ef",
        "logId": "816535fa-b28e-4ee7-9ea3-19dd1e40fd24"
      },
      "log": {
        "_logger": {
          "category": "DurationEvent",
          "context": {},
          "callStackSkipIndex": 0
        },
        "_filelogger": {
          "category": "debug-file",
          "context": {},
          "callStackSkipIndex": 0
        },
        "anonymizeFileLogger": {
          "fileLogger": {
            "category": "debug-file",
            "context": {},
            "callStackSkipIndex": 0
          }
        }
      }
    },
    {
      "head": {
        "id": "816535fa-b28e-4ee7-9ea3-19dd1e40fd24",
        "name": "\"nodesInitialized\" hook function",
        "description": "",
        "type": "log"
      },
      "body": {
        "pid": 36824,
        "tid": "Main Thread",
        "startTime": 65007855493200,
        "endTime": 65007855524900
      },
      "additional": {
        "logType": "info",
        "children": [],
        "durationId": "95413f7d-b487-4dc4-b8a5-2f2ea376f4f3",
        "parent": "6892b81b-28ae-4206-8804-91f4d5fbd7e5"
      }
    },
    {
      "head": {
        "id": "c651a440-fe60-45fc-b262-483a9df49699",
        "name": "Hvigor init with startParameters:{\n  hvigorfileTypeCheck: false,\n  parallelExecution: true,\n  incrementalExecution: true,\n  printStackTrace: false,\n  daemon: true,\n  analyze: 0,\n  logLevel: Level { level: 20000, levelStr: 'INFO', colour: 'green' }\n}",
        "description": "",
        "type": "log"
      },
      "body": {
        "pid": 36824,
        "tid": "Main Thread",
        "startTime": 65007855603100
      },
      "additional": {
        "logType": "debug",
        "children": []
      }
    },
    {
      "head": {
        "id": "1b15111c-fd43-47c9-b135-ca3ec7e83987",
        "name": "Cache service initialization finished in 5 ms ",
        "description": "",
        "type": "log"
      },
      "body": {
        "pid": 36824,
        "tid": "Main Thread",
        "startTime": 65007860615400
      },
      "additional": {
        "logType": "debug",
        "children": []
      }
    },
    {
      "head": {
        "id": "49bcf948-de3e-4b42-9bb0-497472f1ed34",
        "name": "create hvigor project model",
        "description": "",
        "type": "log"
      },
      "body": {
        "pid": 36824,
        "tid": "Main Thread",
        "startTime": 65007845318700,
        "endTime": 65007860790500
      },
      "additional": {
        "logType": "info",
        "children": [],
        "durationId": "b8bf93d3-5e1f-482a-9a4d-3a7cd47b8f8d",
        "parent": "6892b81b-28ae-4206-8804-91f4d5fbd7e5"
      }
    },
    {
      "head": {
        "id": "68f368fb-34ba-4601-9994-08bb42a9c6ed",
        "name": "init configuration",
        "description": "Initialize configuration.",
        "type": "duration"
      },
      "body": {
        "pid": 36824,
        "tid": "Main Thread",
        "startTime": 65007866461200,
        "endTime": 65007866471700
      },
      "additional": {
        "children": [],
        "state": "success",
        "targetName": "",
        "moduleName": "",
        "category": "",
        "taskRunReasons": [],
        "parent": "3e15ebb7-2e20-487c-8da6-2d71e25f2728",
        "logId": "9c26e4f4-b2df-4e88-8cc4-d8d53129f349"
      },
      "log": {
        "_logger": {
          "category": "DurationEvent",
          "context": {},
          "callStackSkipIndex": 0
        },
        "_filelogger": {
          "category": "debug-file",
          "context": {},
          "callStackSkipIndex": 0
        },
        "anonymizeFileLogger": {
          "fileLogger": {
            "category": "debug-file",
            "context": {},
            "callStackSkipIndex": 0
          }
        }
      }
    },
    {
      "head": {
        "id": "2622cee3-df4a-41c3-b853-35fa16c23811",
        "name": "configure project task",
        "description": "Configure project task.",
        "type": "duration"
      },
      "body": {
        "pid": 36824,
        "tid": "Main Thread",
        "startTime": 65007866488700,
        "endTime": 65007871063900
      },
      "additional": {
        "children": [],
        "state": "success",
        "targetName": "",
        "moduleName": "",
        "category": "",
        "taskRunReasons": [],
        "parent": "3e15ebb7-2e20-487c-8da6-2d71e25f2728",
        "logId": "85585e47-b33a-4022-be6e-dbd666f579b1"
      },
      "log": {
        "_logger": {
          "category": "DurationEvent",
          "context": {},
          "callStackSkipIndex": 0
        },
        "_filelogger": {
          "category": "debug-file",
          "context": {},
          "callStackSkipIndex": 0
        },
        "anonymizeFileLogger": {
          "fileLogger": {
            "category": "debug-file",
            "context": {},
            "callStackSkipIndex": 0
          }
        }
      }
    },
    {
      "head": {
        "id": "ef415ad6-3e53-48bd-9c57-e4dcae772ef8",
        "name": "eval project",
        "description": "Evaluate project.",
        "type": "duration"
      },
      "body": {
        "pid": 36824,
        "tid": "Main Thread",
        "startTime": 65007871091800,
        "endTime": 65007946346600
      },
      "additional": {
        "children": [
          "4eac48ef-ce90-4a27-b58f-9bb0b937bd9f",
          "12b9899d-b8f3-497e-af64-cae25c832dcf",
          "27cee958-5385-46da-b055-41051bd6b91e"
        ],
        "state": "success",
        "targetName": "",
        "moduleName": "",
        "category": "",
        "taskRunReasons": [],
        "parent": "3e15ebb7-2e20-487c-8da6-2d71e25f2728",
        "logId": "22a10481-4504-4a66-8157-4ab2dbfa8f5b"
      },
      "log": {
        "_logger": {
          "category": "DurationEvent",
          "context": {},
          "callStackSkipIndex": 0
        },
        "_filelogger": {
          "category": "debug-file",
          "context": {},
          "callStackSkipIndex": 0
        },
        "anonymizeFileLogger": {
          "fileLogger": {
            "category": "debug-file",
            "context": {},
            "callStackSkipIndex": 0
          }
        }
      }
    },
    {
      "head": {
        "id": "835213bc-fb08-4a12-8227-5459953b7909",
        "name": "eval modules",
        "description": "Evaluate modules.",
        "type": "duration"
      },
      "body": {
        "pid": 36824,
        "tid": "Main Thread",
        "startTime": 65007946361900,
        "endTime": 65007971070200
      },
      "additional": {
        "children": [
          "e59c12b6-b654-4daa-8bcb-eb64793f84bb"
        ],
        "state": "success",
        "targetName": "",
        "moduleName": "",
        "category": "",
        "taskRunReasons": [],
        "parent": "3e15ebb7-2e20-487c-8da6-2d71e25f2728",
        "logId": "1413a96a-f0d2-422f-921e-b36afe10af05"
      },
      "log": {
        "_logger": {
          "category": "DurationEvent",
          "context": {},
          "callStackSkipIndex": 0
        },
        "_filelogger": {
          "category": "debug-file",
          "context": {},
          "callStackSkipIndex": 0
        },
        "anonymizeFileLogger": {
          "fileLogger": {
            "category": "debug-file",
            "context": {},
            "callStackSkipIndex": 0
          }
        }
      }
    },
    {
      "head": {
        "id": "c109cc40-517b-4230-a43e-5e6ab3071491",
        "name": "add config dependencies",
        "description": "Add configuration dependencies.",
        "type": "duration"
      },
      "body": {
        "pid": 36824,
        "tid": "Main Thread",
        "startTime": 65007971085200,
        "endTime": 65007988535700
      },
      "additional": {
        "children": [],
        "state": "success",
        "targetName": "",
        "moduleName": "",
        "category": "",
        "taskRunReasons": [],
        "parent": "3e15ebb7-2e20-487c-8da6-2d71e25f2728",
        "logId": "859a837f-740b-46e6-b6c0-b4e89fba4a28"
      },
      "log": {
        "_logger": {
          "category": "DurationEvent",
          "context": {},
          "callStackSkipIndex": 0
        },
        "_filelogger": {
          "category": "debug-file",
          "context": {},
          "callStackSkipIndex": 0
        },
        "anonymizeFileLogger": {
          "fileLogger": {
            "category": "debug-file",
            "context": {},
            "callStackSkipIndex": 0
          }
        }
      }
    },
    {
      "head": {
        "id": "0f11acb6-9b12-4fa2-8277-fdc03bcedae1",
        "name": "ohpm install",
        "description": "Ohpm install event.",
        "type": "duration"
      },
      "body": {
        "pid": 36824,
        "tid": "Main Thread",
        "startTime": 65007989511300,
        "endTime": 65007990153800
      },
      "additional": {
        "children": [],
        "state": "success",
        "targetName": "",
        "moduleName": "",
        "category": "",
        "taskRunReasons": [],
        "parent": "3e15ebb7-2e20-487c-8da6-2d71e25f2728",
        "logId": "36444157-9394-452d-8a3b-e83879fa8868"
      },
      "log": {
        "_logger": {
          "category": "DurationEvent",
          "context": {},
          "callStackSkipIndex": 0
        },
        "_filelogger": {
          "category": "debug-file",
          "context": {},
          "callStackSkipIndex": 0
        },
        "anonymizeFileLogger": {
          "fileLogger": {
            "category": "debug-file",
            "context": {},
            "callStackSkipIndex": 0
          }
        }
      }
    },
    {
      "head": {
        "id": "f4605cab-f01a-4898-9f94-dd278ade2f08",
        "name": "eval hook",
        "description": "EvaluateEvent hook.",
        "type": "duration"
      },
      "body": {
        "pid": 36824,
        "tid": "Main Thread",
        "startTime": 65007990166600,
        "endTime": 65008000268500
      },
      "additional": {
        "children": [],
        "state": "success",
        "targetName": "",
        "moduleName": "",
        "category": "",
        "taskRunReasons": [],
        "parent": "3e15ebb7-2e20-487c-8da6-2d71e25f2728",
        "logId": "b2ead092-43bd-4ac3-a53f-b63d27667116"
      },
      "log": {
        "_logger": {
          "category": "DurationEvent",
          "context": {},
          "callStackSkipIndex": 0
        },
        "_filelogger": {
          "category": "debug-file",
          "context": {},
          "callStackSkipIndex": 0
        },
        "anonymizeFileLogger": {
          "fileLogger": {
            "category": "debug-file",
            "context": {},
            "callStackSkipIndex": 0
          }
        }
      }
    },
    {
      "head": {
        "id": "b05a25da-6946-4987-9645-8962eae7e707",
        "name": "fin configuration",
        "description": "Finish configuration.",
        "type": "duration"
      },
      "body": {
        "pid": 36824,
        "tid": "Main Thread",
        "startTime": 65008000285000,
        "endTime": 65008000378600
      },
      "additional": {
        "children": [],
        "state": "success",
        "targetName": "",
        "moduleName": "",
        "category": "",
        "taskRunReasons": [],
        "parent": "3e15ebb7-2e20-487c-8da6-2d71e25f2728",
        "logId": "b6ffbe46-7a9d-4d2e-ac02-842aaa883705"
      },
      "log": {
        "_logger": {
          "category": "DurationEvent",
          "context": {},
          "callStackSkipIndex": 0
        },
        "_filelogger": {
          "category": "debug-file",
          "context": {},
          "callStackSkipIndex": 0
        },
        "anonymizeFileLogger": {
          "fileLogger": {
            "category": "debug-file",
            "context": {},
            "callStackSkipIndex": 0
          }
        }
      }
    },
    {
      "head": {
        "id": "9c26e4f4-b2df-4e88-8cc4-d8d53129f349",
        "name": "init configuration",
        "description": "",
        "type": "log"
      },
      "body": {
        "pid": 36824,
        "tid": "Main Thread",
        "startTime": 65007866461200,
        "endTime": 65007866471700
      },
      "additional": {
        "logType": "info",
        "children": [],
        "durationId": "68f368fb-34ba-4601-9994-08bb42a9c6ed",
        "parent": "9ed88b30-772f-4f67-a035-31501bfa0a1a"
      }
    },
    {
      "head": {
        "id": "85585e47-b33a-4022-be6e-dbd666f579b1",
        "name": "configure project task",
        "description": "",
        "type": "log"
      },
      "body": {
        "pid": 36824,
        "tid": "Main Thread",
        "startTime": 65007866488700,
        "endTime": 65007871063900
      },
      "additional": {
        "logType": "info",
        "children": [],
        "durationId": "2622cee3-df4a-41c3-b853-35fa16c23811",
        "parent": "9ed88b30-772f-4f67-a035-31501bfa0a1a"
      }
    },
    {
      "head": {
        "id": "4eac48ef-ce90-4a27-b58f-9bb0b937bd9f",
        "name": "\"beforeNodeEvaluate\" hook function",
        "description": "",
        "type": "duration"
      },
      "body": {
        "pid": 36824,
        "tid": "Main Thread",
        "startTime": 65007871974100,
        "endTime": 65007871998100
      },
      "additional": {
        "children": [],
        "state": "success",
        "targetName": "",
        "moduleName": "",
        "category": "",
        "taskRunReasons": [],
        "parent": "ef415ad6-3e53-48bd-9c57-e4dcae772ef8",
        "logId": "a9a034ce-c966-4675-b1da-fbea175e5ae6"
      },
      "log": {
        "_logger": {
          "category": "DurationEvent",
          "context": {},
          "callStackSkipIndex": 0
        },
        "_filelogger": {
          "category": "debug-file",
          "context": {},
          "callStackSkipIndex": 0
        },
        "anonymizeFileLogger": {
          "fileLogger": {
            "category": "debug-file",
            "context": {},
            "callStackSkipIndex": 0
          }
        }
      }
    },
    {
      "head": {
        "id": "a9a034ce-c966-4675-b1da-fbea175e5ae6",
        "name": "\"beforeNodeEvaluate\" hook function",
        "description": "",
        "type": "log"
      },
      "body": {
        "pid": 36824,
        "tid": "Main Thread",
        "startTime": 65007871974100,
        "endTime": 65007871998100
      },
      "additional": {
        "logType": "info",
        "children": [],
        "durationId": "4eac48ef-ce90-4a27-b58f-9bb0b937bd9f",
        "parent": "22a10481-4504-4a66-8157-4ab2dbfa8f5b"
      }
    },
    {
      "head": {
        "id": "12b9899d-b8f3-497e-af64-cae25c832dcf",
        "name": "eval hvigorfile",
        "description": "Evaluate hvigorfile.",
        "type": "duration"
      },
      "body": {
        "pid": 36824,
        "tid": "Main Thread",
        "startTime": 65007874747500,
        "endTime": 65007945247700
      },
      "additional": {
        "children": [
          "354d499f-4086-4b89-b558-70754d3117c6",
          "57721ebf-8966-453c-8e99-f5a14d8e3431"
        ],
        "state": "success",
        "targetName": "",
        "moduleName": "",
        "category": "",
        "taskRunReasons": [],
        "parent": "ef415ad6-3e53-48bd-9c57-e4dcae772ef8",
        "logId": "dbf702de-5889-41cb-9eb7-d009c0794eb9"
      },
      "log": {
        "_logger": {
          "category": "DurationEvent",
          "context": {},
          "callStackSkipIndex": 0
        },
        "_filelogger": {
          "category": "debug-file",
          "context": {},
          "callStackSkipIndex": 0
        },
        "anonymizeFileLogger": {
          "fileLogger": {
            "category": "debug-file",
            "context": {},
            "callStackSkipIndex": 0
          }
        }
      }
    },
    {
      "head": {
        "id": "354d499f-4086-4b89-b558-70754d3117c6",
        "name": "require hvigorfile",
        "description": "Require hvigorfile.",
        "type": "duration"
      },
      "body": {
        "pid": 36824,
        "tid": "Main Thread",
        "startTime": 65007874749400,
        "endTime": 65007878869000
      },
      "additional": {
        "children": [],
        "state": "success",
        "targetName": "",
        "moduleName": "",
        "category": "",
        "taskRunReasons": [],
        "parent": "12b9899d-b8f3-497e-af64-cae25c832dcf",
        "logId": "68a5a50a-8ac7-4973-957e-aff9ec6f9633"
      },
      "log": {
        "_logger": {
          "category": "DurationEvent",
          "context": {},
          "callStackSkipIndex": 0
        },
        "_filelogger": {
          "category": "debug-file",
          "context": {},
          "callStackSkipIndex": 0
        },
        "anonymizeFileLogger": {
          "fileLogger": {
            "category": "debug-file",
            "context": {},
            "callStackSkipIndex": 0
          }
        }
      }
    },
    {
      "head": {
        "id": "57721ebf-8966-453c-8e99-f5a14d8e3431",
        "name": "bind plugins",
        "description": "Bind plugins.",
        "type": "duration"
      },
      "body": {
        "pid": 36824,
        "tid": "Main Thread",
        "startTime": 65007878891800,
        "endTime": 65007945235300
      },
      "additional": {
        "children": [],
        "state": "success",
        "targetName": "",
        "moduleName": "",
        "category": "",
        "taskRunReasons": [],
        "parent": "12b9899d-b8f3-497e-af64-cae25c832dcf",
        "logId": "51d9f1d2-b91b-40c5-aeef-3d27f8304ac7"
      },
      "log": {
        "_logger": {
          "category": "DurationEvent",
          "context": {},
          "callStackSkipIndex": 0
        },
        "_filelogger": {
          "category": "debug-file",
          "context": {},
          "callStackSkipIndex": 0
        },
        "anonymizeFileLogger": {
          "fileLogger": {
            "category": "debug-file",
            "context": {},
            "callStackSkipIndex": 0
          }
        }
      }
    },
    {
      "head": {
        "id": "83ade603-01b3-4bc0-9e9b-5b2bac0e6071",
        "name": "hvigorfile, resolving F:\\DevEcoStudioProjects\\DuoLa\\hvigorfile.ts",
        "description": "",
        "type": "log"
      },
      "body": {
        "pid": 36824,
        "tid": "Main Thread",
        "startTime": 65007874754800
      },
      "additional": {
        "logType": "debug",
        "children": []
      }
    },
    {
      "head": {
        "id": "7275ba8e-83e0-4f27-8ff1-558be7296102",
        "name": "hvigorfile, require result:  { default: { system: [Function: appTasks], plugins: [] } }",
        "description": "",
        "type": "log"
      },
      "body": {
        "pid": 36824,
        "tid": "Main Thread",
        "startTime": 65007878668800
      },
      "additional": {
        "logType": "debug",
        "children": []
      }
    },
    {
      "head": {
        "id": "68a5a50a-8ac7-4973-957e-aff9ec6f9633",
        "name": "require hvigorfile",
        "description": "",
        "type": "log"
      },
      "body": {
        "pid": 36824,
        "tid": "Main Thread",
        "startTime": 65007874749400,
        "endTime": 65007878869000
      },
      "additional": {
        "logType": "info",
        "children": [],
        "durationId": "354d499f-4086-4b89-b558-70754d3117c6",
        "parent": "dbf702de-5889-41cb-9eb7-d009c0794eb9"
      }
    },
    {
      "head": {
        "id": "6b44c1db-a7ac-49ed-99e2-38e4c0cc2b32",
        "name": "hvigorfile, binding system plugins [Function: appTasks]",
        "description": "",
        "type": "log"
      },
      "body": {
        "pid": 36824,
        "tid": "Main Thread",
        "startTime": 65007878905300
      },
      "additional": {
        "logType": "debug",
        "children": []
      }
    },
    {
      "head": {
        "id": "f8c63330-b99b-4cbc-99cd-c8b65b41e01e",
        "name": "Start initialize project's product build option map with build mode debug.",
        "description": "",
        "type": "log"
      },
      "body": {
        "pid": 36824,
        "tid": "Main Thread",
        "startTime": 65007885621500
      },
      "additional": {
        "logType": "debug",
        "children": []
      }
    },
    {
      "head": {
        "id": "10e9d27c-3b18-412c-a63c-82198f65b4a3",
        "name": "Picking option from product 'default' with build mode 'debug'.",
        "description": "",
        "type": "log"
      },
      "body": {
        "pid": 36824,
        "tid": "Main Thread",
        "startTime": 65007885785000
      },
      "additional": {
        "logType": "debug",
        "children": []
      }
    },
    {
      "head": {
        "id": "b888462e-9fdb-4459-8e47-2d156deb9a49",
        "name": "Product 'default' build option: {}",
        "description": "",
        "type": "log"
      },
      "body": {
        "pid": 36824,
        "tid": "Main Thread",
        "startTime": 65007886013700
      },
      "additional": {
        "logType": "debug",
        "children": []
      }
    },
    {
      "head": {
        "id": "e6c4b082-b44f-4f48-8811-4707d0cab7cc",
        "name": "End initialize project's product build option map with build mode 'debug'.",
        "description": "",
        "type": "log"
      },
      "body": {
        "pid": 36824,
        "tid": "Main Thread",
        "startTime": 65007886140100
      },
      "additional": {
        "logType": "debug",
        "children": []
      }
    },
    {
      "head": {
        "id": "7a821c84-25f0-4890-96df-2ea3eaf408b1",
        "name": "Product 'default' using build option: {\n  \"debuggable\": true,\n  \"strictMode\": {\n    \"caseSensitiveCheck\": true,\n    \"useNormalizedOHMUrl\": true\n  }\n} in this build.",
        "description": "",
        "type": "log"
      },
      "body": {
        "pid": 36824,
        "tid": "Main Thread",
        "startTime": 65007887750100
      },
      "additional": {
        "logType": "debug",
        "children": []
      }
    },
    {
      "head": {
        "id": "b08f0ed8-1dfe-4ac1-b876-43ee52bd66f5",
        "name": "No signingConfig found, initRemoteHspCache failed.",
        "description": "",
        "type": "log"
      },
      "body": {
        "pid": 36824,
        "tid": "Main Thread",
        "startTime": 65007890884400
      },
      "additional": {
        "logType": "debug",
        "children": []
      }
    },
    {
      "head": {
        "id": "5bc9bda2-a40f-44c4-91ba-433fc6c778f3",
        "name": "Start recording SDK configuration permission data.",
        "description": "",
        "type": "log"
      },
      "body": {
        "pid": 36824,
        "tid": "Main Thread",
        "startTime": 65007899090200
      },
      "additional": {
        "logType": "debug",
        "children": []
      }
    },
    {
      "head": {
        "id": "89c66dd5-49ff-4e5d-9687-b8cf36c2adc7",
        "name": "Sdk init in 33 ms ",
        "description": "",
        "type": "log"
      },
      "body": {
        "pid": 36824,
        "tid": "Main Thread",
        "startTime": 65007924104400
      },
      "additional": {
        "logType": "debug",
        "children": []
      }
    },
    {
      "head": {
        "id": "bc84b129-c401-4dee-9056-97db10546272",
        "name": "sdkVersion",
        "description": "5.1.0.110",
        "type": "mark"
      },
      "body": {
        "pid": 36824,
        "tid": "Main Thread",
        "startTime": 65007924254600
      },
      "additional": {
        "time": {
          "year": 2025,
          "month": 7,
          "day": 4,
          "hour": 3,
          "minute": 41,
          "second": 51
        },
        "markType": "other"
      }
    },
    {
      "head": {
        "id": "eac5f34c-0adb-41b3-9d5e-b08f2c50721a",
        "name": "caseSensitiveCheckOn",
        "description": "caseSensitiveCheck check is on",
        "type": "mark"
      },
      "body": {
        "pid": 36824,
        "tid": "Main Thread",
        "startTime": 65007924270400
      },
      "additional": {
        "time": {
          "year": 2025,
          "month": 7,
          "day": 4,
          "hour": 3,
          "minute": 41,
          "second": 51
        },
        "markType": "other"
      }
    },
    {
      "head": {
        "id": "61de953b-cb08-4ca2-8301-1224d83d4cf9",
        "name": ":clean",
        "description": "Clear the cache information.",
        "type": "duration"
      },
      "body": {
        "pid": 36824,
        "tid": "Main Thread",
        "startTime": 65008053889200,
        "endTime": 65008054653500
      },
      "additional": {
        "children": [],
        "state": "success",
        "targetName": "",
        "moduleName": "",
        "category": "Other",
        "taskRunReasons": [],
        "detailId": "69c61df8-1bbc-425a-9518-5819f6a057b6",
        "logId": "33694c2c-84d3-4144-8636-2712863dfc7a"
      },
      "log": {
        "_logger": {
          "category": "DurationEvent",
          "context": {},
          "callStackSkipIndex": 0
        },
        "_filelogger": {
          "category": "debug-file",
          "context": {},
          "callStackSkipIndex": 0
        },
        "anonymizeFileLogger": {
          "fileLogger": {
            "category": "debug-file",
            "context": {},
            "callStackSkipIndex": 0
          }
        }
      }
    },
    {
      "head": {
        "id": "69c61df8-1bbc-425a-9518-5819f6a057b6",
        "name": "create :clean task",
        "description": "",
        "type": "log"
      },
      "body": {
        "pid": 36824,
        "tid": "Main Thread",
        "startTime": 65007928051100
      },
      "additional": {
        "logType": "detail",
        "children": [],
        "durationId": "61de953b-cb08-4ca2-8301-1224d83d4cf9"
      }
    },
    {
      "head": {
        "id": "1037d21f-0e41-4bc2-9794-4bf61a1b75de",
        "name": "Project task initialization takes 20 ms ",
        "description": "",
        "type": "log"
      },
      "body": {
        "pid": 36824,
        "tid": "Main Thread",
        "startTime": 65007944967600
      },
      "additional": {
        "logType": "debug",
        "children": []
      }
    },
    {
      "head": {
        "id": "f6701a31-70a5-4572-92b8-f281e98f026e",
        "name": "hvigorfile, binding custom plugins []",
        "description": "",
        "type": "log"
      },
      "body": {
        "pid": 36824,
        "tid": "Main Thread",
        "startTime": 65007945091300
      },
      "additional": {
        "logType": "debug",
        "children": []
      }
    },
    {
      "head": {
        "id": "6acfbb72-bb52-401d-a93e-4dcf4fcbd5ab",
        "name": "hvigorfile, no custom plugins were found in F:\\DevEcoStudioProjects\\DuoLa\\hvigorfile.ts",
        "description": "",
        "type": "log"
      },
      "body": {
        "pid": 36824,
        "tid": "Main Thread",
        "startTime": 65007945147800
      },
      "additional": {
        "logType": "debug",
        "children": []
      }
    },
    {
      "head": {
        "id": "8e6c0c64-79ed-4ace-b2ee-f0c6de9b9980",
        "name": "hvigorfile, resolve finished F:\\DevEcoStudioProjects\\DuoLa\\hvigorfile.ts",
        "description": "",
        "type": "log"
      },
      "body": {
        "pid": 36824,
        "tid": "Main Thread",
        "startTime": 65007945191400
      },
      "additional": {
        "logType": "debug",
        "children": []
      }
    },
    {
      "head": {
        "id": "51d9f1d2-b91b-40c5-aeef-3d27f8304ac7",
        "name": "bind plugins",
        "description": "",
        "type": "log"
      },
      "body": {
        "pid": 36824,
        "tid": "Main Thread",
        "startTime": 65007878891800,
        "endTime": 65007945235300
      },
      "additional": {
        "logType": "info",
        "children": [],
        "durationId": "57721ebf-8966-453c-8e99-f5a14d8e3431",
        "parent": "dbf702de-5889-41cb-9eb7-d009c0794eb9"
      }
    },
    {
      "head": {
        "id": "dbf702de-5889-41cb-9eb7-d009c0794eb9",
        "name": "eval hvigorfile",
        "description": "",
        "type": "log"
      },
      "body": {
        "pid": 36824,
        "tid": "Main Thread",
        "startTime": 65007874747500,
        "endTime": 65007945247700
      },
      "additional": {
        "logType": "info",
        "children": [
          "68a5a50a-8ac7-4973-957e-aff9ec6f9633",
          "51d9f1d2-b91b-40c5-aeef-3d27f8304ac7"
        ],
        "durationId": "12b9899d-b8f3-497e-af64-cae25c832dcf",
        "parent": "22a10481-4504-4a66-8157-4ab2dbfa8f5b"
      }
    },
    {
      "head": {
        "id": "27cee958-5385-46da-b055-41051bd6b91e",
        "name": "\"afterNodeEvaluate\" hook function",
        "description": "",
        "type": "duration"
      },
      "body": {
        "pid": 36824,
        "tid": "Main Thread",
        "startTime": 65007945832200,
        "endTime": 65007945845300
      },
      "additional": {
        "children": [],
        "state": "success",
        "targetName": "",
        "moduleName": "",
        "category": "",
        "taskRunReasons": [],
        "parent": "ef415ad6-3e53-48bd-9c57-e4dcae772ef8",
        "logId": "a57dfb2a-94af-4cd9-b5ce-9cd62bb95b60"
      },
      "log": {
        "_logger": {
          "category": "DurationEvent",
          "context": {},
          "callStackSkipIndex": 0
        },
        "_filelogger": {
          "category": "debug-file",
          "context": {},
          "callStackSkipIndex": 0
        },
        "anonymizeFileLogger": {
          "fileLogger": {
            "category": "debug-file",
            "context": {},
            "callStackSkipIndex": 0
          }
        }
      }
    },
    {
      "head": {
        "id": "a57dfb2a-94af-4cd9-b5ce-9cd62bb95b60",
        "name": "\"afterNodeEvaluate\" hook function",
        "description": "",
        "type": "log"
      },
      "body": {
        "pid": 36824,
        "tid": "Main Thread",
        "startTime": 65007945832200,
        "endTime": 65007945845300
      },
      "additional": {
        "logType": "info",
        "children": [],
        "durationId": "27cee958-5385-46da-b055-41051bd6b91e",
        "parent": "22a10481-4504-4a66-8157-4ab2dbfa8f5b"
      }
    },
    {
      "head": {
        "id": "22a10481-4504-4a66-8157-4ab2dbfa8f5b",
        "name": "eval project",
        "description": "",
        "type": "log"
      },
      "body": {
        "pid": 36824,
        "tid": "Main Thread",
        "startTime": 65007871091800,
        "endTime": 65007946346600
      },
      "additional": {
        "logType": "info",
        "children": [
          "a9a034ce-c966-4675-b1da-fbea175e5ae6",
          "dbf702de-5889-41cb-9eb7-d009c0794eb9",
          "a57dfb2a-94af-4cd9-b5ce-9cd62bb95b60"
        ],
        "durationId": "ef415ad6-3e53-48bd-9c57-e4dcae772ef8",
        "parent": "9ed88b30-772f-4f67-a035-31501bfa0a1a"
      }
    },
    {
      "head": {
        "id": "e59c12b6-b654-4daa-8bcb-eb64793f84bb",
        "name": "eval submodule",
        "description": "Evaluate submodule.",
        "type": "duration"
      },
      "body": {
        "pid": 36824,
        "tid": "Main Thread",
        "startTime": 65007946931700,
        "endTime": 65007971061400
      },
      "additional": {
        "children": [
          "53d27663-7c7f-475e-af3a-ab54a35f6485",
          "516cee68-56c0-4345-a75a-a5b1ab81dffd",
          "be0e10e5-9782-46d9-afc1-89cc94b29488"
        ],
        "state": "success",
        "targetName": "",
        "moduleName": "",
        "category": "",
        "taskRunReasons": [],
        "parent": "835213bc-fb08-4a12-8227-5459953b7909",
        "logId": "15fcfd64-14d4-45a6-8be8-4333fe4a02fe"
      },
      "log": {
        "_logger": {
          "category": "DurationEvent",
          "context": {},
          "callStackSkipIndex": 0
        },
        "_filelogger": {
          "category": "debug-file",
          "context": {},
          "callStackSkipIndex": 0
        },
        "anonymizeFileLogger": {
          "fileLogger": {
            "category": "debug-file",
            "context": {},
            "callStackSkipIndex": 0
          }
        }
      }
    },
    {
      "head": {
        "id": "53d27663-7c7f-475e-af3a-ab54a35f6485",
        "name": "\"beforeNodeEvaluate\" hook function",
        "description": "",
        "type": "duration"
      },
      "body": {
        "pid": 36824,
        "tid": "Main Thread",
        "startTime": 65007950697700,
        "endTime": 65007950724700
      },
      "additional": {
        "children": [],
        "state": "success",
        "targetName": "",
        "moduleName": "",
        "category": "",
        "taskRunReasons": [],
        "parent": "e59c12b6-b654-4daa-8bcb-eb64793f84bb",
        "logId": "5bfd93b1-05a8-4d11-ab05-690f24ac230a"
      },
      "log": {
        "_logger": {
          "category": "DurationEvent",
          "context": {},
          "callStackSkipIndex": 0
        },
        "_filelogger": {
          "category": "debug-file",
          "context": {},
          "callStackSkipIndex": 0
        },
        "anonymizeFileLogger": {
          "fileLogger": {
            "category": "debug-file",
            "context": {},
            "callStackSkipIndex": 0
          }
        }
      }
    },
    {
      "head": {
        "id": "5bfd93b1-05a8-4d11-ab05-690f24ac230a",
        "name": "\"beforeNodeEvaluate\" hook function",
        "description": "",
        "type": "log"
      },
      "body": {
        "pid": 36824,
        "tid": "Main Thread",
        "startTime": 65007950697700,
        "endTime": 65007950724700
      },
      "additional": {
        "logType": "info",
        "children": [],
        "durationId": "53d27663-7c7f-475e-af3a-ab54a35f6485",
        "parent": "15fcfd64-14d4-45a6-8be8-4333fe4a02fe"
      }
    },
    {
      "head": {
        "id": "516cee68-56c0-4345-a75a-a5b1ab81dffd",
        "name": "eval hvigorfile",
        "description": "Evaluate hvigorfile.",
        "type": "duration"
      },
      "body": {
        "pid": 36824,
        "tid": "Main Thread",
        "startTime": 65007953149300,
        "endTime": 65007969906500
      },
      "additional": {
        "children": [
          "f74d0a7c-e6af-484b-8d8e-dfe8feb75f11",
          "15aea2de-e702-4dc1-9d6e-d36d459f4816"
        ],
        "state": "success",
        "targetName": "",
        "moduleName": "",
        "category": "",
        "taskRunReasons": [],
        "parent": "e59c12b6-b654-4daa-8bcb-eb64793f84bb",
        "logId": "854b4b90-a37a-4910-ad3c-af388fff8a66"
      },
      "log": {
        "_logger": {
          "category": "DurationEvent",
          "context": {},
          "callStackSkipIndex": 0
        },
        "_filelogger": {
          "category": "debug-file",
          "context": {},
          "callStackSkipIndex": 0
        },
        "anonymizeFileLogger": {
          "fileLogger": {
            "category": "debug-file",
            "context": {},
            "callStackSkipIndex": 0
          }
        }
      }
    },
    {
      "head": {
        "id": "f74d0a7c-e6af-484b-8d8e-dfe8feb75f11",
        "name": "require hvigorfile",
        "description": "Require hvigorfile.",
        "type": "duration"
      },
      "body": {
        "pid": 36824,
        "tid": "Main Thread",
        "startTime": 65007953150900,
        "endTime": 65007956638900
      },
      "additional": {
        "children": [],
        "state": "success",
        "targetName": "",
        "moduleName": "",
        "category": "",
        "taskRunReasons": [],
        "parent": "516cee68-56c0-4345-a75a-a5b1ab81dffd",
        "logId": "35fb9771-c0ce-4d5a-8cce-f12e5f3ff733"
      },
      "log": {
        "_logger": {
          "category": "DurationEvent",
          "context": {},
          "callStackSkipIndex": 0
        },
        "_filelogger": {
          "category": "debug-file",
          "context": {},
          "callStackSkipIndex": 0
        },
        "anonymizeFileLogger": {
          "fileLogger": {
            "category": "debug-file",
            "context": {},
            "callStackSkipIndex": 0
          }
        }
      }
    },
    {
      "head": {
        "id": "15aea2de-e702-4dc1-9d6e-d36d459f4816",
        "name": "bind plugins",
        "description": "Bind plugins.",
        "type": "duration"
      },
      "body": {
        "pid": 36824,
        "tid": "Main Thread",
        "startTime": 65007956655200,
        "endTime": 65007969895000
      },
      "additional": {
        "children": [],
        "state": "success",
        "targetName": "",
        "moduleName": "",
        "category": "",
        "taskRunReasons": [],
        "parent": "516cee68-56c0-4345-a75a-a5b1ab81dffd",
        "logId": "f6ed7621-c5f4-498e-a327-9722414f11ed"
      },
      "log": {
        "_logger": {
          "category": "DurationEvent",
          "context": {},
          "callStackSkipIndex": 0
        },
        "_filelogger": {
          "category": "debug-file",
          "context": {},
          "callStackSkipIndex": 0
        },
        "anonymizeFileLogger": {
          "fileLogger": {
            "category": "debug-file",
            "context": {},
            "callStackSkipIndex": 0
          }
        }
      }
    },
    {
      "head": {
        "id": "a332b723-98e7-49a1-ba75-bcf5832a339f",
        "name": "hvigorfile, resolving F:\\DevEcoStudioProjects\\DuoLa\\entry\\hvigorfile.ts",
        "description": "",
        "type": "log"
      },
      "body": {
        "pid": 36824,
        "tid": "Main Thread",
        "startTime": 65007953154400
      },
      "additional": {
        "logType": "debug",
        "children": []
      }
    },
    {
      "head": {
        "id": "d81105aa-df05-41bb-938e-f6fcb685c4ab",
        "name": "hvigorfile, require result:  { default: { system: [Function: hapTasks], plugins: [] } }",
        "description": "",
        "type": "log"
      },
      "body": {
        "pid": 36824,
        "tid": "Main Thread",
        "startTime": 65007956520900
      },
      "additional": {
        "logType": "debug",
        "children": []
      }
    },
    {
      "head": {
        "id": "35fb9771-c0ce-4d5a-8cce-f12e5f3ff733",
        "name": "require hvigorfile",
        "description": "",
        "type": "log"
      },
      "body": {
        "pid": 36824,
        "tid": "Main Thread",
        "startTime": 65007953150900,
        "endTime": 65007956638900
      },
      "additional": {
        "logType": "info",
        "children": [],
        "durationId": "f74d0a7c-e6af-484b-8d8e-dfe8feb75f11",
        "parent": "854b4b90-a37a-4910-ad3c-af388fff8a66"
      }
    },
    {
      "head": {
        "id": "6c2089f0-823c-4ef4-9817-02e8076e51a8",
        "name": "hvigorfile, binding system plugins [Function: hapTasks]",
        "description": "",
        "type": "log"
      },
      "body": {
        "pid": 36824,
        "tid": "Main Thread",
        "startTime": 65007956662300
      },
      "additional": {
        "logType": "debug",
        "children": []
      }
    },
    {
      "head": {
        "id": "f0a36c9b-039c-4a35-a6cc-57ef9a33000e",
        "name": "Start initialize module-target build option map, moduleName=entry, buildMode=debug",
        "description": "",
        "type": "log"
      },
      "body": {
        "pid": 36824,
        "tid": "Main Thread",
        "startTime": 65007964237200
      },
      "additional": {
        "logType": "debug",
        "children": []
      }
    },
    {
      "head": {
        "id": "cb817f06-ea23-4dea-bcb4-3aa0a1cc3a10",
        "name": "Target 'default' config: {}",
        "description": "",
        "type": "log"
      },
      "body": {
        "pid": 36824,
        "tid": "Main Thread",
        "startTime": 65007964376800
      },
      "additional": {
        "logType": "debug",
        "children": []
      }
    },
    {
      "head": {
        "id": "aa003764-0b67-4507-8f7a-01be96eec82a",
        "name": "Target 'ohosTest' config: {}",
        "description": "",
        "type": "log"
      },
      "body": {
        "pid": 36824,
        "tid": "Main Thread",
        "startTime": 65007964610800
      },
      "additional": {
        "logType": "debug",
        "children": []
      }
    },
    {
      "head": {
        "id": "f2b57644-13f4-4d07-abd7-808c05fb70b0",
        "name": "Module 'entry' target 'default' build option: {\n  \"debuggable\": true,\n  \"copyFrom\": \"default\",\n  \"strictMode\": {\n    \"caseSensitiveCheck\": true,\n    \"useNormalizedOHMUrl\": true\n  },\n  \"name\": \"debug\"\n}",
        "description": "",
        "type": "log"
      },
      "body": {
        "pid": 36824,
        "tid": "Main Thread",
        "startTime": 65007964739400
      },
      "additional": {
        "logType": "debug",
        "children": []
      }
    },
    {
      "head": {
        "id": "1faab645-e788-4458-acf9-e37a12f0455f",
        "name": "Module 'entry' target 'ohosTest' build option: {\n  \"debuggable\": true,\n  \"strictMode\": {\n    \"caseSensitiveCheck\": true,\n    \"useNormalizedOHMUrl\": true\n  },\n  \"name\": \"default\"\n}",
        "description": "",
        "type": "log"
      },
      "body": {
        "pid": 36824,
        "tid": "Main Thread",
        "startTime": 65007964803600
      },
      "additional": {
        "logType": "debug",
        "children": []
      }
    },
    {
      "head": {
        "id": "bdb2b0f4-d54e-4f10-8f4f-50b2adb83362",
        "name": "End initialize module-target build option map, moduleName=entry",
        "description": "",
        "type": "log"
      },
      "body": {
        "pid": 36824,
        "tid": "Main Thread",
        "startTime": 65007964852200
      },
      "additional": {
        "logType": "debug",
        "children": []
      }
    },
    {
      "head": {
        "id": "ac3426ed-3c65-4529-8169-ba90824894f8",
        "name": "Start initialize module-target build option map, moduleName=entry, buildMode=release",
        "description": "",
        "type": "log"
      },
      "body": {
        "pid": 36824,
        "tid": "Main Thread",
        "startTime": 65007965545100
      },
      "additional": {
        "logType": "debug",
        "children": []
      }
    },
    {
      "head": {
        "id": "8d03c242-922f-4feb-b073-a24b785ea281",
        "name": "Target 'default' config: {}",
        "description": "",
        "type": "log"
      },
      "body": {
        "pid": 36824,
        "tid": "Main Thread",
        "startTime": 65007965640600
      },
      "additional": {
        "logType": "debug",
        "children": []
      }
    },
    {
      "head": {
        "id": "549d7c6d-b851-46ad-925e-4c70737d4b0b",
        "name": "Target 'ohosTest' config: {}",
        "description": "",
        "type": "log"
      },
      "body": {
        "pid": 36824,
        "tid": "Main Thread",
        "startTime": 65007965904300
      },
      "additional": {
        "logType": "debug",
        "children": []
      }
    },
    {
      "head": {
        "id": "e9742b28-2514-4663-b1cf-3f40607f3898",
        "name": "Module 'entry' target 'default' build option: {\n  \"debuggable\": false,\n  \"copyFrom\": \"default\",\n  \"strictMode\": {\n    \"caseSensitiveCheck\": true,\n    \"useNormalizedOHMUrl\": true\n  },\n  \"name\": \"release\",\n  \"arkOptions\": {\n    \"obfuscation\": {\n      \"ruleOptions\": {\n        \"enable\": false,\n        \"files\": [\n          \"./obfuscation-rules.txt\"\n        ]\n      }\n    }\n  }\n}",
        "description": "",
        "type": "log"
      },
      "body": {
        "pid": 36824,
        "tid": "Main Thread",
        "startTime": 65007966046000
      },
      "additional": {
        "logType": "debug",
        "children": []
      }
    },
    {
      "head": {
        "id": "cdb1bb1a-f831-4fe1-9075-50d0f725754f",
        "name": "Module 'entry' target 'ohosTest' build option: {\n  \"debuggable\": true,\n  \"strictMode\": {\n    \"caseSensitiveCheck\": true,\n    \"useNormalizedOHMUrl\": true\n  },\n  \"name\": \"default\"\n}",
        "description": "",
        "type": "log"
      },
      "body": {
        "pid": 36824,
        "tid": "Main Thread",
        "startTime": 65007966118300
      },
      "additional": {
        "logType": "debug",
        "children": []
      }
    },
    {
      "head": {
        "id": "276654b4-1b0d-490d-94d5-c2743ec50dd7",
        "name": "End initialize module-target build option map, moduleName=entry",
        "description": "",
        "type": "log"
      },
      "body": {
        "pid": 36824,
        "tid": "Main Thread",
        "startTime": 65007966164300
      },
      "additional": {
        "logType": "debug",
        "children": []
      }
    },
    {
      "head": {
        "id": "d98ab311-9b69-487d-89cd-3103b2b44c5b",
        "name": "Start initialize module-target build option map, moduleName=entry, buildMode=debug",
        "description": "",
        "type": "log"
      },
      "body": {
        "pid": 36824,
        "tid": "Main Thread",
        "startTime": 65007966220200
      },
      "additional": {
        "logType": "debug",
        "children": []
      }
    },
    {
      "head": {
        "id": "bc7cdc55-2c0b-40c7-842b-a5e6d29ed9d0",
        "name": "Target 'default' config: {}",
        "description": "",
        "type": "log"
      },
      "body": {
        "pid": 36824,
        "tid": "Main Thread",
        "startTime": 65007966274600
      },
      "additional": {
        "logType": "debug",
        "children": []
      }
    },
    {
      "head": {
        "id": "5f877a4e-b868-448c-8238-bafd89f7e7c9",
        "name": "Target 'ohosTest' config: {}",
        "description": "",
        "type": "log"
      },
      "body": {
        "pid": 36824,
        "tid": "Main Thread",
        "startTime": 65007966435400
      },
      "additional": {
        "logType": "debug",
        "children": []
      }
    },
    {
      "head": {
        "id": "02473d05-5f62-4717-8730-c7a5dcf75209",
        "name": "Module 'entry' target 'default' build option: {\n  \"debuggable\": true,\n  \"copyFrom\": \"default\",\n  \"strictMode\": {\n    \"caseSensitiveCheck\": true,\n    \"useNormalizedOHMUrl\": true\n  },\n  \"name\": \"debug\"\n}",
        "description": "",
        "type": "log"
      },
      "body": {
        "pid": 36824,
        "tid": "Main Thread",
        "startTime": 65007966576900
      },
      "additional": {
        "logType": "debug",
        "children": []
      }
    },
    {
      "head": {
        "id": "83f6e07e-2d02-4b81-b1bb-016215902163",
        "name": "Module 'entry' target 'ohosTest' build option: {\n  \"debuggable\": true,\n  \"strictMode\": {\n    \"caseSensitiveCheck\": true,\n    \"useNormalizedOHMUrl\": true\n  },\n  \"name\": \"default\"\n}",
        "description": "",
        "type": "log"
      },
      "body": {
        "pid": 36824,
        "tid": "Main Thread",
        "startTime": 65007966637200
      },
      "additional": {
        "logType": "debug",
        "children": []
      }
    },
    {
      "head": {
        "id": "7c905968-eee7-475b-9093-ae6b5ecedf28",
        "name": "End initialize module-target build option map, moduleName=entry",
        "description": "",
        "type": "log"
      },
      "body": {
        "pid": 36824,
        "tid": "Main Thread",
        "startTime": 65007966678100
      },
      "additional": {
        "logType": "debug",
        "children": []
      }
    },
    {
      "head": {
        "id": "78352b3a-5be2-4ed7-9ae0-29c661df0b7a",
        "name": "Module 'entry' target 'default' using build option: {\n  \"debuggable\": true,\n  \"copyFrom\": \"default\",\n  \"strictMode\": {\n    \"caseSensitiveCheck\": true,\n    \"useNormalizedOHMUrl\": true\n  },\n  \"name\": \"debug\"\n} in this build.",
        "description": "",
        "type": "log"
      },
      "body": {
        "pid": 36824,
        "tid": "Main Thread",
        "startTime": 65007966726300
      },
      "additional": {
        "logType": "debug",
        "children": []
      }
    },
    {
      "head": {
        "id": "5a266917-3332-482a-94c4-e79d16220836",
        "name": "Module entry task initialization takes 1 ms ",
        "description": "",
        "type": "log"
      },
      "body": {
        "pid": 36824,
        "tid": "Main Thread",
        "startTime": 65007969642600
      },
      "additional": {
        "logType": "debug",
        "children": []
      }
    },
    {
      "head": {
        "id": "56465f23-b27c-4ecd-bb62-333deb7ce67c",
        "name": "hvigorfile, binding custom plugins []",
        "description": "",
        "type": "log"
      },
      "body": {
        "pid": 36824,
        "tid": "Main Thread",
        "startTime": 65007969754000
      },
      "additional": {
        "logType": "debug",
        "children": []
      }
    },
    {
      "head": {
        "id": "eeda50e3-5268-4236-ae0c-8d27c20029e2",
        "name": "hvigorfile, no custom plugins were found in F:\\DevEcoStudioProjects\\DuoLa\\entry\\hvigorfile.ts",
        "description": "",
        "type": "log"
      },
      "body": {
        "pid": 36824,
        "tid": "Main Thread",
        "startTime": 65007969807600
      },
      "additional": {
        "logType": "debug",
        "children": []
      }
    },
    {
      "head": {
        "id": "4e174662-fec4-4c96-90a0-ca14874af359",
        "name": "hvigorfile, resolve finished F:\\DevEcoStudioProjects\\DuoLa\\entry\\hvigorfile.ts",
        "description": "",
        "type": "log"
      },
      "body": {
        "pid": 36824,
        "tid": "Main Thread",
        "startTime": 65007969850600
      },
      "additional": {
        "logType": "debug",
        "children": []
      }
    },
    {
      "head": {
        "id": "f6ed7621-c5f4-498e-a327-9722414f11ed",
        "name": "bind plugins",
        "description": "",
        "type": "log"
      },
      "body": {
        "pid": 36824,
        "tid": "Main Thread",
        "startTime": 65007956655200,
        "endTime": 65007969895000
      },
      "additional": {
        "logType": "info",
        "children": [],
        "durationId": "15aea2de-e702-4dc1-9d6e-d36d459f4816",
        "parent": "854b4b90-a37a-4910-ad3c-af388fff8a66"
      }
    },
    {
      "head": {
        "id": "854b4b90-a37a-4910-ad3c-af388fff8a66",
        "name": "eval hvigorfile",
        "description": "",
        "type": "log"
      },
      "body": {
        "pid": 36824,
        "tid": "Main Thread",
        "startTime": 65007953149300,
        "endTime": 65007969906500
      },
      "additional": {
        "logType": "info",
        "children": [
          "35fb9771-c0ce-4d5a-8cce-f12e5f3ff733",
          "f6ed7621-c5f4-498e-a327-9722414f11ed"
        ],
        "durationId": "516cee68-56c0-4345-a75a-a5b1ab81dffd",
        "parent": "15fcfd64-14d4-45a6-8be8-4333fe4a02fe"
      }
    },
    {
      "head": {
        "id": "be0e10e5-9782-46d9-afc1-89cc94b29488",
        "name": "\"afterNodeEvaluate\" hook function",
        "description": "",
        "type": "duration"
      },
      "body": {
        "pid": 36824,
        "tid": "Main Thread",
        "startTime": 65007971037400,
        "endTime": 65007971049400
      },
      "additional": {
        "children": [],
        "state": "success",
        "targetName": "",
        "moduleName": "",
        "category": "",
        "taskRunReasons": [],
        "parent": "e59c12b6-b654-4daa-8bcb-eb64793f84bb",
        "logId": "ff5bccb8-2a18-4985-9d58-88ac418e4a0d"
      },
      "log": {
        "_logger": {
          "category": "DurationEvent",
          "context": {},
          "callStackSkipIndex": 0
        },
        "_filelogger": {
          "category": "debug-file",
          "context": {},
          "callStackSkipIndex": 0
        },
        "anonymizeFileLogger": {
          "fileLogger": {
            "category": "debug-file",
            "context": {},
            "callStackSkipIndex": 0
          }
        }
      }
    },
    {
      "head": {
        "id": "ff5bccb8-2a18-4985-9d58-88ac418e4a0d",
        "name": "\"afterNodeEvaluate\" hook function",
        "description": "",
        "type": "log"
      },
      "body": {
        "pid": 36824,
        "tid": "Main Thread",
        "startTime": 65007971037400,
        "endTime": 65007971049400
      },
      "additional": {
        "logType": "info",
        "children": [],
        "durationId": "be0e10e5-9782-46d9-afc1-89cc94b29488",
        "parent": "15fcfd64-14d4-45a6-8be8-4333fe4a02fe"
      }
    },
    {
      "head": {
        "id": "15fcfd64-14d4-45a6-8be8-4333fe4a02fe",
        "name": "eval submodule",
        "description": "",
        "type": "log"
      },
      "body": {
        "pid": 36824,
        "tid": "Main Thread",
        "startTime": 65007946931700,
        "endTime": 65007971061400
      },
      "additional": {
        "logType": "info",
        "children": [
          "5bfd93b1-05a8-4d11-ab05-690f24ac230a",
          "854b4b90-a37a-4910-ad3c-af388fff8a66",
          "ff5bccb8-2a18-4985-9d58-88ac418e4a0d"
        ],
        "durationId": "e59c12b6-b654-4daa-8bcb-eb64793f84bb",
        "parent": "1413a96a-f0d2-422f-921e-b36afe10af05"
      }
    },
    {
      "head": {
        "id": "1413a96a-f0d2-422f-921e-b36afe10af05",
        "name": "eval modules",
        "description": "",
        "type": "log"
      },
      "body": {
        "pid": 36824,
        "tid": "Main Thread",
        "startTime": 65007946361900,
        "endTime": 65007971070200
      },
      "additional": {
        "logType": "info",
        "children": [
          "15fcfd64-14d4-45a6-8be8-4333fe4a02fe"
        ],
        "durationId": "835213bc-fb08-4a12-8227-5459953b7909",
        "parent": "9ed88b30-772f-4f67-a035-31501bfa0a1a"
      }
    },
    {
      "head": {
        "id": "a5b9b00c-ada1-4c8f-a460-9ee64d0f27eb",
        "name": "watch files: [\n  'F:\\\\DevEcoStudioProjects\\\\DuoLa\\\\hvigorfile.ts',\n  'F:\\\\DevEcoStudioProjects\\\\DuoLa\\\\entry\\\\hvigorfile.ts'\n]",
        "description": "",
        "type": "log"
      },
      "body": {
        "pid": 36824,
        "tid": "Main Thread",
        "startTime": 65007988126900
      },
      "additional": {
        "logType": "debug",
        "children": []
      }
    },
    {
      "head": {
        "id": "b4cb71da-c3b9-453a-8ef3-3fd632620818",
        "name": "hvigorfile, resolve hvigorfile dependencies in 18 ms ",
        "description": "",
        "type": "log"
      },
      "body": {
        "pid": 36824,
        "tid": "Main Thread",
        "startTime": 65007988463600
      },
      "additional": {
        "logType": "debug",
        "children": []
      }
    },
    {
      "head": {
        "id": "859a837f-740b-46e6-b6c0-b4e89fba4a28",
        "name": "add config dependencies",
        "description": "",
        "type": "log"
      },
      "body": {
        "pid": 36824,
        "tid": "Main Thread",
        "startTime": 65007971085200,
        "endTime": 65007988535700
      },
      "additional": {
        "logType": "info",
        "children": [],
        "durationId": "c109cc40-517b-4230-a43e-5e6ab3071491",
        "parent": "9ed88b30-772f-4f67-a035-31501bfa0a1a"
      }
    },
    {
      "head": {
        "id": "1f34f544-f726-49e6-a284-dbe84a242da9",
        "name": "\"nodesEvaluated\" hook function",
        "description": "",
        "type": "duration"
      },
      "body": {
        "pid": 36824,
        "tid": "Main Thread",
        "startTime": 65007989332900,
        "endTime": 65007989500600
      },
      "additional": {
        "children": [],
        "state": "success",
        "targetName": "",
        "moduleName": "",
        "category": "",
        "taskRunReasons": [],
        "parent": "3e15ebb7-2e20-487c-8da6-2d71e25f2728",
        "logId": "cf3c2059-ccbd-4f74-81a6-2ed54edd8802"
      },
      "log": {
        "_logger": {
          "category": "DurationEvent",
          "context": {},
          "callStackSkipIndex": 0
        },
        "_filelogger": {
          "category": "debug-file",
          "context": {},
          "callStackSkipIndex": 0
        },
        "anonymizeFileLogger": {
          "fileLogger": {
            "category": "debug-file",
            "context": {},
            "callStackSkipIndex": 0
          }
        }
      }
    },
    {
      "head": {
        "id": "24d880e8-89e1-4e27-b868-d1f46ba5b275",
        "name": "project has submodules:entry",
        "description": "",
        "type": "log"
      },
      "body": {
        "pid": 36824,
        "tid": "Main Thread",
        "startTime": 65007989356500
      },
      "additional": {
        "logType": "debug",
        "children": []
      }
    },
    {
      "head": {
        "id": "cf3c2059-ccbd-4f74-81a6-2ed54edd8802",
        "name": "\"nodesEvaluated\" hook function",
        "description": "",
        "type": "log"
      },
      "body": {
        "pid": 36824,
        "tid": "Main Thread",
        "startTime": 65007989332900,
        "endTime": 65007989500600
      },
      "additional": {
        "logType": "info",
        "children": [],
        "durationId": "1f34f544-f726-49e6-a284-dbe84a242da9",
        "parent": "9ed88b30-772f-4f67-a035-31501bfa0a1a"
      }
    },
    {
      "head": {
        "id": "36444157-9394-452d-8a3b-e83879fa8868",
        "name": "ohpm install",
        "description": "",
        "type": "log"
      },
      "body": {
        "pid": 36824,
        "tid": "Main Thread",
        "startTime": 65007989511300,
        "endTime": 65007990153800
      },
      "additional": {
        "logType": "info",
        "children": [],
        "durationId": "0f11acb6-9b12-4fa2-8277-fdc03bcedae1",
        "parent": "9ed88b30-772f-4f67-a035-31501bfa0a1a"
      }
    },
    {
      "head": {
        "id": "2ab8ee82-6276-4161-a9d0-d769b12dad61",
        "name": "Start to initialize dependency information.",
        "description": "",
        "type": "log"
      },
      "body": {
        "pid": 36824,
        "tid": "Main Thread",
        "startTime": 65007990176300
      },
      "additional": {
        "logType": "debug",
        "children": []
      }
    },
    {
      "head": {
        "id": "8a6edae8-3036-4e84-b72a-aede58cf2de2",
        "name": "Module DuoLa Collected Dependency: ",
        "description": "",
        "type": "log"
      },
      "body": {
        "pid": 36824,
        "tid": "Main Thread",
        "startTime": 65007995110200
      },
      "additional": {
        "logType": "debug",
        "children": []
      }
    },
    {
      "head": {
        "id": "0c8e0a7d-d823-4905-b49a-f033b9a5ce8f",
        "name": "Module DuoLa's total dependency: 0",
        "description": "",
        "type": "log"
      },
      "body": {
        "pid": 36824,
        "tid": "Main Thread",
        "startTime": 65007995235300
      },
      "additional": {
        "logType": "debug",
        "children": []
      }
    },
    {
      "head": {
        "id": "e4e9fa67-6a94-44ec-a72f-7d6a815a878c",
        "name": "Start to initialize dependency information.",
        "description": "",
        "type": "log"
      },
      "body": {
        "pid": 36824,
        "tid": "Main Thread",
        "startTime": 65007995424300
      },
      "additional": {
        "logType": "debug",
        "children": []
      }
    },
    {
      "head": {
        "id": "2e34c0fb-4c7a-4446-8561-2850f9cf2a7b",
        "name": "Module entry Collected Dependency: ",
        "description": "",
        "type": "log"
      },
      "body": {
        "pid": 36824,
        "tid": "Main Thread",
        "startTime": 65007997742000
      },
      "additional": {
        "logType": "debug",
        "children": []
      }
    },
    {
      "head": {
        "id": "84f7f1fe-9a2e-45a3-a825-7efb245f1a60",
        "name": "Module entry's total dependency: 0",
        "description": "",
        "type": "log"
      },
      "body": {
        "pid": 36824,
        "tid": "Main Thread",
        "startTime": 65007997822600
      },
      "additional": {
        "logType": "debug",
        "children": []
      }
    },
    {
      "head": {
        "id": "b2ead092-43bd-4ac3-a53f-b63d27667116",
        "name": "eval hook",
        "description": "",
        "type": "log"
      },
      "body": {
        "pid": 36824,
        "tid": "Main Thread",
        "startTime": 65007990166600,
        "endTime": 65008000268500
      },
      "additional": {
        "logType": "info",
        "children": [],
        "durationId": "f4605cab-f01a-4898-9f94-dd278ade2f08",
        "parent": "9ed88b30-772f-4f67-a035-31501bfa0a1a"
      }
    },
    {
      "head": {
        "id": "7e8f1566-febc-48c0-9870-4ba12b8f523c",
        "name": "Configuration phase cost:134 ms ",
        "description": "",
        "type": "log"
      },
      "body": {
        "pid": 36824,
        "tid": "Main Thread",
        "startTime": 65008000301100
      },
      "additional": {
        "logType": "debug",
        "children": []
      }
    },
    {
      "head": {
        "id": "b6ffbe46-7a9d-4d2e-ac02-842aaa883705",
        "name": "fin configuration",
        "description": "",
        "type": "log"
      },
      "body": {
        "pid": 36824,
        "tid": "Main Thread",
        "startTime": 65008000285000,
        "endTime": 65008000378600
      },
      "additional": {
        "logType": "info",
        "children": [],
        "durationId": "b05a25da-6946-4987-9645-8962eae7e707",
        "parent": "9ed88b30-772f-4f67-a035-31501bfa0a1a"
      }
    },
    {
      "head": {
        "id": "9ed88b30-772f-4f67-a035-31501bfa0a1a",
        "name": "configure hvigor plugin",
        "description": "",
        "type": "log"
      },
      "body": {
        "pid": 36824,
        "tid": "Main Thread",
        "startTime": 65007860810500,
        "endTime": 65008000387000
      },
      "additional": {
        "logType": "info",
        "children": [
          "9c26e4f4-b2df-4e88-8cc4-d8d53129f349",
          "85585e47-b33a-4022-be6e-dbd666f579b1",
          "22a10481-4504-4a66-8157-4ab2dbfa8f5b",
          "1413a96a-f0d2-422f-921e-b36afe10af05",
          "859a837f-740b-46e6-b6c0-b4e89fba4a28",
          "36444157-9394-452d-8a3b-e83879fa8868",
          "b2ead092-43bd-4ac3-a53f-b63d27667116",
          "b6ffbe46-7a9d-4d2e-ac02-842aaa883705",
          "cf3c2059-ccbd-4f74-81a6-2ed54edd8802"
        ],
        "durationId": "3e15ebb7-2e20-487c-8da6-2d71e25f2728",
        "parent": "6892b81b-28ae-4206-8804-91f4d5fbd7e5"
      }
    },
    {
      "head": {
        "id": "9fbe5ec2-08d8-4adf-9976-4dfb1e9bf428",
        "name": "\"taskGraphResolved\" hook function",
        "description": "",
        "type": "duration"
      },
      "body": {
        "pid": 36824,
        "tid": "Main Thread",
        "startTime": 65008001392300,
        "endTime": 65008001404000
      },
      "additional": {
        "children": [],
        "state": "success",
        "targetName": "",
        "moduleName": "",
        "category": "",
        "taskRunReasons": [],
        "parent": "d6c928db-1057-464d-a585-733763e673ef",
        "logId": "399dfe4b-e770-4fa6-ab4c-55c33db384f4"
      },
      "log": {
        "_logger": {
          "category": "DurationEvent",
          "context": {},
          "callStackSkipIndex": 0
        },
        "_filelogger": {
          "category": "debug-file",
          "context": {},
          "callStackSkipIndex": 0
        },
        "anonymizeFileLogger": {
          "fileLogger": {
            "category": "debug-file",
            "context": {},
            "callStackSkipIndex": 0
          }
        }
      }
    },
    {
      "head": {
        "id": "399dfe4b-e770-4fa6-ab4c-55c33db384f4",
        "name": "\"taskGraphResolved\" hook function",
        "description": "",
        "type": "log"
      },
      "body": {
        "pid": 36824,
        "tid": "Main Thread",
        "startTime": 65008001392300,
        "endTime": 65008001404000
      },
      "additional": {
        "logType": "info",
        "children": [],
        "durationId": "9fbe5ec2-08d8-4adf-9976-4dfb1e9bf428",
        "parent": "6892b81b-28ae-4206-8804-91f4d5fbd7e5"
      }
    },
    {
      "head": {
        "id": "d31003c3-852d-443e-a48b-6577f66ea08f",
        "name": "build task graph",
        "description": "",
        "type": "log"
      },
      "body": {
        "pid": 36824,
        "tid": "Main Thread",
        "startTime": 65008000408500,
        "endTime": 65008001411000
      },
      "additional": {
        "logType": "info",
        "children": [],
        "durationId": "81822d9e-b361-47ad-9142-018415ab439a",
        "parent": "6892b81b-28ae-4206-8804-91f4d5fbd7e5"
      }
    },
    {
      "head": {
        "id": "7d6e0b84-5071-4fb4-b6f2-d0fd1a7ed576",
        "name": "init task execution option",
        "description": "",
        "type": "log"
      },
      "body": {
        "pid": 36824,
        "tid": "Main Thread",
        "startTime": 65008001414300,
        "endTime": 65008001420600
      },
      "additional": {
        "logType": "info",
        "children": [],
        "durationId": "e560ed6b-c313-4bce-8adf-34581c0b1d7c",
        "parent": "6892b81b-28ae-4206-8804-91f4d5fbd7e5"
      }
    },
    {
      "head": {
        "id": "6892b81b-28ae-4206-8804-91f4d5fbd7e5",
        "name": "init",
        "description": "",
        "type": "log"
      },
      "body": {
        "pid": 36824,
        "tid": "Main Thread",
        "startTime": 65007845316000,
        "endTime": 65008001423400
      },
      "additional": {
        "logType": "info",
        "children": [
          "49bcf948-de3e-4b42-9bb0-497472f1ed34",
          "9ed88b30-772f-4f67-a035-31501bfa0a1a",
          "d31003c3-852d-443e-a48b-6577f66ea08f",
          "7d6e0b84-5071-4fb4-b6f2-d0fd1a7ed576",
          "6b453384-b696-4258-9f21-44d870276cc2",
          "816535fa-b28e-4ee7-9ea3-19dd1e40fd24",
          "399dfe4b-e770-4fa6-ab4c-55c33db384f4"
        ],
        "durationId": "d6c928db-1057-464d-a585-733763e673ef"
      }
    },
    {
      "head": {
        "id": "8442eb5c-5d1c-45e3-b48a-dd4a3c61b56a",
        "name": "Configuration task cost before running: 161 ms ",
        "description": "",
        "type": "log"
      },
      "body": {
        "pid": 36824,
        "tid": "Main Thread",
        "startTime": 65008001521800
      },
      "additional": {
        "logType": "debug",
        "children": []
      }
    },
    {
      "head": {
        "id": "c0926a5a-74ff-4e1c-80db-5862f32040bb",
        "name": "entry:clean",
        "description": "Clear the cache information.",
        "type": "duration"
      },
      "body": {
        "pid": 36824,
        "tid": "Main Thread",
        "startTime": 65008003325800,
        "endTime": 65008053711700
      },
      "additional": {
        "children": [],
        "state": "success",
        "targetName": "",
        "moduleName": "entry",
        "category": "Other",
        "taskRunReasons": [],
        "detailId": "0e0ac788-fa1a-4bf2-abf1-0d4c45779ab7",
        "logId": "93fba023-5c1c-4eca-ad2b-773041da8d11"
      },
      "log": {
        "_logger": {
          "category": "DurationEvent",
          "context": {},
          "callStackSkipIndex": 0
        },
        "_filelogger": {
          "category": "debug-file",
          "context": {},
          "callStackSkipIndex": 0
        },
        "anonymizeFileLogger": {
          "fileLogger": {
            "category": "debug-file",
            "context": {},
            "callStackSkipIndex": 0
          }
        }
      }
    },
    {
      "head": {
        "id": "0e0ac788-fa1a-4bf2-abf1-0d4c45779ab7",
        "name": "create entry:clean task",
        "description": "",
        "type": "log"
      },
      "body": {
        "pid": 36824,
        "tid": "Main Thread",
        "startTime": 65008002744600
      },
      "additional": {
        "logType": "detail",
        "children": [],
        "durationId": "c0926a5a-74ff-4e1c-80db-5862f32040bb"
      }
    },
    {
      "head": {
        "id": "a2d7ca54-7871-4d22-81b2-03f215b1d969",
        "name": "Executing task :entry:clean",
        "description": "",
        "type": "log"
      },
      "body": {
        "pid": 36824,
        "tid": "Main Thread",
        "startTime": 65008003333000
      },
      "additional": {
        "logType": "debug",
        "children": []
      }
    },
    {
      "head": {
        "id": "c31cc509-92d3-4f4e-9f2d-7a98073df86d",
        "name": "clean: Start terminating worker pool.",
        "description": "",
        "type": "log"
      },
      "body": {
        "pid": 36824,
        "tid": "Main Thread",
        "startTime": 65008003431000
      },
      "additional": {
        "logType": "debug",
        "children": []
      }
    },
    {
      "head": {
        "id": "c4e02cbb-98c7-4adb-b6ca-f10fc752a272",
        "name": "Current worker pool is stopped or closed.",
        "description": "",
        "type": "log"
      },
      "body": {
        "pid": 36824,
        "tid": "Main Thread",
        "startTime": 65008003499700
      },
      "additional": {
        "logType": "debug",
        "children": []
      }
    },
    {
      "head": {
        "id": "a917d106-4a66-4be2-bec3-103145375f8e",
        "name": "Clear worker 4.",
        "description": "",
        "type": "log"
      },
      "body": {
        "pid": 36824,
        "tid": "Main Thread",
        "startTime": 65008003557800
      },
      "additional": {
        "logType": "debug",
        "children": []
      }
    },
    {
      "head": {
        "id": "f7d0f378-d2e2-4a6b-8bc0-41f0429459ac",
        "name": "Worker 4 has been cleared.",
        "description": "",
        "type": "log"
      },
      "body": {
        "pid": 36824,
        "tid": "Main Thread",
        "startTime": 65008003625200
      },
      "additional": {
        "logType": "debug",
        "children": []
      }
    },
    {
      "head": {
        "id": "6ed78e24-804d-45bb-8dea-2f8d7c48dedb",
        "name": "Current idle worker size: 0.",
        "description": "",
        "type": "log"
      },
      "body": {
        "pid": 36824,
        "tid": "Main Thread",
        "startTime": 65008003667800
      },
      "additional": {
        "logType": "debug",
        "children": []
      }
    },
    {
      "head": {
        "id": "a49f5464-ac57-4b19-b976-8c7316314971",
        "name": "Current busy worker size: 0.",
        "description": "",
        "type": "log"
      },
      "body": {
        "pid": 36824,
        "tid": "Main Thread",
        "startTime": 65008003700400
      },
      "additional": {
        "logType": "debug",
        "children": []
      }
    },
    {
      "head": {
        "id": "d8403014-79ea-48e4-abb9-2e5ad1f3132d",
        "name": "Current worker pool is terminated.",
        "description": "",
        "type": "log"
      },
      "body": {
        "pid": 36824,
        "tid": "Main Thread",
        "startTime": 65008003747500
      },
      "additional": {
        "logType": "debug",
        "children": []
      }
    },
    {
      "head": {
        "id": "35bd89ed-ee7c-423d-8f75-0df9f4c77c20",
        "name": "clean: Terminating worker pool finished.",
        "description": "",
        "type": "log"
      },
      "body": {
        "pid": 36824,
        "tid": "Main Thread",
        "startTime": 65008003786300
      },
      "additional": {
        "logType": "debug",
        "children": []
      }
    },
    {
      "head": {
        "id": "1f53efa7-440b-4cff-9e9e-4dce3a70093d",
        "name": "entry : clean cost memory 0.24558258056640625",
        "description": "",
        "type": "log"
      },
      "body": {
        "pid": 36824,
        "tid": "Main Thread",
        "startTime": 65008053511600
      },
      "additional": {
        "logType": "debug",
        "children": []
      }
    },
    {
      "head": {
        "id": "8d987bf3-3577-481e-a4e9-0d20e48cc1e1",
        "name": "runTaskFromQueue task cost before running: 213 ms ",
        "description": "",
        "type": "log"
      },
      "body": {
        "pid": 36824,
        "tid": "Main Thread",
        "startTime": 65008053655300
      },
      "additional": {
        "logType": "debug",
        "children": []
      }
    },
    {
      "head": {
        "id": "93fba023-5c1c-4eca-ad2b-773041da8d11",
        "name": "Finished :entry:clean",
        "description": "Clear the cache information.",
        "type": "log"
      },
      "body": {
        "pid": 36824,
        "tid": "Main Thread",
        "startTime": 65008003325800,
        "endTime": 65008053711700,
        "totalTime": 50305800
      },
      "additional": {
        "logType": "info",
        "children": [],
        "durationId": "c0926a5a-74ff-4e1c-80db-5862f32040bb"
      }
    },
    {
      "head": {
        "id": "786348e1-3a2d-4ab7-a69d-e5dd980753c3",
        "name": "Executing task ::clean",
        "description": "",
        "type": "log"
      },
      "body": {
        "pid": 36824,
        "tid": "Main Thread",
        "startTime": 65008053892600
      },
      "additional": {
        "logType": "debug",
        "children": []
      }
    },
    {
      "head": {
        "id": "985dab9a-ab34-4a5d-806e-b4afb2f399cf",
        "name": "clean: Worker pool is inactive.",
        "description": "",
        "type": "log"
      },
      "body": {
        "pid": 36824,
        "tid": "Main Thread",
        "startTime": 65008053952300
      },
      "additional": {
        "logType": "debug",
        "children": []
      }
    },
    {
      "head": {
        "id": "dd492d4f-035f-4019-91b1-3055c5fee097",
        "name": "DuoLa : clean cost memory 0.03484344482421875",
        "description": "",
        "type": "log"
      },
      "body": {
        "pid": 36824,
        "tid": "Main Thread",
        "startTime": 65008054519800
      },
      "additional": {
        "logType": "debug",
        "children": []
      }
    },
    {
      "head": {
        "id": "ea9e94db-0d2f-45cc-b19f-6bbe795636c4",
        "name": "runTaskFromQueue task cost before running: 214 ms ",
        "description": "",
        "type": "log"
      },
      "body": {
        "pid": 36824,
        "tid": "Main Thread",
        "startTime": 65008054605100
      },
      "additional": {
        "logType": "debug",
        "children": []
      }
    },
    {
      "head": {
        "id": "33694c2c-84d3-4144-8636-2712863dfc7a",
        "name": "Finished ::clean",
        "description": "Clear the cache information.",
        "type": "log"
      },
      "body": {
        "pid": 36824,
        "tid": "Main Thread",
        "startTime": 65008053889200,
        "endTime": 65008054653500,
        "totalTime": 705900
      },
      "additional": {
        "logType": "info",
        "children": [],
        "durationId": "61de953b-cb08-4ca2-8301-1224d83d4cf9"
      }
    },
    {
      "head": {
        "id": "fac35286-7567-4b7a-b3cd-6b77fe04766e",
        "name": "\"buildFinished\" hook function",
        "description": "",
        "type": "duration"
      },
      "body": {
        "pid": 36824,
        "tid": "Main Thread",
        "startTime": 65008067128700,
        "endTime": 65008067148300
      },
      "additional": {
        "children": [],
        "state": "success",
        "targetName": "",
        "moduleName": "",
        "category": "",
        "taskRunReasons": [],
        "parent": "5ff23498-d946-492b-a2a3-6bb1c2e1bc27",
        "logId": "46918593-279c-4159-9bdc-01c8a22fe93e"
      },
      "log": {
        "_logger": {
          "category": "DurationEvent",
          "context": {},
          "callStackSkipIndex": 0
        },
        "_filelogger": {
          "category": "debug-file",
          "context": {},
          "callStackSkipIndex": 0
        },
        "anonymizeFileLogger": {
          "fileLogger": {
            "category": "debug-file",
            "context": {},
            "callStackSkipIndex": 0
          }
        }
      }
    },
    {
      "head": {
        "id": "46918593-279c-4159-9bdc-01c8a22fe93e",
        "name": "\"buildFinished\" hook function",
        "description": "",
        "type": "log"
      },
      "body": {
        "pid": 36824,
        "tid": "Main Thread",
        "startTime": 65008067128700,
        "endTime": 65008067148300
      },
      "additional": {
        "logType": "info",
        "children": [],
        "durationId": "fac35286-7567-4b7a-b3cd-6b77fe04766e"
      }
    },
    {
      "head": {
        "id": "7ee03cb2-c385-4897-a439-db48421a39bd",
        "name": "BUILD SUCCESSFUL in 227 ms ",
        "description": "",
        "type": "log"
      },
      "body": {
        "pid": 36824,
        "tid": "Main Thread",
        "startTime": 65008067179700
      },
      "additional": {
        "logType": "info",
        "children": []
      }
    },
    {
      "head": {
        "id": "5cf10c83-ba73-4c24-a499-9c4a61e44567",
        "name": "clean",
        "description": "",
        "type": "mark"
      },
      "body": {
        "pid": 36824,
        "tid": "Main Thread",
        "startTime": 65007840916300,
        "endTime": 65008067420400
      },
      "additional": {
        "time": {
          "year": 2025,
          "month": 7,
          "day": 4,
          "hour": 3,
          "minute": 41,
          "second": 51
        },
        "completeCommand": "{\"completeCommand\":\"-p product=default clean --analyze=normal --parallel --incremental --daemon\",\"parallel\":true,\"prop\":[\"product=default\"],\"incremental\":true,\"_\":[\"clean\"],\"daemon\":true,\"analyze\":\"normal\"};-p product=default clean --analyze=normal --parallel --incremental --daemon",
        "hvigorVersion": "5.18.4",
        "markType": "history",
        "nodeVersion": "v18.20.1",
        "category": "clean",
        "state": "success"
      }
    }
  ],
  "workLog": []
}