{"D:\\HarmonyOS\\DuoLa\\AppScope\\app.json5":{"hashValue":"a0d0ff2c32be9e52a952162491df5d2d","name":"app.json5","path":"D:\\HarmonyOS\\DuoLa\\AppScope\\app.json5","type":"file","isSymbolicLink":false,"fileMetaData":{"size":221,"lastModifiedTime":1751385955039}},"D:\\HarmonyOS\\DuoLa\\entry\\src\\main\\module.json5":{"hashValue":"d1cd8b55ffc537af75c6d0247d8164c4","name":"module.json5","path":"D:\\HarmonyOS\\DuoLa\\entry\\src\\main\\module.json5","type":"file","isSymbolicLink":false,"fileMetaData":{"size":1214,"lastModifiedTime":1751534052078}},"D:\\HarmonyOS\\DuoLa\\build-profile.json5":{"hashValue":"3d11d6cffc0c25912775cf3f0e0bf652","name":"build-profile.json5","path":"D:\\HarmonyOS\\DuoLa\\build-profile.json5","type":"file","isSymbolicLink":false,"fileMetaData":{"size":798,"lastModifiedTime":1751385962542}},"D:\\HarmonyOS\\DuoLa\\entry\\build-profile.json5":{"hashValue":"f9534854b969e9d4d0afbc2be4600998","name":"build-profile.json5","path":"D:\\HarmonyOS\\DuoLa\\entry\\build-profile.json5","type":"file","isSymbolicLink":false,"fileMetaData":{"size":449,"lastModifiedTime":1751385962538}},"D:\\HarmonyOS\\DuoLa\\entry\\src\\main\\resources\\base\\profile\\main_pages.json":{"hashValue":"e1a8a69a6984fd9c5371e676a68c6c65","name":"main_pages.json","path":"D:\\HarmonyOS\\DuoLa\\entry\\src\\main\\resources\\base\\profile\\main_pages.json","type":"file","isSymbolicLink":false,"fileMetaData":{"size":122,"lastModifiedTime":1751535093717}},"D:\\HarmonyOS\\DuoLa\\hvigor\\hvigor-config.json5":{"hashValue":"3b50d8d2bf4304bc29505929ba57ea1b","name":"hvigor-config.json5","path":"D:\\HarmonyOS\\DuoLa\\hvigor\\hvigor-config.json5","type":"file","isSymbolicLink":false,"fileMetaData":{"size":1323,"lastModifiedTime":1751385951526}},"D:\\HarmonyOS\\DuoLa\\entry\\src\\mock\\mock-config.json5":{"hashValue":"4b1c8c456932a0701fa7ec7993ec9096","name":"mock-config.json5","path":"D:\\HarmonyOS\\DuoLa\\entry\\src\\mock\\mock-config.json5","type":"file","isSymbolicLink":false,"fileMetaData":{"size":3,"lastModifiedTime":1751385951819}},"D:\\HarmonyOS\\DuoLa\\entry\\oh-package.json5":{"hashValue":"37fe2dd260fbb13960e322f07d9f3700","name":"oh-package.json5","path":"D:\\HarmonyOS\\DuoLa\\entry\\oh-package.json5","type":"file","isSymbolicLink":false,"fileMetaData":{"size":183,"lastModifiedTime":1751385951611}},"D:\\HarmonyOS\\DuoLa\\oh-package.json5":{"hashValue":"b8c2f2a6bed9de0359da124625400707","name":"oh-package.json5","path":"D:\\HarmonyOS\\DuoLa\\oh-package.json5","type":"file","isSymbolicLink":false,"fileMetaData":{"size":210,"lastModifiedTime":1751385962551}},"D:\\HarmonyOS\\DuoLa\\entry\\.preview\\default\\intermediates\\merge_profile\\default\\module.json":{"hashValue":"a414a77520de8cb873eab2e81e8da632","name":"module.json","path":"D:\\HarmonyOS\\DuoLa\\entry\\.preview\\default\\intermediates\\merge_profile\\default\\module.json","type":"file","isSymbolicLink":false,"fileMetaData":{"size":1474,"lastModifiedTime":1751534066542}},"D:\\HarmonyOS\\DuoLa\\entry\\.preview\\default\\generated\\profile\\default\\BuildProfile.ets":{"hashValue":"ac546a130dde0add54e317485c0648ef","name":"BuildProfile.ets","path":"D:\\HarmonyOS\\DuoLa\\entry\\.preview\\default\\generated\\profile\\default\\BuildProfile.ets","type":"file","isSymbolicLink":false,"fileMetaData":{"size":860,"lastModifiedTime":1751385967399}},"D:\\HarmonyOS\\DuoLa\\entry\\.preview\\default\\intermediates\\loader\\default\\pkgContextInfo.json":{"hashValue":"dca42169e7777ea6f57977783460ac20","name":"pkgContextInfo.json","path":"D:\\HarmonyOS\\DuoLa\\entry\\.preview\\default\\intermediates\\loader\\default\\pkgContextInfo.json","type":"file","isSymbolicLink":false,"fileMetaData":{"size":444,"lastModifiedTime":1751385967426}},"D:\\HarmonyOS\\DuoLa\\entry\\.preview\\default\\intermediates\\process_profile\\default\\module.json":{"hashValue":"ffd87a64b8c84424ecddf378f1cc3344","name":"module.json","path":"D:\\HarmonyOS\\DuoLa\\entry\\.preview\\default\\intermediates\\process_profile\\default\\module.json","type":"file","isSymbolicLink":false,"fileMetaData":{"size":1560,"lastModifiedTime":1751534067022}},"D:\\HarmonyOS\\DuoLa\\entry\\.preview\\default\\intermediates\\router_map\\default\\temp-router-map.json":{"hashValue":"a097bd91529b812d1edfb9f2386752f7","name":"temp-router-map.json","path":"D:\\HarmonyOS\\DuoLa\\entry\\.preview\\default\\intermediates\\router_map\\default\\temp-router-map.json","type":"file","isSymbolicLink":false,"fileMetaData":{"size":16,"lastModifiedTime":1751534067037}},"D:\\HarmonyOS\\DuoLa\\entry\\.preview\\default\\intermediates\\router_map\\default\\loader-router-map.json":{"hashValue":"3b7b7a8f5eee87647c1a15823b274d1b","name":"loader-router-map.json","path":"D:\\HarmonyOS\\DuoLa\\entry\\.preview\\default\\intermediates\\router_map\\default\\loader-router-map.json","type":"file","isSymbolicLink":false,"fileMetaData":{"size":16,"lastModifiedTime":1751534067038}},"D:\\HarmonyOS\\DuoLa\\entry\\.preview\\default\\intermediates\\loader\\default\\loader.json":{"hashValue":"4c42f21a4430845c7ece6a94468af7d6","name":"loader.json","path":"D:\\HarmonyOS\\DuoLa\\entry\\.preview\\default\\intermediates\\loader\\default\\loader.json","type":"file","isSymbolicLink":false,"fileMetaData":{"size":775,"lastModifiedTime":1751534067093}},"D:\\HarmonyOS\\DuoLa\\entry\\src\\main\\resources":{"hashValue":"cfb9e17a44d8999a35e8d56545a84f8f","name":"resources","path":"D:\\HarmonyOS\\DuoLa\\entry\\src\\main\\resources","type":"directory","isSymbolicLink":false,"children":[{"hashValue":"bdb0688d0dfdb3322fc6fc80117b9354","name":"base","path":"D:\\HarmonyOS\\DuoLa\\entry\\src\\main\\resources\\base","type":"directory","isSymbolicLink":false,"children":[{"hashValue":"2450c93ea385434666a40d05bf1577aa","name":"element","path":"D:\\HarmonyOS\\DuoLa\\entry\\src\\main\\resources\\base\\element","type":"directory","isSymbolicLink":false,"children":[{"hashValue":"d4968ef3e5245c8ed824d5d0086b371a","name":"color.json","path":"D:\\HarmonyOS\\DuoLa\\entry\\src\\main\\resources\\base\\element\\color.json","type":"file","isSymbolicLink":false,"fileMetaData":{"size":757,"lastModifiedTime":1751538660702}},{"hashValue":"5e32a99b8e80b8fff2c0c9b5c4ef148a","name":"float.json","path":"D:\\HarmonyOS\\DuoLa\\entry\\src\\main\\resources\\base\\element\\float.json","type":"file","isSymbolicLink":false,"fileMetaData":{"size":100,"lastModifiedTime":1751385951855}},{"hashValue":"0ac4aeecbe8236fa1deac02b957177e7","name":"string.json","path":"D:\\HarmonyOS\\DuoLa\\entry\\src\\main\\resources\\base\\element\\string.json","type":"file","isSymbolicLink":false,"fileMetaData":{"size":286,"lastModifiedTime":1751530106690}}]},{"hashValue":"d8b88e82e3a3b93b0afa6c524d020603","name":"media","path":"D:\\HarmonyOS\\DuoLa\\entry\\src\\main\\resources\\base\\media","type":"directory","isSymbolicLink":false,"children":[{"hashValue":"99f3cb66be288a380f71d07907c5552f","name":"app_icon.png","path":"D:\\HarmonyOS\\DuoLa\\entry\\src\\main\\resources\\base\\media\\app_icon.png","type":"file","isSymbolicLink":false,"fileMetaData":{"size":80412,"lastModifiedTime":1751530433062}},{"hashValue":"0997921c188d1d96ae9de310b4231168","name":"background.png","path":"D:\\HarmonyOS\\DuoLa\\entry\\src\\main\\resources\\base\\media\\background.png","type":"file","isSymbolicLink":false,"fileMetaData":{"size":91942,"lastModifiedTime":1751385951863}},{"hashValue":"76da9f57d3455da81d65eb1353c33a21","name":"foreground.png","path":"D:\\HarmonyOS\\DuoLa\\entry\\src\\main\\resources\\base\\media\\foreground.png","type":"file","isSymbolicLink":false,"fileMetaData":{"size":8805,"lastModifiedTime":1751385951869}},{"hashValue":"553e14a12165ff6c478a047967eddbab","name":"ic_delete.png","path":"D:\\HarmonyOS\\DuoLa\\entry\\src\\main\\resources\\base\\media\\ic_delete.png","type":"file","isSymbolicLink":false,"fileMetaData":{"size":128461,"lastModifiedTime":1751467694801}},{"hashValue":"4d35af2883c7a5131001bb273024c902","name":"layered_image.json","path":"D:\\HarmonyOS\\DuoLa\\entry\\src\\main\\resources\\base\\media\\layered_image.json","type":"file","isSymbolicLink":false,"fileMetaData":{"size":109,"lastModifiedTime":1751385951874}},{"hashValue":"8db8c86e499bf45f6ffe87fa4b26d240","name":"media.json","path":"D:\\HarmonyOS\\DuoLa\\entry\\src\\main\\resources\\base\\media\\media.json","type":"file","isSymbolicLink":false,"fileMetaData":{"size":91,"lastModifiedTime":1751467940038}},{"hashValue":"c070adb626af96d021ed2dc8c8ddbecc","name":"startIcon.png","path":"D:\\HarmonyOS\\DuoLa\\entry\\src\\main\\resources\\base\\media\\startIcon.png","type":"file","isSymbolicLink":false,"fileMetaData":{"size":20093,"lastModifiedTime":1751385951883}}]},{"hashValue":"3d711b5480805c378aeeba4683c897a9","name":"profile","path":"D:\\HarmonyOS\\DuoLa\\entry\\src\\main\\resources\\base\\profile","type":"directory","isSymbolicLink":false,"children":[{"hashValue":"c548ca99b54767ed178c0a8736dda18e","name":"backup_config.json","path":"D:\\HarmonyOS\\DuoLa\\entry\\src\\main\\resources\\base\\profile\\backup_config.json","type":"file","isSymbolicLink":false,"fileMetaData":{"size":36,"lastModifiedTime":1751385951948}},{"hashValue":"e1a8a69a6984fd9c5371e676a68c6c65","name":"main_pages.json","path":"D:\\HarmonyOS\\DuoLa\\entry\\src\\main\\resources\\base\\profile\\main_pages.json","type":"file","isSymbolicLink":false,"fileMetaData":{"size":122,"lastModifiedTime":1751535093717}}]}]},{"hashValue":"94e52f3aba6562fe50199a8f463c3638","name":"dark","path":"D:\\HarmonyOS\\DuoLa\\entry\\src\\main\\resources\\dark","type":"directory","isSymbolicLink":false,"children":[{"hashValue":"15f1fd6523f2edfeaefb59a0f8fd6896","name":"element","path":"D:\\HarmonyOS\\DuoLa\\entry\\src\\main\\resources\\dark\\element","type":"directory","isSymbolicLink":false,"children":[{"hashValue":"dc47687a26f24d5cf3b120c229e32bba","name":"color.json","path":"D:\\HarmonyOS\\DuoLa\\entry\\src\\main\\resources\\dark\\element\\color.json","type":"file","isSymbolicLink":false,"fileMetaData":{"size":105,"lastModifiedTime":1751385951927}}]}]},{"hashValue":"","name":"rawfile","path":"D:\\HarmonyOS\\DuoLa\\entry\\src\\main\\resources\\rawfile","type":"directory","isSymbolicLink":false,"children":[]}]},"D:\\HarmonyOS\\DuoLa\\entry\\.preview\\default\\intermediates\\res\\default":{"hashValue":"5fa430b51018bf8347a8be5a24361910","name":"default","path":"D:\\HarmonyOS\\DuoLa\\entry\\.preview\\default\\intermediates\\res\\default","type":"directory","isSymbolicLink":false,"children":[{"hashValue":"953fb25991b8634a7a252e671f753d2d","name":"app_compiled","path":"D:\\HarmonyOS\\DuoLa\\entry\\.preview\\default\\intermediates\\res\\default\\app_compiled","type":"directory","isSymbolicLink":false,"children":[{"hashValue":"06fbda08251159f2781f212ee8e1ed81","name":"13036635353814760150","path":"D:\\HarmonyOS\\DuoLa\\entry\\.preview\\default\\intermediates\\res\\default\\app_compiled\\13036635353814760150","type":"file","isSymbolicLink":false,"fileMetaData":{"size":103,"lastModifiedTime":1751539856731}},{"hashValue":"11f30d4039fe7809bb379e57ba0f238a","name":"307936358009538179","path":"D:\\HarmonyOS\\DuoLa\\entry\\.preview\\default\\intermediates\\res\\default\\app_compiled\\307936358009538179","type":"file","isSymbolicLink":false,"fileMetaData":{"size":192,"lastModifiedTime":1751539856731}},{"hashValue":"800d998aa42f6801e8b5673a4de91c85","name":"5659271212675683390","path":"D:\\HarmonyOS\\DuoLa\\entry\\.preview\\default\\intermediates\\res\\default\\app_compiled\\5659271212675683390","type":"file","isSymbolicLink":false,"fileMetaData":{"size":180,"lastModifiedTime":1751539856731}},{"hashValue":"4f64b82329825c5598fd84385c80c46e","name":"7021324683099155463","path":"D:\\HarmonyOS\\DuoLa\\entry\\.preview\\default\\intermediates\\res\\default\\app_compiled\\7021324683099155463","type":"file","isSymbolicLink":false,"fileMetaData":{"size":180,"lastModifiedTime":1751539856731}}]},{"hashValue":"0ae340d229468106c5a26e56ecc898ba","name":"ids_map","path":"D:\\HarmonyOS\\DuoLa\\entry\\.preview\\default\\intermediates\\res\\default\\ids_map","type":"directory","isSymbolicLink":false,"children":[{"hashValue":"dfa2429bf15bf94bfada27488aeed2c9","name":"id_defined.json","path":"D:\\HarmonyOS\\DuoLa\\entry\\.preview\\default\\intermediates\\res\\default\\ids_map\\id_defined.json","type":"file","isSymbolicLink":false,"fileMetaData":{"size":2192,"lastModifiedTime":1751539857067}}]},{"hashValue":"9939147d7d3c5f4328271120bb09afb9","name":"mock-config.json","path":"D:\\HarmonyOS\\DuoLa\\entry\\.preview\\default\\intermediates\\res\\default\\mock-config.json","type":"file","isSymbolicLink":false,"fileMetaData":{"size":2,"lastModifiedTime":1751385976055}},{"hashValue":"8be224eebea5d5aebd6290c0e1d7af19","name":"module_compiled","path":"D:\\HarmonyOS\\DuoLa\\entry\\.preview\\default\\intermediates\\res\\default\\module_compiled","type":"directory","isSymbolicLink":false,"children":[{"hashValue":"bf467c5c4087d45abdda198bf619b660","name":"10601577331085437455","path":"D:\\HarmonyOS\\DuoLa\\entry\\.preview\\default\\intermediates\\res\\default\\module_compiled\\10601577331085437455","type":"file","isSymbolicLink":false,"fileMetaData":{"size":133,"lastModifiedTime":1751539856884}},{"hashValue":"a8e49c7f4a24b55d4471aef887891617","name":"13209680785462481326","path":"D:\\HarmonyOS\\DuoLa\\entry\\.preview\\default\\intermediates\\res\\default\\module_compiled\\13209680785462481326","type":"file","isSymbolicLink":false,"fileMetaData":{"size":407,"lastModifiedTime":1751539856882}},{"hashValue":"6e2470b850650f2b079d16631ea5109e","name":"13331601092405196823","path":"D:\\HarmonyOS\\DuoLa\\entry\\.preview\\default\\intermediates\\res\\default\\module_compiled\\13331601092405196823","type":"file","isSymbolicLink":false,"fileMetaData":{"size":180,"lastModifiedTime":1751539856882}},{"hashValue":"b47866cfb2b425684a152530ff10eb29","name":"14568402043291437243","path":"D:\\HarmonyOS\\DuoLa\\entry\\.preview\\default\\intermediates\\res\\default\\module_compiled\\14568402043291437243","type":"file","isSymbolicLink":false,"fileMetaData":{"size":118,"lastModifiedTime":1751539856881}},{"hashValue":"74fccfc6ac63dd6591696d518c41b334","name":"17027194694500954045","path":"D:\\HarmonyOS\\DuoLa\\entry\\.preview\\default\\intermediates\\res\\default\\module_compiled\\17027194694500954045","type":"file","isSymbolicLink":false,"fileMetaData":{"size":187,"lastModifiedTime":1751539856883}},{"hashValue":"8a1fc0a609cffedd226d358a870ab42a","name":"17351568391591044851","path":"D:\\HarmonyOS\\DuoLa\\entry\\.preview\\default\\intermediates\\res\\default\\module_compiled\\17351568391591044851","type":"file","isSymbolicLink":false,"fileMetaData":{"size":180,"lastModifiedTime":1751539856882}},{"hashValue":"889bb998ca20c0c75b9d9d070c945f28","name":"18030600977825253916","path":"D:\\HarmonyOS\\DuoLa\\entry\\.preview\\default\\intermediates\\res\\default\\module_compiled\\18030600977825253916","type":"file","isSymbolicLink":false,"fileMetaData":{"size":1155,"lastModifiedTime":1751539856881}},{"hashValue":"be1bb80679b2f01b224708acf43c94da","name":"18185112602186025331","path":"D:\\HarmonyOS\\DuoLa\\entry\\.preview\\default\\intermediates\\res\\default\\module_compiled\\18185112602186025331","type":"file","isSymbolicLink":false,"fileMetaData":{"size":196,"lastModifiedTime":1751539856883}},{"hashValue":"76599ad4c3c7af351f85555c716e2dbb","name":"199990522598006432","path":"D:\\HarmonyOS\\DuoLa\\entry\\.preview\\default\\intermediates\\res\\default\\module_compiled\\199990522598006432","type":"file","isSymbolicLink":false,"fileMetaData":{"size":192,"lastModifiedTime":1751539856883}},{"hashValue":"ff58a2a6721e1f978a60921e9c912b26","name":"272384726814956420","path":"D:\\HarmonyOS\\DuoLa\\entry\\.preview\\default\\intermediates\\res\\default\\module_compiled\\272384726814956420","type":"file","isSymbolicLink":false,"fileMetaData":{"size":174,"lastModifiedTime":1751539856882}},{"hashValue":"eff18341fb0ad630008d4a85b0797961","name":"3185825771151191535","path":"D:\\HarmonyOS\\DuoLa\\entry\\.preview\\default\\intermediates\\res\\default\\module_compiled\\3185825771151191535","type":"file","isSymbolicLink":false,"fileMetaData":{"size":168,"lastModifiedTime":1751539856883}},{"hashValue":"c9d8faaf9437a624993155ed18027ea7","name":"7221681514737599699","path":"D:\\HarmonyOS\\DuoLa\\entry\\.preview\\default\\intermediates\\res\\default\\module_compiled\\7221681514737599699","type":"file","isSymbolicLink":false,"fileMetaData":{"size":177,"lastModifiedTime":1751539856882}},{"hashValue":"f70051703e07f25e66dbf118bc806b05","name":"903505865525592647","path":"D:\\HarmonyOS\\DuoLa\\entry\\.preview\\default\\intermediates\\res\\default\\module_compiled\\903505865525592647","type":"file","isSymbolicLink":false,"fileMetaData":{"size":177,"lastModifiedTime":1751539856883}}]},{"hashValue":"dc25a78e730e174f2f644b48d2c61970","name":"module.json","path":"D:\\HarmonyOS\\DuoLa\\entry\\.preview\\default\\intermediates\\res\\default\\module.json","type":"file","isSymbolicLink":false,"fileMetaData":{"size":1506,"lastModifiedTime":1751539857112}},{"hashValue":"93b782adb6cf02136981419179cb55a7","name":"resources","path":"D:\\HarmonyOS\\DuoLa\\entry\\.preview\\default\\intermediates\\res\\default\\resources","type":"directory","isSymbolicLink":false,"children":[{"hashValue":"15b8fba507d26ef6d6bf92802cac0cb0","name":"base","path":"D:\\HarmonyOS\\DuoLa\\entry\\.preview\\default\\intermediates\\res\\default\\resources\\base","type":"directory","isSymbolicLink":false,"children":[{"hashValue":"717ac4815576efc8af06227cbe368908","name":"media","path":"D:\\HarmonyOS\\DuoLa\\entry\\.preview\\default\\intermediates\\res\\default\\resources\\base\\media","type":"directory","isSymbolicLink":false,"children":[{"hashValue":"4922225e87208442de7361805467c055","name":"app_layered_image.json","path":"D:\\HarmonyOS\\DuoLa\\entry\\.preview\\default\\intermediates\\res\\default\\resources\\base\\media\\app_layered_image.json","type":"file","isSymbolicLink":false,"fileMetaData":{"size":95,"lastModifiedTime":1751539857065}},{"hashValue":"92498a6476df84dfcd0948636e87de81","name":"layered_image.json","path":"D:\\HarmonyOS\\DuoLa\\entry\\.preview\\default\\intermediates\\res\\default\\resources\\base\\media\\layered_image.json","type":"file","isSymbolicLink":false,"fileMetaData":{"size":95,"lastModifiedTime":1751539857066}},{"hashValue":"a955e817c9625731d6c2fefd8462a9e5","name":"media.json","path":"D:\\HarmonyOS\\DuoLa\\entry\\.preview\\default\\intermediates\\res\\default\\resources\\base\\media\\media.json","type":"file","isSymbolicLink":false,"fileMetaData":{"size":73,"lastModifiedTime":1751539857066}}]},{"hashValue":"7888f3e59441e180ab09e11ce3658ae9","name":"profile","path":"D:\\HarmonyOS\\DuoLa\\entry\\.preview\\default\\intermediates\\res\\default\\resources\\base\\profile","type":"directory","isSymbolicLink":false,"children":[{"hashValue":"c548ca99b54767ed178c0a8736dda18e","name":"backup_config.json","path":"D:\\HarmonyOS\\DuoLa\\entry\\.preview\\default\\intermediates\\res\\default\\resources\\base\\profile\\backup_config.json","type":"file","isSymbolicLink":false,"fileMetaData":{"size":36,"lastModifiedTime":1751385951948}},{"hashValue":"d251aeba776c86e9d317b1c74fcc5eba","name":"main_pages.json","path":"D:\\HarmonyOS\\DuoLa\\entry\\.preview\\default\\intermediates\\res\\default\\resources\\base\\profile\\main_pages.json","type":"file","isSymbolicLink":false,"fileMetaData":{"size":95,"lastModifiedTime":1751539857089}}]}]}]},{"hashValue":"cee0a83b7e3874f3e660072e4a205d1f","name":"resources.index","path":"D:\\HarmonyOS\\DuoLa\\entry\\.preview\\default\\intermediates\\res\\default\\resources.index","type":"file","isSymbolicLink":false,"fileMetaData":{"size":2373,"lastModifiedTime":1751539857066}},{"hashValue":"35cc040eed3507877727084520a15e04","name":"ResourceTable.txt","path":"D:\\HarmonyOS\\DuoLa\\entry\\.preview\\default\\intermediates\\res\\default\\ResourceTable.txt","type":"file","isSymbolicLink":false,"fileMetaData":{"size":888,"lastModifiedTime":1751539857067}}]},"D:\\HarmonyOS\\DuoLa\\entry\\.preview\\default\\generated\\r\\default":{"hashValue":"8fafa1832be41ca96d551468b2233dd4","name":"default","path":"D:\\HarmonyOS\\DuoLa\\entry\\.preview\\default\\generated\\r\\default","type":"directory","isSymbolicLink":false,"children":[{"hashValue":"b0ccc455f03a388f80858fb923e7ac56","name":"ResourceTable.h","path":"D:\\HarmonyOS\\DuoLa\\entry\\.preview\\default\\generated\\r\\default\\ResourceTable.h","type":"file","isSymbolicLink":false,"fileMetaData":{"size":2070,"lastModifiedTime":1751539857067}}]},"D:\\HarmonyOS\\DuoLa\\entry\\src\\main\\resources\\base\\profile":{"hashValue":"3d711b5480805c378aeeba4683c897a9","name":"profile","path":"D:\\HarmonyOS\\DuoLa\\entry\\src\\main\\resources\\base\\profile","type":"directory","isSymbolicLink":false,"children":[{"hashValue":"c548ca99b54767ed178c0a8736dda18e","name":"backup_config.json","path":"D:\\HarmonyOS\\DuoLa\\entry\\src\\main\\resources\\base\\profile\\backup_config.json","type":"file","isSymbolicLink":false,"fileMetaData":{"size":36,"lastModifiedTime":1751385951948}},{"hashValue":"e1a8a69a6984fd9c5371e676a68c6c65","name":"main_pages.json","path":"D:\\HarmonyOS\\DuoLa\\entry\\src\\main\\resources\\base\\profile\\main_pages.json","type":"file","isSymbolicLink":false,"fileMetaData":{"size":122,"lastModifiedTime":1751535093717}}]},"D:\\HarmonyOS\\DuoLa\\entry\\.preview\\default\\intermediates\\res\\default\\resources\\base\\profile":{"hashValue":"7888f3e59441e180ab09e11ce3658ae9","name":"profile","path":"D:\\HarmonyOS\\DuoLa\\entry\\.preview\\default\\intermediates\\res\\default\\resources\\base\\profile","type":"directory","isSymbolicLink":false,"children":[{"hashValue":"c548ca99b54767ed178c0a8736dda18e","name":"backup_config.json","path":"D:\\HarmonyOS\\DuoLa\\entry\\.preview\\default\\intermediates\\res\\default\\resources\\base\\profile\\backup_config.json","type":"file","isSymbolicLink":false,"fileMetaData":{"size":36,"lastModifiedTime":1751385951948}},{"hashValue":"d251aeba776c86e9d317b1c74fcc5eba","name":"main_pages.json","path":"D:\\HarmonyOS\\DuoLa\\entry\\.preview\\default\\intermediates\\res\\default\\resources\\base\\profile\\main_pages.json","type":"file","isSymbolicLink":false,"fileMetaData":{"size":95,"lastModifiedTime":1751539857089}}]},"D:\\HarmonyOS\\DuoLa\\entry\\.preview\\default\\intermediates\\res\\default\\module.json":{"hashValue":"dc25a78e730e174f2f644b48d2c61970","name":"module.json","path":"D:\\HarmonyOS\\DuoLa\\entry\\.preview\\default\\intermediates\\res\\default\\module.json","type":"file","isSymbolicLink":false,"fileMetaData":{"size":1506,"lastModifiedTime":1751539857112}},"D:\\HarmonyOS\\DuoLa\\entry\\.preview\\default\\intermediates\\res\\default\\resources\\base\\profile\\main_pages.json":{"hashValue":"d251aeba776c86e9d317b1c74fcc5eba","name":"main_pages.json","path":"D:\\HarmonyOS\\DuoLa\\entry\\.preview\\default\\intermediates\\res\\default\\resources\\base\\profile\\main_pages.json","type":"file","isSymbolicLink":false,"fileMetaData":{"size":95,"lastModifiedTime":1751539857089}},"D:\\HarmonyOS\\DuoLa\\entry\\.preview\\default\\intermediates\\loader\\default":{"hashValue":"2fbd103fbfa175992a09210b33922fb3","name":"default","path":"D:\\HarmonyOS\\DuoLa\\entry\\.preview\\default\\intermediates\\loader\\default","type":"directory","isSymbolicLink":false,"children":[{"hashValue":"4c42f21a4430845c7ece6a94468af7d6","name":"loader.json","path":"D:\\HarmonyOS\\DuoLa\\entry\\.preview\\default\\intermediates\\loader\\default\\loader.json","type":"file","isSymbolicLink":false,"fileMetaData":{"size":775,"lastModifiedTime":1751534067093}},{"hashValue":"dca42169e7777ea6f57977783460ac20","name":"pkgContextInfo.json","path":"D:\\HarmonyOS\\DuoLa\\entry\\.preview\\default\\intermediates\\loader\\default\\pkgContextInfo.json","type":"file","isSymbolicLink":false,"fileMetaData":{"size":444,"lastModifiedTime":1751385967426}}]},"D:\\HarmonyOS\\DuoLa\\entry\\.preview\\default\\intermediates\\res\\default\\ResourceTable.txt":{"hashValue":"35cc040eed3507877727084520a15e04","name":"ResourceTable.txt","path":"D:\\HarmonyOS\\DuoLa\\entry\\.preview\\default\\intermediates\\res\\default\\ResourceTable.txt","type":"file","isSymbolicLink":false,"fileMetaData":{"size":888,"lastModifiedTime":1751539857067}},"D:\\HarmonyOS\\DuoLa\\entry\\src\\main\\ets":{"hashValue":"f7eaf70840f3c16eacbc651fbf95664e","name":"ets","path":"D:\\HarmonyOS\\DuoLa\\entry\\src\\main\\ets","type":"directory","isSymbolicLink":false,"children":[{"hashValue":"8996f6cad1eeba26ae3c9bdf680dd5df","name":"entryability","path":"D:\\HarmonyOS\\DuoLa\\entry\\src\\main\\ets\\entryability","type":"directory","isSymbolicLink":false,"children":[{"hashValue":"316892380a5ffc4ce994566f04184dcc","name":"EntryAbility.ets","path":"D:\\HarmonyOS\\DuoLa\\entry\\src\\main\\ets\\entryability\\EntryAbility.ets","type":"file","isSymbolicLink":false,"fileMetaData":{"size":1623,"lastModifiedTime":1751472405163}}]},{"hashValue":"7d21ac74aaa2b4834ef244f107d090e7","name":"entrybackupability","path":"D:\\HarmonyOS\\DuoLa\\entry\\src\\main\\ets\\entrybackupability","type":"directory","isSymbolicLink":false,"children":[{"hashValue":"5a4ed68686edd21744d0bc24e95f8083","name":"EntryBackupAbility.ets","path":"D:\\HarmonyOS\\DuoLa\\entry\\src\\main\\ets\\entrybackupability\\EntryBackupAbility.ets","type":"file","isSymbolicLink":false,"fileMetaData":{"size":522,"lastModifiedTime":1751385962546}}]},{"hashValue":"21b720da0f823e5291334c1c5274ac7f","name":"pages","path":"D:\\HarmonyOS\\DuoLa\\entry\\src\\main\\ets\\pages","type":"directory","isSymbolicLink":false,"children":[{"hashValue":"8051c2434ccd2e4bdc9faf68fdc235c9","name":"CalendarComponent.ets","path":"D:\\HarmonyOS\\DuoLa\\entry\\src\\main\\ets\\pages\\CalendarComponent.ets","type":"file","isSymbolicLink":false,"fileMetaData":{"size":8538,"lastModifiedTime":1751539131436}},{"hashValue":"6a98cadb997674007969d2706a505988","name":"CalendarPage.ets","path":"D:\\HarmonyOS\\DuoLa\\entry\\src\\main\\ets\\pages\\CalendarPage.ets","type":"file","isSymbolicLink":false,"fileMetaData":{"size":546,"lastModifiedTime":1751535168346}},{"hashValue":"8df368f749f0975948192d0ffd83952d","name":"Index.ets","path":"D:\\HarmonyOS\\DuoLa\\entry\\src\\main\\ets\\pages\\Index.ets","type":"file","isSymbolicLink":false,"fileMetaData":{"size":937,"lastModifiedTime":1751536563527}},{"hashValue":"33cbcf795eb1fbd99ac1cea70793a2d4","name":"NotificationService.ets","path":"D:\\HarmonyOS\\DuoLa\\entry\\src\\main\\ets\\pages\\NotificationService.ets","type":"file","isSymbolicLink":false,"fileMetaData":{"size":1901,"lastModifiedTime":1751529352639}},{"hashValue":"8e6ae5a45f1cbbb1f638d15a91781c2d","name":"ReminderEditPage.ets","path":"D:\\HarmonyOS\\DuoLa\\entry\\src\\main\\ets\\pages\\ReminderEditPage.ets","type":"file","isSymbolicLink":false,"fileMetaData":{"size":8487,"lastModifiedTime":1751538918529}},{"hashValue":"0305564f83696f5bfcef97aae5418c92","name":"ReminderListPage.ets","path":"D:\\HarmonyOS\\DuoLa\\entry\\src\\main\\ets\\pages\\ReminderListPage.ets","type":"file","isSymbolicLink":false,"fileMetaData":{"size":1728,"lastModifiedTime":1751539847805}},{"hashValue":"f2d042c84ca9db5d7d0e84635b3e13a9","name":"ReminderModel.ets","path":"D:\\HarmonyOS\\DuoLa\\entry\\src\\main\\ets\\pages\\ReminderModel.ets","type":"file","isSymbolicLink":false,"fileMetaData":{"size":517,"lastModifiedTime":1751472321374}},{"hashValue":"8f37109b0f00c0fd64b95b2a929cd4e8","name":"ReminderService.ets","path":"D:\\HarmonyOS\\DuoLa\\entry\\src\\main\\ets\\pages\\ReminderService.ets","type":"file","isSymbolicLink":false,"fileMetaData":{"size":2508,"lastModifiedTime":1751527088440}}]}]},"F:\\DevEcoStudioProjects\\DuoLa\\AppScope\\app.json5":{"hashValue":"a0d0ff2c32be9e52a952162491df5d2d","name":"app.json5","path":"F:\\DevEcoStudioProjects\\DuoLa\\AppScope\\app.json5","type":"file","isSymbolicLink":false,"fileMetaData":{"size":221,"lastModifiedTime":1751385955039}},"F:\\DevEcoStudioProjects\\DuoLa\\entry\\src\\main\\module.json5":{"hashValue":"1bc66015495a61679654f7f7d575fa43","name":"module.json5","path":"F:\\DevEcoStudioProjects\\DuoLa\\entry\\src\\main\\module.json5","type":"file","isSymbolicLink":false,"fileMetaData":{"size":1121,"lastModifiedTime":1751564615321}},"F:\\DevEcoStudioProjects\\DuoLa\\build-profile.json5":{"hashValue":"a712a35861cc2abbf66161202ca30177","name":"build-profile.json5","path":"F:\\DevEcoStudioProjects\\DuoLa\\build-profile.json5","type":"file","isSymbolicLink":false,"fileMetaData":{"size":810,"lastModifiedTime":1751564659708}},"F:\\DevEcoStudioProjects\\DuoLa\\entry\\build-profile.json5":{"hashValue":"f9534854b969e9d4d0afbc2be4600998","name":"build-profile.json5","path":"F:\\DevEcoStudioProjects\\DuoLa\\entry\\build-profile.json5","type":"file","isSymbolicLink":false,"fileMetaData":{"size":449,"lastModifiedTime":1751385962538}},"F:\\DevEcoStudioProjects\\DuoLa\\entry\\src\\main\\resources\\base\\profile\\main_pages.json":{"hashValue":"85d33534c6a1909ded1988ffad416100","name":"main_pages.json","path":"F:\\DevEcoStudioProjects\\DuoLa\\entry\\src\\main\\resources\\base\\profile\\main_pages.json","type":"file","isSymbolicLink":false,"fileMetaData":{"size":540,"lastModifiedTime":1751561623689}},"F:\\DevEcoStudioProjects\\DuoLa\\hvigor\\hvigor-config.json5":{"hashValue":"3b50d8d2bf4304bc29505929ba57ea1b","name":"hvigor-config.json5","path":"F:\\DevEcoStudioProjects\\DuoLa\\hvigor\\hvigor-config.json5","type":"file","isSymbolicLink":false,"fileMetaData":{"size":1323,"lastModifiedTime":1751385951526}},"F:\\DevEcoStudioProjects\\DuoLa\\entry\\src\\mock\\mock-config.json5":{"hashValue":"4b1c8c456932a0701fa7ec7993ec9096","name":"mock-config.json5","path":"F:\\DevEcoStudioProjects\\DuoLa\\entry\\src\\mock\\mock-config.json5","type":"file","isSymbolicLink":false,"fileMetaData":{"size":3,"lastModifiedTime":1751385951819}},"F:\\DevEcoStudioProjects\\DuoLa\\entry\\oh-package.json5":{"hashValue":"37fe2dd260fbb13960e322f07d9f3700","name":"oh-package.json5","path":"F:\\DevEcoStudioProjects\\DuoLa\\entry\\oh-package.json5","type":"file","isSymbolicLink":false,"fileMetaData":{"size":183,"lastModifiedTime":1751385951611}},"F:\\DevEcoStudioProjects\\DuoLa\\oh-package.json5":{"hashValue":"b8c2f2a6bed9de0359da124625400707","name":"oh-package.json5","path":"F:\\DevEcoStudioProjects\\DuoLa\\oh-package.json5","type":"file","isSymbolicLink":false,"fileMetaData":{"size":210,"lastModifiedTime":1751385962551}},"F:\\DevEcoStudioProjects\\DuoLa\\entry\\build\\default\\intermediates\\hap_metadata\\default\\output_metadata.json":{"hashValue":"263a74c7c12c234ddeff1c9e83cdcce8","name":"output_metadata.json","path":"F:\\DevEcoStudioProjects\\DuoLa\\entry\\build\\default\\intermediates\\hap_metadata\\default\\output_metadata.json","type":"file","isSymbolicLink":false,"fileMetaData":{"size":93,"lastModifiedTime":1751571910041}},"F:\\DevEcoStudioProjects\\DuoLa\\entry\\build\\default\\intermediates\\merge_profile\\default\\module.json":{"hashValue":"64c709a35a9f8762b1af2238beebc0ef","name":"module.json","path":"F:\\DevEcoStudioProjects\\DuoLa\\entry\\build\\default\\intermediates\\merge_profile\\default\\module.json","type":"file","isSymbolicLink":false,"fileMetaData":{"size":1400,"lastModifiedTime":1751571910053}},"F:\\DevEcoStudioProjects\\DuoLa\\entry\\build\\default\\generated\\profile\\default\\BuildProfile.ets":{"hashValue":"c93da8297cae94511a54439bec4ed715","name":"BuildProfile.ets","path":"F:\\DevEcoStudioProjects\\DuoLa\\entry\\build\\default\\generated\\profile\\default\\BuildProfile.ets","type":"file","isSymbolicLink":false,"fileMetaData":{"size":860,"lastModifiedTime":1751571910060}},"F:\\DevEcoStudioProjects\\DuoLa\\entry\\build\\default\\intermediates\\loader\\default\\pkgContextInfo.json":{"hashValue":"ca555852dda1cd90fcb368cbe751ee92","name":"pkgContextInfo.json","path":"F:\\DevEcoStudioProjects\\DuoLa\\entry\\build\\default\\intermediates\\loader\\default\\pkgContextInfo.json","type":"file","isSymbolicLink":false,"fileMetaData":{"size":444,"lastModifiedTime":1751571910074}},"F:\\DevEcoStudioProjects\\DuoLa\\entry\\build\\default\\outputs\\default\\pack.info":{"hashValue":"8c5421bc9beae33c175a78379f95237d","name":"pack.info","path":"F:\\DevEcoStudioProjects\\DuoLa\\entry\\build\\default\\outputs\\default\\pack.info","type":"file","isSymbolicLink":false,"fileMetaData":{"size":556,"lastModifiedTime":1751571910101}},"F:\\Program Files\\huawei_develop\\Huawei\\DevEco Studio\\sdk\\default\\openharmony\\toolchains\\syscap_tool.exe":{"hashValue":"063186c23effbe435f76cd087e3185fb","name":"syscap_tool.exe","path":"F:\\Program Files\\huawei_develop\\Huawei\\DevEco Studio\\sdk\\default\\openharmony\\toolchains\\syscap_tool.exe","type":"file","isSymbolicLink":false,"fileMetaData":{"size":361344,"lastModifiedTime":1750667349000}},"F:\\Program Files\\huawei_develop\\Huawei\\DevEco Studio\\sdk\\default\\openharmony\\ets\\api\\device-define":{"hashValue":"e7abee7064d01bb9679c8cd38b24ec97","name":"device-define","path":"F:\\Program Files\\huawei_develop\\Huawei\\DevEco Studio\\sdk\\default\\openharmony\\ets\\api\\device-define","type":"directory","isSymbolicLink":false,"children":[{"hashValue":"70c5963e5510696622306a29d3fcba13","name":"default.json","path":"F:\\Program Files\\huawei_develop\\Huawei\\DevEco Studio\\sdk\\default\\openharmony\\ets\\api\\device-define\\default.json","type":"file","isSymbolicLink":false,"fileMetaData":{"size":12431,"lastModifiedTime":1750667349000}},{"hashValue":"3c8e5a1579359210b4620778e20f7ab5","name":"liteWearable.json","path":"F:\\Program Files\\huawei_develop\\Huawei\\DevEco Studio\\sdk\\default\\openharmony\\ets\\api\\device-define\\liteWearable.json","type":"file","isSymbolicLink":false,"fileMetaData":{"size":949,"lastModifiedTime":1750667349000}},{"hashValue":"7950d18281b604a832b71432028dcd0a","name":"tablet.json","path":"F:\\Program Files\\huawei_develop\\Huawei\\DevEco Studio\\sdk\\default\\openharmony\\ets\\api\\device-define\\tablet.json","type":"file","isSymbolicLink":false,"fileMetaData":{"size":11991,"lastModifiedTime":1750667349000}},{"hashValue":"477fe3406e7b6fb49714f573ff1a07ee","name":"tv.json","path":"F:\\Program Files\\huawei_develop\\Huawei\\DevEco Studio\\sdk\\default\\openharmony\\ets\\api\\device-define\\tv.json","type":"file","isSymbolicLink":false,"fileMetaData":{"size":10623,"lastModifiedTime":1750667349000}},{"hashValue":"33839af7ef5ba48031059d508bfec9b8","name":"wearable.json","path":"F:\\Program Files\\huawei_develop\\Huawei\\DevEco Studio\\sdk\\default\\openharmony\\ets\\api\\device-define\\wearable.json","type":"file","isSymbolicLink":false,"fileMetaData":{"size":10671,"lastModifiedTime":1750667349000}}]},"F:\\DevEcoStudioProjects\\DuoLa\\entry\\build\\default\\intermediates\\process_profile\\default\\module.json":{"hashValue":"442b753bae50618f832d800d349af13c","name":"module.json","path":"F:\\DevEcoStudioProjects\\DuoLa\\entry\\build\\default\\intermediates\\process_profile\\default\\module.json","type":"file","isSymbolicLink":false,"fileMetaData":{"size":1486,"lastModifiedTime":1751571910232}},"F:\\DevEcoStudioProjects\\DuoLa\\entry\\build\\default\\intermediates\\router_map\\default\\temp-router-map.json":{"hashValue":"dc8ce6d21147139189aeaf48ea3649fd","name":"temp-router-map.json","path":"F:\\DevEcoStudioProjects\\DuoLa\\entry\\build\\default\\intermediates\\router_map\\default\\temp-router-map.json","type":"file","isSymbolicLink":false,"fileMetaData":{"size":16,"lastModifiedTime":1751571910244}},"F:\\DevEcoStudioProjects\\DuoLa\\entry\\build\\default\\intermediates\\router_map\\default\\loader-router-map.json":{"hashValue":"af13cd9c33311f481107fbb7031bf90e","name":"loader-router-map.json","path":"F:\\DevEcoStudioProjects\\DuoLa\\entry\\build\\default\\intermediates\\router_map\\default\\loader-router-map.json","type":"file","isSymbolicLink":false,"fileMetaData":{"size":16,"lastModifiedTime":1751571910245}},"F:\\DevEcoStudioProjects\\DuoLa\\entry\\build\\default\\intermediates\\res\\default\\resConfig.json":{"hashValue":"95f17f8971a54abed09f7415f20cbe5f","name":"resConfig.json","path":"F:\\DevEcoStudioProjects\\DuoLa\\entry\\build\\default\\intermediates\\res\\default\\resConfig.json","type":"file","isSymbolicLink":false,"fileMetaData":{"size":1058,"lastModifiedTime":1751571910274}},"F:\\DevEcoStudioProjects\\DuoLa\\entry\\build\\default\\intermediates\\res\\default\\opt-compression.json":{"hashValue":"14768f375ee6e06837b3fdeebf6da34b","name":"opt-compression.json","path":"F:\\DevEcoStudioProjects\\DuoLa\\entry\\build\\default\\intermediates\\res\\default\\opt-compression.json","type":"file","isSymbolicLink":false,"fileMetaData":{"size":211,"lastModifiedTime":1751571910273}},"F:\\DevEcoStudioProjects\\DuoLa\\entry\\build\\default\\intermediates\\loader\\default\\loader.json":{"hashValue":"d4d52820144508afe26324283caa2e46","name":"loader.json","path":"F:\\DevEcoStudioProjects\\DuoLa\\entry\\build\\default\\intermediates\\loader\\default\\loader.json","type":"file","isSymbolicLink":false,"fileMetaData":{"size":911,"lastModifiedTime":1751571928315}},"F:\\DevEcoStudioProjects\\DuoLa\\entry\\build\\default\\intermediates\\libs\\default":{"hashValue":"","name":"default","path":"F:\\DevEcoStudioProjects\\DuoLa\\entry\\build\\default\\intermediates\\libs\\default","type":"directory","isSymbolicLink":false,"children":[]},"F:\\DevEcoStudioProjects\\DuoLa\\entry\\src\\main\\resources":{"hashValue":"91c4ebbc3740c3615418cb4ed268bb6e","name":"resources","path":"F:\\DevEcoStudioProjects\\DuoLa\\entry\\src\\main\\resources","type":"directory","isSymbolicLink":false,"children":[{"hashValue":"30178627d1601965daa13f92aefbbfb8","name":"base","path":"F:\\DevEcoStudioProjects\\DuoLa\\entry\\src\\main\\resources\\base","type":"directory","isSymbolicLink":false,"children":[{"hashValue":"2450c93ea385434666a40d05bf1577aa","name":"element","path":"F:\\DevEcoStudioProjects\\DuoLa\\entry\\src\\main\\resources\\base\\element","type":"directory","isSymbolicLink":false,"children":[{"hashValue":"d4968ef3e5245c8ed824d5d0086b371a","name":"color.json","path":"F:\\DevEcoStudioProjects\\DuoLa\\entry\\src\\main\\resources\\base\\element\\color.json","type":"file","isSymbolicLink":false,"fileMetaData":{"size":757,"lastModifiedTime":1751538660702}},{"hashValue":"5e32a99b8e80b8fff2c0c9b5c4ef148a","name":"float.json","path":"F:\\DevEcoStudioProjects\\DuoLa\\entry\\src\\main\\resources\\base\\element\\float.json","type":"file","isSymbolicLink":false,"fileMetaData":{"size":100,"lastModifiedTime":1751385951855}},{"hashValue":"0ac4aeecbe8236fa1deac02b957177e7","name":"string.json","path":"F:\\DevEcoStudioProjects\\DuoLa\\entry\\src\\main\\resources\\base\\element\\string.json","type":"file","isSymbolicLink":false,"fileMetaData":{"size":286,"lastModifiedTime":1751530106690}}]},{"hashValue":"d8b88e82e3a3b93b0afa6c524d020603","name":"media","path":"F:\\DevEcoStudioProjects\\DuoLa\\entry\\src\\main\\resources\\base\\media","type":"directory","isSymbolicLink":false,"children":[{"hashValue":"99f3cb66be288a380f71d07907c5552f","name":"app_icon.png","path":"F:\\DevEcoStudioProjects\\DuoLa\\entry\\src\\main\\resources\\base\\media\\app_icon.png","type":"file","isSymbolicLink":false,"fileMetaData":{"size":80412,"lastModifiedTime":1751530433062}},{"hashValue":"0997921c188d1d96ae9de310b4231168","name":"background.png","path":"F:\\DevEcoStudioProjects\\DuoLa\\entry\\src\\main\\resources\\base\\media\\background.png","type":"file","isSymbolicLink":false,"fileMetaData":{"size":91942,"lastModifiedTime":1751385951863}},{"hashValue":"76da9f57d3455da81d65eb1353c33a21","name":"foreground.png","path":"F:\\DevEcoStudioProjects\\DuoLa\\entry\\src\\main\\resources\\base\\media\\foreground.png","type":"file","isSymbolicLink":false,"fileMetaData":{"size":8805,"lastModifiedTime":1751385951869}},{"hashValue":"553e14a12165ff6c478a047967eddbab","name":"ic_delete.png","path":"F:\\DevEcoStudioProjects\\DuoLa\\entry\\src\\main\\resources\\base\\media\\ic_delete.png","type":"file","isSymbolicLink":false,"fileMetaData":{"size":128461,"lastModifiedTime":1751467694801}},{"hashValue":"4d35af2883c7a5131001bb273024c902","name":"layered_image.json","path":"F:\\DevEcoStudioProjects\\DuoLa\\entry\\src\\main\\resources\\base\\media\\layered_image.json","type":"file","isSymbolicLink":false,"fileMetaData":{"size":109,"lastModifiedTime":1751385951874}},{"hashValue":"8db8c86e499bf45f6ffe87fa4b26d240","name":"media.json","path":"F:\\DevEcoStudioProjects\\DuoLa\\entry\\src\\main\\resources\\base\\media\\media.json","type":"file","isSymbolicLink":false,"fileMetaData":{"size":91,"lastModifiedTime":1751467940038}},{"hashValue":"c070adb626af96d021ed2dc8c8ddbecc","name":"startIcon.png","path":"F:\\DevEcoStudioProjects\\DuoLa\\entry\\src\\main\\resources\\base\\media\\startIcon.png","type":"file","isSymbolicLink":false,"fileMetaData":{"size":20093,"lastModifiedTime":1751385951883}}]},{"hashValue":"68f536f02609d18609a1e72b07d02759","name":"profile","path":"F:\\DevEcoStudioProjects\\DuoLa\\entry\\src\\main\\resources\\base\\profile","type":"directory","isSymbolicLink":false,"children":[{"hashValue":"c548ca99b54767ed178c0a8736dda18e","name":"backup_config.json","path":"F:\\DevEcoStudioProjects\\DuoLa\\entry\\src\\main\\resources\\base\\profile\\backup_config.json","type":"file","isSymbolicLink":false,"fileMetaData":{"size":36,"lastModifiedTime":1751385951948}},{"hashValue":"85d33534c6a1909ded1988ffad416100","name":"main_pages.json","path":"F:\\DevEcoStudioProjects\\DuoLa\\entry\\src\\main\\resources\\base\\profile\\main_pages.json","type":"file","isSymbolicLink":false,"fileMetaData":{"size":540,"lastModifiedTime":1751561623689}}]}]},{"hashValue":"94e52f3aba6562fe50199a8f463c3638","name":"dark","path":"F:\\DevEcoStudioProjects\\DuoLa\\entry\\src\\main\\resources\\dark","type":"directory","isSymbolicLink":false,"children":[{"hashValue":"15f1fd6523f2edfeaefb59a0f8fd6896","name":"element","path":"F:\\DevEcoStudioProjects\\DuoLa\\entry\\src\\main\\resources\\dark\\element","type":"directory","isSymbolicLink":false,"children":[{"hashValue":"dc47687a26f24d5cf3b120c229e32bba","name":"color.json","path":"F:\\DevEcoStudioProjects\\DuoLa\\entry\\src\\main\\resources\\dark\\element\\color.json","type":"file","isSymbolicLink":false,"fileMetaData":{"size":105,"lastModifiedTime":1751385951927}}]}]},{"hashValue":"","name":"rawfile","path":"F:\\DevEcoStudioProjects\\DuoLa\\entry\\src\\main\\resources\\rawfile","type":"directory","isSymbolicLink":false,"children":[]}]},"F:\\DevEcoStudioProjects\\DuoLa\\AppScope\\resources":{"hashValue":"92984836085e3567f9cac2d44cf1b7ba","name":"resources","path":"F:\\DevEcoStudioProjects\\DuoLa\\AppScope\\resources","type":"directory","isSymbolicLink":false,"children":[{"hashValue":"b9bb3132d2287732d830bfcf331ac7d2","name":"base","path":"F:\\DevEcoStudioProjects\\DuoLa\\AppScope\\resources\\base","type":"directory","isSymbolicLink":false,"children":[{"hashValue":"cfc1194468839ffbaa72d29ae0e67265","name":"element","path":"F:\\DevEcoStudioProjects\\DuoLa\\AppScope\\resources\\base\\element","type":"directory","isSymbolicLink":false,"children":[{"hashValue":"cb7d95f4bcc400cdf8d81004fa2c4eb6","name":"string.json","path":"F:\\DevEcoStudioProjects\\DuoLa\\AppScope\\resources\\base\\element\\string.json","type":"file","isSymbolicLink":false,"fileMetaData":{"size":91,"lastModifiedTime":1751385951582}}]},{"hashValue":"e7173e5bd4cf6770e71cd6ae56a7e9a5","name":"media","path":"F:\\DevEcoStudioProjects\\DuoLa\\AppScope\\resources\\base\\media","type":"directory","isSymbolicLink":false,"children":[{"hashValue":"9750369ac03bf8b16a6b4e15a9513db0","name":"app_background.png","path":"F:\\DevEcoStudioProjects\\DuoLa\\AppScope\\resources\\base\\media\\app_background.png","type":"file","isSymbolicLink":false,"fileMetaData":{"size":91942,"lastModifiedTime":1751385951560}},{"hashValue":"c353781fb7d9a70369797c958ab22397","name":"app_foreground.png","path":"F:\\DevEcoStudioProjects\\DuoLa\\AppScope\\resources\\base\\media\\app_foreground.png","type":"file","isSymbolicLink":false,"fileMetaData":{"size":15325,"lastModifiedTime":1751385951567}},{"hashValue":"c8f48f69ed36ae63fa54a9dcca4513b6","name":"app_layered_image.json","path":"F:\\DevEcoStudioProjects\\DuoLa\\AppScope\\resources\\base\\media\\app_layered_image.json","type":"file","isSymbolicLink":false,"fileMetaData":{"size":117,"lastModifiedTime":1751385951572}}]}]}]},"F:\\DevEcoStudioProjects\\DuoLa\\entry\\build\\default\\intermediates\\res\\default":{"hashValue":"259c28b73c1fb15a9bad2c32b4c2e651","name":"default","path":"F:\\DevEcoStudioProjects\\DuoLa\\entry\\build\\default\\intermediates\\res\\default","type":"directory","isSymbolicLink":false,"children":[{"hashValue":"17459c1cbaf2c8c6c122e16f884a566a","name":".caches","path":"F:\\DevEcoStudioProjects\\DuoLa\\entry\\build\\default\\intermediates\\res\\default\\.caches","type":"directory","isSymbolicLink":false,"children":[{"hashValue":"0c5246de5d7e2cd93718adb40bf8997b","name":"base","path":"F:\\DevEcoStudioProjects\\DuoLa\\entry\\build\\default\\intermediates\\res\\default\\.caches\\base","type":"directory","isSymbolicLink":false,"children":[{"hashValue":"0239d9d2a47b10a51bc7446ab05b562f","name":"media","path":"F:\\DevEcoStudioProjects\\DuoLa\\entry\\build\\default\\intermediates\\res\\default\\.caches\\base\\media","type":"directory","isSymbolicLink":false,"children":[{"hashValue":"b128cc16bf3a714e9fdc520192edced5","name":"app_background.png","path":"F:\\DevEcoStudioProjects\\DuoLa\\entry\\build\\default\\intermediates\\res\\default\\.caches\\base\\media\\app_background.png","type":"file","isSymbolicLink":false,"fileMetaData":{"size":70283,"lastModifiedTime":1751571910474}},{"hashValue":"ad76a97a9dbec4efe4f5a7eda1a28ff3","name":"app_foreground.png","path":"F:\\DevEcoStudioProjects\\DuoLa\\entry\\build\\default\\intermediates\\res\\default\\.caches\\base\\media\\app_foreground.png","type":"file","isSymbolicLink":false,"fileMetaData":{"size":13086,"lastModifiedTime":1751571910509}},{"hashValue":"4bf5ec15dc9ec9afd9bcb207975f87d5","name":"app_icon.png","path":"F:\\DevEcoStudioProjects\\DuoLa\\entry\\build\\default\\intermediates\\res\\default\\.caches\\base\\media\\app_icon.png","type":"file","isSymbolicLink":false,"fileMetaData":{"size":184673,"lastModifiedTime":1751571910546}}]}]}]},{"hashValue":"398a06e7a4bfe31aee95e3d8a693d2b4","name":"ark_module.json","path":"F:\\DevEcoStudioProjects\\DuoLa\\entry\\build\\default\\intermediates\\res\\default\\ark_module.json","type":"file","isSymbolicLink":false,"fileMetaData":{"size":1188,"lastModifiedTime":1751571910231}},{"hashValue":"4d65e629359f1dedbec1bb1e13ac94ad","name":"ids_map","path":"F:\\DevEcoStudioProjects\\DuoLa\\entry\\build\\default\\intermediates\\res\\default\\ids_map","type":"directory","isSymbolicLink":false,"children":[{"hashValue":"5169a9ffc3ec9a9cfe7c656b33cda365","name":"id_defined.json","path":"F:\\DevEcoStudioProjects\\DuoLa\\entry\\build\\default\\intermediates\\res\\default\\ids_map\\id_defined.json","type":"file","isSymbolicLink":false,"fileMetaData":{"size":2192,"lastModifiedTime":1751571910548}}]},{"hashValue":"17082f880e2809611b47cbfecaeee3dd","name":"module.json","path":"F:\\DevEcoStudioProjects\\DuoLa\\entry\\build\\default\\intermediates\\res\\default\\module.json","type":"file","isSymbolicLink":false,"fileMetaData":{"size":1647,"lastModifiedTime":1751571910434}},{"hashValue":"14768f375ee6e06837b3fdeebf6da34b","name":"opt-compression.json","path":"F:\\DevEcoStudioProjects\\DuoLa\\entry\\build\\default\\intermediates\\res\\default\\opt-compression.json","type":"file","isSymbolicLink":false,"fileMetaData":{"size":211,"lastModifiedTime":1751571910273}},{"hashValue":"95f17f8971a54abed09f7415f20cbe5f","name":"resConfig.json","path":"F:\\DevEcoStudioProjects\\DuoLa\\entry\\build\\default\\intermediates\\res\\default\\resConfig.json","type":"file","isSymbolicLink":false,"fileMetaData":{"size":1058,"lastModifiedTime":1751571910274}},{"hashValue":"21f6c1eb32dab1bd76319a8ccbf6e5c1","name":"resources","path":"F:\\DevEcoStudioProjects\\DuoLa\\entry\\build\\default\\intermediates\\res\\default\\resources","type":"directory","isSymbolicLink":false,"children":[{"hashValue":"44fce93f9676ea00e859e6c440cbe65e","name":"base","path":"F:\\DevEcoStudioProjects\\DuoLa\\entry\\build\\default\\intermediates\\res\\default\\resources\\base","type":"directory","isSymbolicLink":false,"children":[{"hashValue":"6622da3fb7f029145c9024b4eb1919a3","name":"media","path":"F:\\DevEcoStudioProjects\\DuoLa\\entry\\build\\default\\intermediates\\res\\default\\resources\\base\\media","type":"directory","isSymbolicLink":false,"children":[{"hashValue":"b128cc16bf3a714e9fdc520192edced5","name":"app_background.png","path":"F:\\DevEcoStudioProjects\\DuoLa\\entry\\build\\default\\intermediates\\res\\default\\resources\\base\\media\\app_background.png","type":"file","isSymbolicLink":false,"fileMetaData":{"size":70283,"lastModifiedTime":1751571910474}},{"hashValue":"ad76a97a9dbec4efe4f5a7eda1a28ff3","name":"app_foreground.png","path":"F:\\DevEcoStudioProjects\\DuoLa\\entry\\build\\default\\intermediates\\res\\default\\resources\\base\\media\\app_foreground.png","type":"file","isSymbolicLink":false,"fileMetaData":{"size":13086,"lastModifiedTime":1751571910509}},{"hashValue":"4bf5ec15dc9ec9afd9bcb207975f87d5","name":"app_icon.png","path":"F:\\DevEcoStudioProjects\\DuoLa\\entry\\build\\default\\intermediates\\res\\default\\resources\\base\\media\\app_icon.png","type":"file","isSymbolicLink":false,"fileMetaData":{"size":184673,"lastModifiedTime":1751571910546}},{"hashValue":"9cdc76c667093968d752b516c1123f37","name":"app_layered_image.json","path":"F:\\DevEcoStudioProjects\\DuoLa\\entry\\build\\default\\intermediates\\res\\default\\resources\\base\\media\\app_layered_image.json","type":"file","isSymbolicLink":false,"fileMetaData":{"size":95,"lastModifiedTime":1751571910432}},{"hashValue":"0997921c188d1d96ae9de310b4231168","name":"background.png","path":"F:\\DevEcoStudioProjects\\DuoLa\\entry\\build\\default\\intermediates\\res\\default\\resources\\base\\media\\background.png","type":"file","isSymbolicLink":false,"fileMetaData":{"size":91942,"lastModifiedTime":1751385951863}},{"hashValue":"76da9f57d3455da81d65eb1353c33a21","name":"foreground.png","path":"F:\\DevEcoStudioProjects\\DuoLa\\entry\\build\\default\\intermediates\\res\\default\\resources\\base\\media\\foreground.png","type":"file","isSymbolicLink":false,"fileMetaData":{"size":8805,"lastModifiedTime":1751385951869}},{"hashValue":"553e14a12165ff6c478a047967eddbab","name":"ic_delete.png","path":"F:\\DevEcoStudioProjects\\DuoLa\\entry\\build\\default\\intermediates\\res\\default\\resources\\base\\media\\ic_delete.png","type":"file","isSymbolicLink":false,"fileMetaData":{"size":128461,"lastModifiedTime":1751467694801}},{"hashValue":"57e5f53798e560b6e63bc6d780b849d9","name":"layered_image.json","path":"F:\\DevEcoStudioProjects\\DuoLa\\entry\\build\\default\\intermediates\\res\\default\\resources\\base\\media\\layered_image.json","type":"file","isSymbolicLink":false,"fileMetaData":{"size":95,"lastModifiedTime":1751571910432}},{"hashValue":"b8efed35df62134f9d1b1b89fd7bbdbe","name":"media.json","path":"F:\\DevEcoStudioProjects\\DuoLa\\entry\\build\\default\\intermediates\\res\\default\\resources\\base\\media\\media.json","type":"file","isSymbolicLink":false,"fileMetaData":{"size":73,"lastModifiedTime":1751571910432}},{"hashValue":"c070adb626af96d021ed2dc8c8ddbecc","name":"startIcon.png","path":"F:\\DevEcoStudioProjects\\DuoLa\\entry\\build\\default\\intermediates\\res\\default\\resources\\base\\media\\startIcon.png","type":"file","isSymbolicLink":false,"fileMetaData":{"size":20093,"lastModifiedTime":1751385951883}}]},{"hashValue":"68f536f02609d18609a1e72b07d02759","name":"profile","path":"F:\\DevEcoStudioProjects\\DuoLa\\entry\\build\\default\\intermediates\\res\\default\\resources\\base\\profile","type":"directory","isSymbolicLink":false,"children":[{"hashValue":"c548ca99b54767ed178c0a8736dda18e","name":"backup_config.json","path":"F:\\DevEcoStudioProjects\\DuoLa\\entry\\build\\default\\intermediates\\res\\default\\resources\\base\\profile\\backup_config.json","type":"file","isSymbolicLink":false,"fileMetaData":{"size":36,"lastModifiedTime":1751385951948}},{"hashValue":"85d33534c6a1909ded1988ffad416100","name":"main_pages.json","path":"F:\\DevEcoStudioProjects\\DuoLa\\entry\\build\\default\\intermediates\\res\\default\\resources\\base\\profile\\main_pages.json","type":"file","isSymbolicLink":false,"fileMetaData":{"size":540,"lastModifiedTime":1751561623689}}]}]},{"hashValue":"","name":"rawfile","path":"F:\\DevEcoStudioProjects\\DuoLa\\entry\\build\\default\\intermediates\\res\\default\\resources\\rawfile","type":"directory","isSymbolicLink":false,"children":[]}]},{"hashValue":"58ec330a86d135200813ff1c0d8e2e3b","name":"resources.index","path":"F:\\DevEcoStudioProjects\\DuoLa\\entry\\build\\default\\intermediates\\res\\default\\resources.index","type":"file","isSymbolicLink":false,"fileMetaData":{"size":1947,"lastModifiedTime":1751571910548}},{"hashValue":"46d5a56458def855e728c637a3288b6d","name":"ResourceTable.txt","path":"F:\\DevEcoStudioProjects\\DuoLa\\entry\\build\\default\\intermediates\\res\\default\\ResourceTable.txt","type":"file","isSymbolicLink":false,"fileMetaData":{"size":888,"lastModifiedTime":1751571910433}}]},"F:\\DevEcoStudioProjects\\DuoLa\\entry\\build\\default\\generated\\r\\default\\ResourceTable.h":{"hashValue":"bb57eb6969495234b2138061e022d2bc","name":"ResourceTable.h","path":"F:\\DevEcoStudioProjects\\DuoLa\\entry\\build\\default\\generated\\r\\default\\ResourceTable.h","type":"file","isSymbolicLink":false,"fileMetaData":{"size":2070,"lastModifiedTime":1751571910433}},"F:\\DevEcoStudioProjects\\DuoLa\\entry\\build\\default\\generated\\r\\default":{"hashValue":"de42c1914d4a87a42699e57b57e373dd","name":"default","path":"F:\\DevEcoStudioProjects\\DuoLa\\entry\\build\\default\\generated\\r\\default","type":"directory","isSymbolicLink":false,"children":[{"hashValue":"bb57eb6969495234b2138061e022d2bc","name":"ResourceTable.h","path":"F:\\DevEcoStudioProjects\\DuoLa\\entry\\build\\default\\generated\\r\\default\\ResourceTable.h","type":"file","isSymbolicLink":false,"fileMetaData":{"size":2070,"lastModifiedTime":1751571910433}}]},"F:\\DevEcoStudioProjects\\DuoLa\\entry\\build\\default\\intermediates\\stripped_native_libs\\default":{"hashValue":"","name":"default","path":"F:\\DevEcoStudioProjects\\DuoLa\\entry\\build\\default\\intermediates\\stripped_native_libs\\default","type":"directory","isSymbolicLink":false,"children":[]},"F:\\DevEcoStudioProjects\\DuoLa\\entry\\build\\default\\intermediates\\loader\\default":{"hashValue":"02cd2760d0823701a3ee06bd1d741173","name":"default","path":"F:\\DevEcoStudioProjects\\DuoLa\\entry\\build\\default\\intermediates\\loader\\default","type":"directory","isSymbolicLink":false,"children":[{"hashValue":"d4d52820144508afe26324283caa2e46","name":"loader.json","path":"F:\\DevEcoStudioProjects\\DuoLa\\entry\\build\\default\\intermediates\\loader\\default\\loader.json","type":"file","isSymbolicLink":false,"fileMetaData":{"size":911,"lastModifiedTime":1751571928315}},{"hashValue":"ca555852dda1cd90fcb368cbe751ee92","name":"pkgContextInfo.json","path":"F:\\DevEcoStudioProjects\\DuoLa\\entry\\build\\default\\intermediates\\loader\\default\\pkgContextInfo.json","type":"file","isSymbolicLink":false,"fileMetaData":{"size":444,"lastModifiedTime":1751571910074}}]},"F:\\DevEcoStudioProjects\\DuoLa\\entry\\build\\default\\intermediates\\res\\default\\resources\\rawfile":{"hashValue":"","name":"rawfile","path":"F:\\DevEcoStudioProjects\\DuoLa\\entry\\build\\default\\intermediates\\res\\default\\resources\\rawfile","type":"directory","isSymbolicLink":false,"children":[]},"F:\\DevEcoStudioProjects\\DuoLa\\entry\\build\\default\\intermediates\\res\\default\\ResourceTable.txt":{"hashValue":"46d5a56458def855e728c637a3288b6d","name":"ResourceTable.txt","path":"F:\\DevEcoStudioProjects\\DuoLa\\entry\\build\\default\\intermediates\\res\\default\\ResourceTable.txt","type":"file","isSymbolicLink":false,"fileMetaData":{"size":888,"lastModifiedTime":1751571910433}},"F:\\DevEcoStudioProjects\\DuoLa\\entry\\build\\default\\intermediates\\res\\default\\ark_module.json":{"hashValue":"398a06e7a4bfe31aee95e3d8a693d2b4","name":"ark_module.json","path":"F:\\DevEcoStudioProjects\\DuoLa\\entry\\build\\default\\intermediates\\res\\default\\ark_module.json","type":"file","isSymbolicLink":false,"fileMetaData":{"size":1188,"lastModifiedTime":1751571910231}},"F:\\DevEcoStudioProjects\\DuoLa\\entry\\build\\default\\intermediates\\res\\default\\resources\\base\\profile":{"hashValue":"68f536f02609d18609a1e72b07d02759","name":"profile","path":"F:\\DevEcoStudioProjects\\DuoLa\\entry\\build\\default\\intermediates\\res\\default\\resources\\base\\profile","type":"directory","isSymbolicLink":false,"children":[{"hashValue":"c548ca99b54767ed178c0a8736dda18e","name":"backup_config.json","path":"F:\\DevEcoStudioProjects\\DuoLa\\entry\\build\\default\\intermediates\\res\\default\\resources\\base\\profile\\backup_config.json","type":"file","isSymbolicLink":false,"fileMetaData":{"size":36,"lastModifiedTime":1751385951948}},{"hashValue":"85d33534c6a1909ded1988ffad416100","name":"main_pages.json","path":"F:\\DevEcoStudioProjects\\DuoLa\\entry\\build\\default\\intermediates\\res\\default\\resources\\base\\profile\\main_pages.json","type":"file","isSymbolicLink":false,"fileMetaData":{"size":540,"lastModifiedTime":1751561623689}}]},"F:\\DevEcoStudioProjects\\DuoLa\\entry\\src\\main\\ets":{"hashValue":"8ff50c7251cc4aa6b9c5a52f35a3b169","name":"ets","path":"F:\\DevEcoStudioProjects\\DuoLa\\entry\\src\\main\\ets","type":"directory","isSymbolicLink":false,"children":[{"hashValue":"0fc5ab84c7e80524bc2ea707617a04a1","name":"database","path":"F:\\DevEcoStudioProjects\\DuoLa\\entry\\src\\main\\ets\\database","type":"directory","isSymbolicLink":false,"children":[{"hashValue":"76f72a236f6b2d7aa75c84378197505f","name":"DatabaseManager.ets","path":"F:\\DevEcoStudioProjects\\DuoLa\\entry\\src\\main\\ets\\database\\DatabaseManager.ets","type":"file","isSymbolicLink":false,"fileMetaData":{"size":46258,"lastModifiedTime":1751567748471}}]},{"hashValue":"8996f6cad1eeba26ae3c9bdf680dd5df","name":"entryability","path":"F:\\DevEcoStudioProjects\\DuoLa\\entry\\src\\main\\ets\\entryability","type":"directory","isSymbolicLink":false,"children":[{"hashValue":"316892380a5ffc4ce994566f04184dcc","name":"EntryAbility.ets","path":"F:\\DevEcoStudioProjects\\DuoLa\\entry\\src\\main\\ets\\entryability\\EntryAbility.ets","type":"file","isSymbolicLink":false,"fileMetaData":{"size":1623,"lastModifiedTime":1751472405163}}]},{"hashValue":"7d21ac74aaa2b4834ef244f107d090e7","name":"entrybackupability","path":"F:\\DevEcoStudioProjects\\DuoLa\\entry\\src\\main\\ets\\entrybackupability","type":"directory","isSymbolicLink":false,"children":[{"hashValue":"5a4ed68686edd21744d0bc24e95f8083","name":"EntryBackupAbility.ets","path":"F:\\DevEcoStudioProjects\\DuoLa\\entry\\src\\main\\ets\\entrybackupability\\EntryBackupAbility.ets","type":"file","isSymbolicLink":false,"fileMetaData":{"size":522,"lastModifiedTime":1751385962546}}]},{"hashValue":"8aeb70abdcd28a3457654170f6820676","name":"HealthDatabase","path":"F:\\DevEcoStudioProjects\\DuoLa\\entry\\src\\main\\ets\\HealthDatabase","type":"directory","isSymbolicLink":false,"children":[{"hashValue":"20978ff06899e4b196e181103b64f193","name":"HealthDatabase.ets","path":"F:\\DevEcoStudioProjects\\DuoLa\\entry\\src\\main\\ets\\HealthDatabase\\HealthDatabase.ets","type":"file","isSymbolicLink":false,"fileMetaData":{"size":4389,"lastModifiedTime":1751455784000}}]},{"hashValue":"900aab0ec080b976398379a588536c97","name":"pages","path":"F:\\DevEcoStudioProjects\\DuoLa\\entry\\src\\main\\ets\\pages","type":"directory","isSymbolicLink":false,"children":[{"hashValue":"8051c2434ccd2e4bdc9faf68fdc235c9","name":"CalendarComponent.ets","path":"F:\\DevEcoStudioProjects\\DuoLa\\entry\\src\\main\\ets\\pages\\CalendarComponent.ets","type":"file","isSymbolicLink":false,"fileMetaData":{"size":8538,"lastModifiedTime":1751539131436}},{"hashValue":"6a98cadb997674007969d2706a505988","name":"CalendarPage.ets","path":"F:\\DevEcoStudioProjects\\DuoLa\\entry\\src\\main\\ets\\pages\\CalendarPage.ets","type":"file","isSymbolicLink":false,"fileMetaData":{"size":546,"lastModifiedTime":1751535168346}},{"hashValue":"678a37c0081a5a0393a3e171a9569779","name":"health","path":"F:\\DevEcoStudioProjects\\DuoLa\\entry\\src\\main\\ets\\pages\\health","type":"directory","isSymbolicLink":false,"children":[{"hashValue":"7d9f173c4a360dbf8c87c1768141c978","name":"fitness","path":"F:\\DevEcoStudioProjects\\DuoLa\\entry\\src\\main\\ets\\pages\\health\\fitness","type":"directory","isSymbolicLink":false,"children":[{"hashValue":"417f3ba01635968d8379cce1379a9e17","name":"FitnessAddEdit.ets","path":"F:\\DevEcoStudioProjects\\DuoLa\\entry\\src\\main\\ets\\pages\\health\\fitness\\FitnessAddEdit.ets","type":"file","isSymbolicLink":false,"fileMetaData":{"size":899,"lastModifiedTime":1751562072280}},{"hashValue":"ee49b0e8a5b1ed8d6a8828bce39a236d","name":"FitnessIndex.ets","path":"F:\\DevEcoStudioProjects\\DuoLa\\entry\\src\\main\\ets\\pages\\health\\fitness\\FitnessIndex.ets","type":"file","isSymbolicLink":false,"fileMetaData":{"size":5600,"lastModifiedTime":1751561705916}},{"hashValue":"2e7e6355b17241ab6d9081d4c0cfa1e4","name":"FitnessRecord.ets","path":"F:\\DevEcoStudioProjects\\DuoLa\\entry\\src\\main\\ets\\pages\\health\\fitness\\FitnessRecord.ets","type":"file","isSymbolicLink":false,"fileMetaData":{"size":221,"lastModifiedTime":1751561740855}}]},{"hashValue":"4ff848824238be492e7447281c593c97","name":"mood","path":"F:\\DevEcoStudioProjects\\DuoLa\\entry\\src\\main\\ets\\pages\\health\\mood","type":"directory","isSymbolicLink":false,"children":[{"hashValue":"6f013391bca9eaee419a42d61ec07fb3","name":"MoodIndex.ets","path":"F:\\DevEcoStudioProjects\\DuoLa\\entry\\src\\main\\ets\\pages\\health\\mood\\MoodIndex.ets","type":"file","isSymbolicLink":false,"fileMetaData":{"size":882,"lastModifiedTime":1751562123281}}]},{"hashValue":"528cbe6ed0a1fe943fc7d48c2aa81e04","name":"sleep","path":"F:\\DevEcoStudioProjects\\DuoLa\\entry\\src\\main\\ets\\pages\\health\\sleep","type":"directory","isSymbolicLink":false,"children":[{"hashValue":"45a30f79585636cdc148067a0f24bee4","name":"SleepIndex.ets","path":"F:\\DevEcoStudioProjects\\DuoLa\\entry\\src\\main\\ets\\pages\\health\\sleep\\SleepIndex.ets","type":"file","isSymbolicLink":false,"fileMetaData":{"size":883,"lastModifiedTime":1751562103280}}]}]},{"hashValue":"9c82570fb8b4d6890de928d857be9009","name":"HealthModule.ets","path":"F:\\DevEcoStudioProjects\\DuoLa\\entry\\src\\main\\ets\\pages\\HealthModule.ets","type":"file","isSymbolicLink":false,"fileMetaData":{"size":46934,"lastModifiedTime":1751569597990}},{"hashValue":"9b42856de43a42e408711764980987ad","name":"Index.ets","path":"F:\\DevEcoStudioProjects\\DuoLa\\entry\\src\\main\\ets\\pages\\Index.ets","type":"file","isSymbolicLink":false,"fileMetaData":{"size":9390,"lastModifiedTime":1751562056648}},{"hashValue":"290ce48a86f48ee5688ace17f76361c3","name":"life","path":"F:\\DevEcoStudioProjects\\DuoLa\\entry\\src\\main\\ets\\pages\\life","type":"directory","isSymbolicLink":false,"children":[{"hashValue":"58b9d1521f579b7aab71fd0bbde953f1","name":"AccountBook.ets","path":"F:\\DevEcoStudioProjects\\DuoLa\\entry\\src\\main\\ets\\pages\\life\\AccountBook.ets","type":"file","isSymbolicLink":false,"fileMetaData":{"size":10685,"lastModifiedTime":1751569613985}},{"hashValue":"8f8fac05c035b3e61bdc6ba3c82a1bd0","name":"FamilyContacts.ets","path":"F:\\DevEcoStudioProjects\\DuoLa\\entry\\src\\main\\ets\\pages\\life\\FamilyContacts.ets","type":"file","isSymbolicLink":false,"fileMetaData":{"size":887,"lastModifiedTime":1751562043274}},{"hashValue":"58b622f3486e588ee2506596919590da","name":"ShoppingList.ets","path":"F:\\DevEcoStudioProjects\\DuoLa\\entry\\src\\main\\ets\\pages\\life\\ShoppingList.ets","type":"file","isSymbolicLink":false,"fileMetaData":{"size":885,"lastModifiedTime":1751562022271}}]},{"hashValue":"553dd644166d0f79def3bffa8a10fb2b","name":"LifeModule.ets","path":"F:\\DevEcoStudioProjects\\DuoLa\\entry\\src\\main\\ets\\pages\\LifeModule.ets","type":"file","isSymbolicLink":false,"fileMetaData":{"size":40667,"lastModifiedTime":1751569907049}},{"hashValue":"2f36859332b3b5c60e514b7dcf4bb121","name":"MainPage.ets","path":"F:\\DevEcoStudioProjects\\DuoLa\\entry\\src\\main\\ets\\pages\\MainPage.ets","type":"file","isSymbolicLink":false,"fileMetaData":{"size":69565,"lastModifiedTime":1751571902550}},{"hashValue":"33cbcf795eb1fbd99ac1cea70793a2d4","name":"NotificationService.ets","path":"F:\\DevEcoStudioProjects\\DuoLa\\entry\\src\\main\\ets\\pages\\NotificationService.ets","type":"file","isSymbolicLink":false,"fileMetaData":{"size":1901,"lastModifiedTime":1751529352639}},{"hashValue":"8e6ae5a45f1cbbb1f638d15a91781c2d","name":"ReminderEditPage.ets","path":"F:\\DevEcoStudioProjects\\DuoLa\\entry\\src\\main\\ets\\pages\\ReminderEditPage.ets","type":"file","isSymbolicLink":false,"fileMetaData":{"size":8487,"lastModifiedTime":1751538918529}},{"hashValue":"0305564f83696f5bfcef97aae5418c92","name":"ReminderListPage.ets","path":"F:\\DevEcoStudioProjects\\DuoLa\\entry\\src\\main\\ets\\pages\\ReminderListPage.ets","type":"file","isSymbolicLink":false,"fileMetaData":{"size":1728,"lastModifiedTime":1751539847805}},{"hashValue":"f2d042c84ca9db5d7d0e84635b3e13a9","name":"ReminderModel.ets","path":"F:\\DevEcoStudioProjects\\DuoLa\\entry\\src\\main\\ets\\pages\\ReminderModel.ets","type":"file","isSymbolicLink":false,"fileMetaData":{"size":517,"lastModifiedTime":1751472321374}},{"hashValue":"8f37109b0f00c0fd64b95b2a929cd4e8","name":"ReminderService.ets","path":"F:\\DevEcoStudioProjects\\DuoLa\\entry\\src\\main\\ets\\pages\\ReminderService.ets","type":"file","isSymbolicLink":false,"fileMetaData":{"size":2508,"lastModifiedTime":1751527088440}},{"hashValue":"0c8f3b36aea2277fbf7ecff3b74f6e52","name":"study","path":"F:\\DevEcoStudioProjects\\DuoLa\\entry\\src\\main\\ets\\pages\\study","type":"directory","isSymbolicLink":false,"children":[{"hashValue":"b837c8aaaf3e5ffc495ef25a0d164aa9","name":"LiteratureSearch.ets","path":"F:\\DevEcoStudioProjects\\DuoLa\\entry\\src\\main\\ets\\pages\\study\\LiteratureSearch.ets","type":"file","isSymbolicLink":false,"fileMetaData":{"size":889,"lastModifiedTime":1751561999272}},{"hashValue":"904672931dd9c7572823beb8be4ec5fc","name":"NotesManagement.ets","path":"F:\\DevEcoStudioProjects\\DuoLa\\entry\\src\\main\\ets\\pages\\study\\NotesManagement.ets","type":"file","isSymbolicLink":false,"fileMetaData":{"size":888,"lastModifiedTime":1751561983678}}]},{"hashValue":"1c2850944c25d9bd941c361e38790afc","name":"StudyModule.ets","path":"F:\\DevEcoStudioProjects\\DuoLa\\entry\\src\\main\\ets\\pages\\StudyModule.ets","type":"file","isSymbolicLink":false,"fileMetaData":{"size":35957,"lastModifiedTime":1751569567813}}]},{"hashValue":"540eae357251aae28faa833d03e3a9f4","name":"services","path":"F:\\DevEcoStudioProjects\\DuoLa\\entry\\src\\main\\ets\\services","type":"directory","isSymbolicLink":false,"children":[{"hashValue":"557b6ebfe3878cf368bf369813f6ee4b","name":"AIService.ets","path":"F:\\DevEcoStudioProjects\\DuoLa\\entry\\src\\main\\ets\\services\\AIService.ets","type":"file","isSymbolicLink":false,"fileMetaData":{"size":5645,"lastModifiedTime":1751563490946}}]}]},"F:\\DevEcoStudioProjects\\DuoLa\\entry\\build\\default\\intermediates\\loader_out\\default\\ets":{"hashValue":"d31e464a0cd73a5b5d8fd7c0b515a94c","name":"ets","path":"F:\\DevEcoStudioProjects\\DuoLa\\entry\\build\\default\\intermediates\\loader_out\\default\\ets","type":"directory","isSymbolicLink":false,"children":[{"hashValue":"d22ceaa40bababc069b827264eff67e7","name":"modules.abc","path":"F:\\DevEcoStudioProjects\\DuoLa\\entry\\build\\default\\intermediates\\loader_out\\default\\ets\\modules.abc","type":"file","isSymbolicLink":false,"fileMetaData":{"size":848856,"lastModifiedTime":1751571929020}},{"hashValue":"9c4f20aae2468d9b04ec8ea4bd82272e","name":"sourceMaps.map","path":"F:\\DevEcoStudioProjects\\DuoLa\\entry\\build\\default\\intermediates\\loader_out\\default\\ets\\sourceMaps.map","type":"file","isSymbolicLink":false,"fileMetaData":{"size":299537,"lastModifiedTime":1751571928821}}]},"F:\\DevEcoStudioProjects\\DuoLa\\entry\\build\\default\\intermediates\\patch\\default\\base_native_libs.json":{"hashValue":"57139b43038990ce9cf6ac41e1ccc2c8","name":"base_native_libs.json","path":"F:\\DevEcoStudioProjects\\DuoLa\\entry\\build\\default\\intermediates\\patch\\default\\base_native_libs.json","type":"file","isSymbolicLink":false,"fileMetaData":{"size":25,"lastModifiedTime":1751571911797}},"F:\\DevEcoStudioProjects\\DuoLa\\entry\\build\\default\\intermediates\\res\\default\\module.json":{"hashValue":"17082f880e2809611b47cbfecaeee3dd","name":"module.json","path":"F:\\DevEcoStudioProjects\\DuoLa\\entry\\build\\default\\intermediates\\res\\default\\module.json","type":"file","isSymbolicLink":false,"fileMetaData":{"size":1647,"lastModifiedTime":1751571910434}},"F:\\DevEcoStudioProjects\\DuoLa\\entry\\build\\default\\intermediates\\package\\default\\module.json":{"hashValue":"17082f880e2809611b47cbfecaeee3dd","name":"module.json","path":"F:\\DevEcoStudioProjects\\DuoLa\\entry\\build\\default\\intermediates\\package\\default\\module.json","type":"file","isSymbolicLink":false,"fileMetaData":{"size":1647,"lastModifiedTime":1751571910434}},"F:\\DevEcoStudioProjects\\DuoLa\\entry\\build\\default\\intermediates\\res\\default\\resources":{"hashValue":"21f6c1eb32dab1bd76319a8ccbf6e5c1","name":"resources","path":"F:\\DevEcoStudioProjects\\DuoLa\\entry\\build\\default\\intermediates\\res\\default\\resources","type":"directory","isSymbolicLink":false,"children":[{"hashValue":"44fce93f9676ea00e859e6c440cbe65e","name":"base","path":"F:\\DevEcoStudioProjects\\DuoLa\\entry\\build\\default\\intermediates\\res\\default\\resources\\base","type":"directory","isSymbolicLink":false,"children":[{"hashValue":"6622da3fb7f029145c9024b4eb1919a3","name":"media","path":"F:\\DevEcoStudioProjects\\DuoLa\\entry\\build\\default\\intermediates\\res\\default\\resources\\base\\media","type":"directory","isSymbolicLink":false,"children":[{"hashValue":"b128cc16bf3a714e9fdc520192edced5","name":"app_background.png","path":"F:\\DevEcoStudioProjects\\DuoLa\\entry\\build\\default\\intermediates\\res\\default\\resources\\base\\media\\app_background.png","type":"file","isSymbolicLink":false,"fileMetaData":{"size":70283,"lastModifiedTime":1751571910474}},{"hashValue":"ad76a97a9dbec4efe4f5a7eda1a28ff3","name":"app_foreground.png","path":"F:\\DevEcoStudioProjects\\DuoLa\\entry\\build\\default\\intermediates\\res\\default\\resources\\base\\media\\app_foreground.png","type":"file","isSymbolicLink":false,"fileMetaData":{"size":13086,"lastModifiedTime":1751571910509}},{"hashValue":"4bf5ec15dc9ec9afd9bcb207975f87d5","name":"app_icon.png","path":"F:\\DevEcoStudioProjects\\DuoLa\\entry\\build\\default\\intermediates\\res\\default\\resources\\base\\media\\app_icon.png","type":"file","isSymbolicLink":false,"fileMetaData":{"size":184673,"lastModifiedTime":1751571910546}},{"hashValue":"9cdc76c667093968d752b516c1123f37","name":"app_layered_image.json","path":"F:\\DevEcoStudioProjects\\DuoLa\\entry\\build\\default\\intermediates\\res\\default\\resources\\base\\media\\app_layered_image.json","type":"file","isSymbolicLink":false,"fileMetaData":{"size":95,"lastModifiedTime":1751571910432}},{"hashValue":"0997921c188d1d96ae9de310b4231168","name":"background.png","path":"F:\\DevEcoStudioProjects\\DuoLa\\entry\\build\\default\\intermediates\\res\\default\\resources\\base\\media\\background.png","type":"file","isSymbolicLink":false,"fileMetaData":{"size":91942,"lastModifiedTime":1751385951863}},{"hashValue":"76da9f57d3455da81d65eb1353c33a21","name":"foreground.png","path":"F:\\DevEcoStudioProjects\\DuoLa\\entry\\build\\default\\intermediates\\res\\default\\resources\\base\\media\\foreground.png","type":"file","isSymbolicLink":false,"fileMetaData":{"size":8805,"lastModifiedTime":1751385951869}},{"hashValue":"553e14a12165ff6c478a047967eddbab","name":"ic_delete.png","path":"F:\\DevEcoStudioProjects\\DuoLa\\entry\\build\\default\\intermediates\\res\\default\\resources\\base\\media\\ic_delete.png","type":"file","isSymbolicLink":false,"fileMetaData":{"size":128461,"lastModifiedTime":1751467694801}},{"hashValue":"57e5f53798e560b6e63bc6d780b849d9","name":"layered_image.json","path":"F:\\DevEcoStudioProjects\\DuoLa\\entry\\build\\default\\intermediates\\res\\default\\resources\\base\\media\\layered_image.json","type":"file","isSymbolicLink":false,"fileMetaData":{"size":95,"lastModifiedTime":1751571910432}},{"hashValue":"b8efed35df62134f9d1b1b89fd7bbdbe","name":"media.json","path":"F:\\DevEcoStudioProjects\\DuoLa\\entry\\build\\default\\intermediates\\res\\default\\resources\\base\\media\\media.json","type":"file","isSymbolicLink":false,"fileMetaData":{"size":73,"lastModifiedTime":1751571910432}},{"hashValue":"c070adb626af96d021ed2dc8c8ddbecc","name":"startIcon.png","path":"F:\\DevEcoStudioProjects\\DuoLa\\entry\\build\\default\\intermediates\\res\\default\\resources\\base\\media\\startIcon.png","type":"file","isSymbolicLink":false,"fileMetaData":{"size":20093,"lastModifiedTime":1751385951883}}]},{"hashValue":"68f536f02609d18609a1e72b07d02759","name":"profile","path":"F:\\DevEcoStudioProjects\\DuoLa\\entry\\build\\default\\intermediates\\res\\default\\resources\\base\\profile","type":"directory","isSymbolicLink":false,"children":[{"hashValue":"c548ca99b54767ed178c0a8736dda18e","name":"backup_config.json","path":"F:\\DevEcoStudioProjects\\DuoLa\\entry\\build\\default\\intermediates\\res\\default\\resources\\base\\profile\\backup_config.json","type":"file","isSymbolicLink":false,"fileMetaData":{"size":36,"lastModifiedTime":1751385951948}},{"hashValue":"85d33534c6a1909ded1988ffad416100","name":"main_pages.json","path":"F:\\DevEcoStudioProjects\\DuoLa\\entry\\build\\default\\intermediates\\res\\default\\resources\\base\\profile\\main_pages.json","type":"file","isSymbolicLink":false,"fileMetaData":{"size":540,"lastModifiedTime":1751561623689}}]}]},{"hashValue":"","name":"rawfile","path":"F:\\DevEcoStudioProjects\\DuoLa\\entry\\build\\default\\intermediates\\res\\default\\resources\\rawfile","type":"directory","isSymbolicLink":false,"children":[]}]},"F:\\DevEcoStudioProjects\\DuoLa\\entry\\build\\default\\intermediates\\res\\default\\resources.index":{"hashValue":"58ec330a86d135200813ff1c0d8e2e3b","name":"resources.index","path":"F:\\DevEcoStudioProjects\\DuoLa\\entry\\build\\default\\intermediates\\res\\default\\resources.index","type":"file","isSymbolicLink":false,"fileMetaData":{"size":1947,"lastModifiedTime":1751571910548}},"F:\\DevEcoStudioProjects\\DuoLa\\entry\\build\\default\\intermediates\\loader_out\\default\\ets\\sourceMaps.map":{"hashValue":"9c4f20aae2468d9b04ec8ea4bd82272e","name":"sourceMaps.map","path":"F:\\DevEcoStudioProjects\\DuoLa\\entry\\build\\default\\intermediates\\loader_out\\default\\ets\\sourceMaps.map","type":"file","isSymbolicLink":false,"fileMetaData":{"size":299537,"lastModifiedTime":1751571928821}},"F:\\DevEcoStudioProjects\\DuoLa\\entry\\build\\default\\outputs\\default\\entry-default-unsigned.hap":{"hashValue":"d49c027dba683fbdd836b68ebedf1eb9","name":"entry-default-unsigned.hap","path":"F:\\DevEcoStudioProjects\\DuoLa\\entry\\build\\default\\outputs\\default\\entry-default-unsigned.hap","type":"file","isSymbolicLink":false,"fileMetaData":{"size":1673199,"lastModifiedTime":1751571929551}},"F:\\DevEcoStudioProjects\\DuoLa\\entry\\build\\default\\intermediates\\source_map\\default\\sourceMaps.map":{"hashValue":"9c4f20aae2468d9b04ec8ea4bd82272e","name":"sourceMaps.map","path":"F:\\DevEcoStudioProjects\\DuoLa\\entry\\build\\default\\intermediates\\source_map\\default\\sourceMaps.map","type":"file","isSymbolicLink":false,"fileMetaData":{"size":299537,"lastModifiedTime":1751571928821}},"F:\\DevEcoStudioProjects\\DuoLa\\entry\\build\\default\\outputs\\default\\mapping\\sourceMaps.map":{"hashValue":"9c4f20aae2468d9b04ec8ea4bd82272e","name":"sourceMaps.map","path":"F:\\DevEcoStudioProjects\\DuoLa\\entry\\build\\default\\outputs\\default\\mapping\\sourceMaps.map","type":"file","isSymbolicLink":false,"fileMetaData":{"size":299537,"lastModifiedTime":1751571928821}},"F:\\DevEcoStudioProjects\\DuoLa\\entry\\build\\default\\generated\\profile\\default\\ModuleInfo.ts":{"hashValue":"","name":"emptyroot","path":"","type":"unknown","isSymbolicLink":false,"children":[]},"F:\\DevEcoStudioProjects\\DuoLa\\build\\cache\\default\\integrated_hsp\\integratedHspCache.json":{"hashValue":"","name":"emptyroot","path":"","type":"unknown","isSymbolicLink":false,"children":[]},"F:\\DevEcoStudioProjects\\DuoLa\\entry\\build\\default\\intermediates\\syscap\\default\\rpcid.sc":{"hashValue":"","name":"emptyroot","path":"","type":"unknown","isSymbolicLink":false,"children":[]},"F:\\DevEcoStudioProjects\\DuoLa\\entry\\build\\default\\intermediates\\startup\\default\\startup_config.json":{"hashValue":"","name":"emptyroot","path":"","type":"unknown","isSymbolicLink":false,"children":[]},"F:\\DevEcoStudioProjects\\DuoLa\\entry\\build\\default\\intermediates\\loader_out\\default\\js":{"hashValue":"","name":"emptyroot","path":"","type":"unknown","isSymbolicLink":false,"children":[]},"F:\\DevEcoStudioProjects\\DuoLa\\entry\\build\\default\\outputs\\default\\entry-default-signed.hap":{"hashValue":"","name":"emptyroot","path":"","type":"unknown","isSymbolicLink":false,"children":[]},"F:\\DevEcoStudioProjects\\DuoLa\\entry\\build\\default\\outputs\\default\\symbol":{"hashValue":"","name":"emptyroot","path":"","type":"unknown","isSymbolicLink":false,"children":[]}}