{
  "entry|entry|1.0.0|src/main/ets/entryability/EntryAbility.ts": {
    "version": 3,
    "file": "EntryAbility.ets",
    "sourceRoot": "",
    "sources": [
      "entry/src/main/ets/entryability/EntryAbility.ets"
    ],
    "names": [],
    "mappings": "YAAS,eAAe;OAAE,qBAAqB;OAAE,SAAS;YAAE,IAAI;OACvD,KAAK;YACL,MAAM;AAEf,MAAM,MAAM,GAAG,MAAM,CAAC;AAEtB,MAAM,CAAC,OAAO,OAAO,YAAa,SAAQ,SAAS;IACjD,QAAQ,CAAC,IAAI,EAAE,IAAI,EAAE,WAAW,EAAE,eAAe,CAAC,WAAW,GAAG,IAAI;QAClE,IAAI,CAAC,OAAO,CAAC,qBAAqB,EAAE,CAAC,YAAY,CAAC,qBAAqB,CAAC,SAAS,CAAC,kBAAkB,CAAC,CAAC;QACtG,KAAK,CAAC,IAAI,CAAC,MAAM,EAAE,SAAS,EAAE,YAAY,EAAE,kBAAkB,CAAC,CAAC;IAClE,CAAC;IAED,SAAS,IAAI,IAAI;QACf,KAAK,CAAC,IAAI,CAAC,MAAM,EAAE,SAAS,EAAE,YAAY,EAAE,mBAAmB,CAAC,CAAC;IACnE,CAAC;IAED,mBAAmB,CAAC,WAAW,EAAE,MAAM,CAAC,WAAW,GAAG,IAAI;QACxD,yDAAyD;QACzD,KAAK,CAAC,IAAI,CAAC,MAAM,EAAE,SAAS,EAAE,YAAY,EAAE,6BAA6B,CAAC,CAAC;QAE3E,WAAW,CAAC,WAAW,CAAC,aAAa,EAAE,CAAC,GAAG,EAAE,EAAE;YAC7C,IAAI,GAAG,CAAC,IAAI,EAAE;gBACZ,KAAK,CAAC,KAAK,CAAC,MAAM,EAAE,SAAS,EAAE,+CAA+C,EAAE,IAAI,CAAC,SAAS,CAAC,GAAG,CAAC,CAAC,CAAC;gBACrG,OAAO;aACR;YACD,KAAK,CAAC,IAAI,CAAC,MAAM,EAAE,SAAS,EAAE,mCAAmC,CAAC,CAAC;QACrE,CAAC,CAAC,CAAC;IACL,CAAC;IAED,oBAAoB,IAAI,IAAI;QAC1B,yDAAyD;QACzD,KAAK,CAAC,IAAI,CAAC,MAAM,EAAE,SAAS,EAAE,YAAY,EAAE,8BAA8B,CAAC,CAAC;IAC9E,CAAC;IAED,YAAY,IAAI,IAAI;QAClB,oCAAoC;QACpC,KAAK,CAAC,IAAI,CAAC,MAAM,EAAE,SAAS,EAAE,YAAY,EAAE,sBAAsB,CAAC,CAAC;IACtE,CAAC;IAED,YAAY,IAAI,IAAI;QAClB,iCAAiC;QACjC,KAAK,CAAC,IAAI,CAAC,MAAM,EAAE,SAAS,EAAE,YAAY,EAAE,sBAAsB,CAAC,CAAC;IACtE,CAAC;CACF",
    "entry-package-info": "entry|1.0.0"
  },
  "entry|entry|1.0.0|src/main/ets/entrybackupability/EntryBackupAbility.ts": {
    "version": 3,
    "file": "EntryBackupAbility.ets",
    "sourceRoot": "",
    "sources": [
      "entry/src/main/ets/entrybackupability/EntryBackupAbility.ets"
    ],
    "names": [],
    "mappings": "OAAS,KAAK;OACL,sBAAsB;cAAE,aAAa,IAAb,aAAa;AAE9C,MAAM,MAAM,GAAG,MAAM,CAAC;AAEtB,MAAM,CAAC,OAAO,OAAO,kBAAmB,SAAQ,sBAAsB;IACpE,KAAK,CAAC,QAAQ;QACZ,KAAK,CAAC,IAAI,CAAC,MAAM,EAAE,SAAS,EAAE,aAAa,CAAC,CAAC;QAC7C,MAAM,OAAO,CAAC,OAAO,EAAE,CAAC;IAC1B,CAAC;IAED,KAAK,CAAC,SAAS,CAAC,aAAa,EAAE,aAAa;QAC1C,KAAK,CAAC,IAAI,CAAC,MAAM,EAAE,SAAS,EAAE,yBAAyB,EAAE,IAAI,CAAC,SAAS,CAAC,aAAa,CAAC,CAAC,CAAC;QACxF,MAAM,OAAO,CAAC,OAAO,EAAE,CAAC;IAC1B,CAAC;CACF",
    "entry-package-info": "entry|1.0.0"
  },
  "entry|entry|1.0.0|src/main/ets/pages/Index.ts": {
    "version": 3,
    "file": "Index.ets",
    "sourceRoot": "",
    "sources": [
      "entry/src/main/ets/pages/Index.ets"
    ],
    "names": [],
    "mappings": ";;;;IAGS,QAAQ,GAAE,MAAM;IAChB,QAAQ,GAAE,MAAM;IAChB,OAAO,GAAE,MAAM;;MAHjB,SAAS;IAFhB;;;;;uDAG4B,EAAE;uDACF,EAAE;sDACH,QAAQ;;;KALnC;;;;;;;;;;;;;;;;;;;;;;;;;;IAGE,6CAAiB,MAAM,EAAM;QAAtB,QAAQ;;;QAAR,QAAQ,WAAE,MAAM;;;IACvB,6CAAiB,MAAM,EAAM;QAAtB,QAAQ;;;QAAR,QAAQ,WAAE,MAAM;;;IACvB,4CAAgB,MAAM,EAAY;QAA3B,OAAO;;;QAAP,OAAO,WAAE,MAAM;;;IAEtB;;YACE,MAAM;;YAAN,MAAM,CAkEL,KAAK,CAAC,MAAM;YAlEb,MAAM,CAmEL,MAAM,CAAC,MAAM;YAnEd,MAAM,CAoEL,UAAU,CAAC,eAAe,CAAC,MAAM;;;YAnEhC,OAAO;YACP,MAAM;;YADN,OAAO;YACP,MAAM,CAWL,MAAM,CAAC,EAAE,GAAG,EAAE,EAAE,EAAE,MAAM,EAAE,EAAE,EAAE;YAZ/B,OAAO;YACP,MAAM,CAYL,UAAU,CAAC,eAAe,CAAC,MAAM;YAblC,OAAO;YACP,MAAM,CAaL,KAAK,CAAC,MAAM;;;YAZX,IAAI,QAAC,IAAI,CAAC,OAAO;;YAAjB,IAAI,CACD,QAAQ,CAAC,EAAE;YADd,IAAI,CAED,UAAU,CAAC,UAAU,CAAC,IAAI;YAF7B,IAAI,CAGD,MAAM,CAAC,EAAE,MAAM,EAAE,CAAC,EAAE;;QAHvB,IAAI;;YAIJ,IAAI,QAAC,KAAK;;YAAV,IAAI,CACD,QAAQ,CAAC,EAAE;YADd,IAAI,CAED,MAAM,CAAC,EAAE,MAAM,EAAE,CAAC,EAAE;;QAFvB,IAAI;;YAGJ,IAAI,QAAC,QAAQ;;YAAb,IAAI,CACD,QAAQ,CAAC,EAAE;;QADd,IAAI;QATN,OAAO;QACP,MAAM;;YAcN,OAAO;YACP,MAAM;;YADN,OAAO;YACP,MAAM,CA6BL,KAAK,CAAC,MAAM;YA9Bb,OAAO;YACP,MAAM,CA8BL,UAAU,CAAC,eAAe,CAAC,MAAM;;;YA7BhC,SAAS,QAAC,EAAE,WAAW,EAAE,QAAQ,EAAE;;YAAnC,SAAS,CACN,KAAK,CAAC,KAAK;YADd,SAAS,CAEN,MAAM,CAAC,EAAE;YAFZ,SAAS,CAGN,MAAM,CAAC,EAAE,MAAM,EAAE,EAAE,EAAE;YAHxB,SAAS,CAIN,QAAQ,CAAC,CAAC,KAAK,EAAE,MAAM,EAAE,EAAE;gBAC1B,IAAI,CAAC,QAAQ,GAAG,KAAK,CAAC;YACxB,CAAC;;;YACH,SAAS,QAAC,EAAE,WAAW,EAAE,OAAO,EAAE;;YAAlC,SAAS,CACN,KAAK,CAAC,KAAK;YADd,SAAS,CAEN,MAAM,CAAC,EAAE;YAFZ,SAAS,CAGN,IAAI,CAAC,SAAS,CAAC,QAAQ;YAH1B,SAAS,CAIN,QAAQ,CAAC,CAAC,KAAK,EAAE,MAAM,EAAE,EAAE;gBAC1B,IAAI,CAAC,QAAQ,GAAG,KAAK,CAAC;YACxB,CAAC;;;YACH,MAAM,iBAAC,IAAI;;YAAX,MAAM,CACH,KAAK,CAAC,KAAK;YADd,MAAM,CAEH,MAAM,CAAC,EAAE;YAFZ,MAAM,CAGH,MAAM,CAAC,EAAE,GAAG,EAAE,EAAE,EAAE;YAHrB,MAAM,CAIH,OAAO,CAAC,GAAG,EAAE;gBACZ,WAAW;gBACX,IAAI,IAAI,CAAC,QAAQ,IAAI,IAAI,CAAC,QAAQ,EAAE;oBAClC,IAAI,CAAC,OAAO,GAAG,QAAQ,CAAC;oBACxB,iBAAiB;iBAClB;qBAAM;oBACL,IAAI,CAAC,OAAO,GAAG,WAAW,CAAC;iBAC5B;YACH,CAAC;;QAZH,MAAM;QAhBR,OAAO;QACP,MAAM;;YA+BN,OAAO;YACP,MAAM;;YADN,OAAO;YACP,MAAM,CAaL,MAAM,CAAC,EAAE,GAAG,EAAE,EAAE,EAAE;YAdnB,OAAO;YACP,MAAM,CAcL,KAAK,CAAC,MAAM;YAfb,OAAO;YACP,MAAM,CAeL,UAAU,CAAC,eAAe,CAAC,MAAM;;;YAdhC,IAAI,QAAC,QAAQ;;YAAb,IAAI,CACD,QAAQ,CAAC,EAAE;YADd,IAAI,CAED,MAAM,CAAC,EAAE,MAAM,EAAE,EAAE,EAAE;YAFxB,IAAI,CAGD,SAAS,CAAC,MAAM;;QAHnB,IAAI;;YAIJ,IAAI,QAAC,MAAM;;YAAX,IAAI,CACD,QAAQ,CAAC,EAAE;YADd,IAAI,CAED,MAAM,CAAC,EAAE,MAAM,EAAE,EAAE,EAAE;YAFxB,IAAI,CAGD,SAAS,CAAC,MAAM;;QAHnB,IAAI;;YAIJ,IAAI,QAAC,0BAA0B;;YAA/B,IAAI,CACD,QAAQ,CAAC,EAAE;YADd,IAAI,CAED,SAAS,CAAC,MAAM;;QAFnB,IAAI;QAVN,OAAO;QACP,MAAM;QAjDR,MAAM;KAqEP",
    "entry-package-info": "entry|1.0.0"
  }
}