{"D:\\devecopyject\\project\\AppScope\\app.json5":{"hashValue":"ee7ada017ece0ca3d1a66c97ae919683","name":"app.json5","path":"D:\\devecopyject\\project\\AppScope\\app.json5","type":"file","isSymbolicLink":false,"fileMetaData":{"size":229,"lastModifiedTime":1751293230498}},"D:\\devecopyject\\project\\entry\\src\\main\\module.json5":{"hashValue":"d93d309f082b2b875f2b370b137629f2","name":"module.json5","path":"D:\\devecopyject\\project\\entry\\src\\main\\module.json5","type":"file","isSymbolicLink":false,"fileMetaData":{"size":1329,"lastModifiedTime":1751455101414}},"D:\\devecopyject\\project\\build-profile.json5":{"hashValue":"338781899da983cb6e2ddd3ba20ed3e7","name":"build-profile.json5","path":"D:\\devecopyject\\project\\build-profile.json5","type":"file","isSymbolicLink":false,"fileMetaData":{"size":798,"lastModifiedTime":1751293238040}},"D:\\devecopyject\\project\\entry\\build-profile.json5":{"hashValue":"c17bd9b0e85dbb774bde44526ae5d432","name":"build-profile.json5","path":"D:\\devecopyject\\project\\entry\\build-profile.json5","type":"file","isSymbolicLink":false,"fileMetaData":{"size":449,"lastModifiedTime":1751293238043}},"D:\\devecopyject\\project\\entry\\src\\main\\resources\\base\\profile\\main_pages.json":{"hashValue":"0a72b09ed99d37b4f797493969e89e73","name":"main_pages.json","path":"D:\\devecopyject\\project\\entry\\src\\main\\resources\\base\\profile\\main_pages.json","type":"file","isSymbolicLink":false,"fileMetaData":{"size":325,"lastModifiedTime":1751452831912}},"D:\\devecopyject\\project\\hvigor\\hvigor-config.json5":{"hashValue":"402a4ef6eff2d05ee034ea57bf57c7aa","name":"hvigor-config.json5","path":"D:\\devecopyject\\project\\hvigor\\hvigor-config.json5","type":"file","isSymbolicLink":false,"fileMetaData":{"size":1323,"lastModifiedTime":1751293226413}},"D:\\devecopyject\\project\\entry\\src\\mock\\mock-config.json5":{"hashValue":"cbcaa9389c0ec8a983b5855c586309bf","name":"mock-config.json5","path":"D:\\devecopyject\\project\\entry\\src\\mock\\mock-config.json5","type":"file","isSymbolicLink":false,"fileMetaData":{"size":3,"lastModifiedTime":1751293226585}},"D:\\devecopyject\\project\\entry\\oh-package.json5":{"hashValue":"1be77418ae1d5b5555f16670edc707e2","name":"oh-package.json5","path":"D:\\devecopyject\\project\\entry\\oh-package.json5","type":"file","isSymbolicLink":false,"fileMetaData":{"size":183,"lastModifiedTime":1751293226460}},"D:\\devecopyject\\project\\oh-package.json5":{"hashValue":"0a97f0fe202a4cf78f2f8c19965ed604","name":"oh-package.json5","path":"D:\\devecopyject\\project\\oh-package.json5","type":"file","isSymbolicLink":false,"fileMetaData":{"size":210,"lastModifiedTime":1751293238031}},"D:\\devecopyject\\project\\entry\\build\\default\\intermediates\\hap_metadata\\default\\output_metadata.json":{"hashValue":"74d7f8ef1770e074b624c2695747cddb","name":"output_metadata.json","path":"D:\\devecopyject\\project\\entry\\build\\default\\intermediates\\hap_metadata\\default\\output_metadata.json","type":"file","isSymbolicLink":false,"fileMetaData":{"size":111,"lastModifiedTime":1751455559541}},"D:\\devecopyject\\project\\entry\\build\\default\\intermediates\\merge_profile\\default\\module.json":{"hashValue":"916cc01eeb657f254703e8b136c8c2bb","name":"module.json","path":"D:\\devecopyject\\project\\entry\\build\\default\\intermediates\\merge_profile\\default\\module.json","type":"file","isSymbolicLink":false,"fileMetaData":{"size":1569,"lastModifiedTime":1751455559549}},"D:\\devecopyject\\project\\entry\\build\\default\\generated\\profile\\default\\BuildProfile.ets":{"hashValue":"5524c3c166e26beea2b1ac3f34c58e53","name":"BuildProfile.ets","path":"D:\\devecopyject\\project\\entry\\build\\default\\generated\\profile\\default\\BuildProfile.ets","type":"file","isSymbolicLink":false,"fileMetaData":{"size":868,"lastModifiedTime":1751376848292}},"D:\\devecopyject\\project\\entry\\build\\default\\intermediates\\loader\\default\\pkgContextInfo.json":{"hashValue":"d30135b6cd9750efd692d7fc104a2887","name":"pkgContextInfo.json","path":"D:\\devecopyject\\project\\entry\\build\\default\\intermediates\\loader\\default\\pkgContextInfo.json","type":"file","isSymbolicLink":false,"fileMetaData":{"size":444,"lastModifiedTime":1751376848306}},"D:\\devecopyject\\project\\entry\\src\\main\\resources\\base\\profile\\backup_config.json":{"hashValue":"19237f8f0f0e75c534a98943d9aba306","name":"backup_config.json","path":"D:\\devecopyject\\project\\entry\\src\\main\\resources\\base\\profile\\backup_config.json","type":"file","isSymbolicLink":false,"fileMetaData":{"size":36,"lastModifiedTime":1751293226666}},"D:\\devecopyject\\project\\entry\\build\\default\\outputs\\default\\pack.info":{"hashValue":"3a1415d2b4ca802bab63cf4fb337d000","name":"pack.info","path":"D:\\devecopyject\\project\\entry\\build\\default\\outputs\\default\\pack.info","type":"file","isSymbolicLink":false,"fileMetaData":{"size":654,"lastModifiedTime":1751455559573}},"D:\\devstudio\\DevEco Studio\\sdk\\default\\openharmony\\toolchains\\syscap_tool.exe":{"hashValue":"063186c23effbe435f76cd087e3185fb","name":"syscap_tool.exe","path":"D:\\devstudio\\DevEco Studio\\sdk\\default\\openharmony\\toolchains\\syscap_tool.exe","type":"file","isSymbolicLink":false,"fileMetaData":{"size":361344,"lastModifiedTime":1750667349000}},"D:\\devstudio\\DevEco Studio\\sdk\\default\\openharmony\\ets\\api\\device-define":{"hashValue":"e7abee7064d01bb9679c8cd38b24ec97","name":"device-define","path":"D:\\devstudio\\DevEco Studio\\sdk\\default\\openharmony\\ets\\api\\device-define","type":"directory","isSymbolicLink":false,"children":[{"hashValue":"70c5963e5510696622306a29d3fcba13","name":"default.json","path":"D:\\devstudio\\DevEco Studio\\sdk\\default\\openharmony\\ets\\api\\device-define\\default.json","type":"file","isSymbolicLink":false,"fileMetaData":{"size":12431,"lastModifiedTime":1750667349000}},{"hashValue":"3c8e5a1579359210b4620778e20f7ab5","name":"liteWearable.json","path":"D:\\devstudio\\DevEco Studio\\sdk\\default\\openharmony\\ets\\api\\device-define\\liteWearable.json","type":"file","isSymbolicLink":false,"fileMetaData":{"size":949,"lastModifiedTime":1750667349000}},{"hashValue":"7950d18281b604a832b71432028dcd0a","name":"tablet.json","path":"D:\\devstudio\\DevEco Studio\\sdk\\default\\openharmony\\ets\\api\\device-define\\tablet.json","type":"file","isSymbolicLink":false,"fileMetaData":{"size":11991,"lastModifiedTime":1750667349000}},{"hashValue":"477fe3406e7b6fb49714f573ff1a07ee","name":"tv.json","path":"D:\\devstudio\\DevEco Studio\\sdk\\default\\openharmony\\ets\\api\\device-define\\tv.json","type":"file","isSymbolicLink":false,"fileMetaData":{"size":10623,"lastModifiedTime":1750667349000}},{"hashValue":"33839af7ef5ba48031059d508bfec9b8","name":"wearable.json","path":"D:\\devstudio\\DevEco Studio\\sdk\\default\\openharmony\\ets\\api\\device-define\\wearable.json","type":"file","isSymbolicLink":false,"fileMetaData":{"size":10671,"lastModifiedTime":1750667349000}}]},"D:\\devecopyject\\project\\entry\\build\\default\\intermediates\\process_profile\\default\\module.json":{"hashValue":"0530dd1272383ab698d5a1880ccf47b6","name":"module.json","path":"D:\\devecopyject\\project\\entry\\build\\default\\intermediates\\process_profile\\default\\module.json","type":"file","isSymbolicLink":false,"fileMetaData":{"size":1655,"lastModifiedTime":1751455560470}},"D:\\devecopyject\\project\\entry\\build\\default\\intermediates\\router_map\\default\\temp-router-map.json":{"hashValue":"483f3658f2be91c3f74b57e239c80ae4","name":"temp-router-map.json","path":"D:\\devecopyject\\project\\entry\\build\\default\\intermediates\\router_map\\default\\temp-router-map.json","type":"file","isSymbolicLink":false,"fileMetaData":{"size":16,"lastModifiedTime":1751455560477}},"D:\\devecopyject\\project\\entry\\build\\default\\intermediates\\router_map\\default\\loader-router-map.json":{"hashValue":"056b53d05e160640b1acb56fc8c5a9c8","name":"loader-router-map.json","path":"D:\\devecopyject\\project\\entry\\build\\default\\intermediates\\router_map\\default\\loader-router-map.json","type":"file","isSymbolicLink":false,"fileMetaData":{"size":16,"lastModifiedTime":1751455560477}},"D:\\devecopyject\\project\\entry\\build\\default\\intermediates\\res\\default\\resConfig.json":{"hashValue":"ba732dd33c2ecc93075a822c2b212032","name":"resConfig.json","path":"D:\\devecopyject\\project\\entry\\build\\default\\intermediates\\res\\default\\resConfig.json","type":"file","isSymbolicLink":false,"fileMetaData":{"size":990,"lastModifiedTime":1751298960131}},"D:\\devecopyject\\project\\entry\\build\\default\\intermediates\\res\\default\\opt-compression.json":{"hashValue":"9d60bb13c3826418a8bd1593011870b7","name":"opt-compression.json","path":"D:\\devecopyject\\project\\entry\\build\\default\\intermediates\\res\\default\\opt-compression.json","type":"file","isSymbolicLink":false,"fileMetaData":{"size":183,"lastModifiedTime":1751298960130}},"D:\\devecopyject\\project\\entry\\build\\default\\intermediates\\loader\\default\\loader.json":{"hashValue":"64e2d2a8f6becfac2126149e52ff5904","name":"loader.json","path":"D:\\devecopyject\\project\\entry\\build\\default\\intermediates\\loader\\default\\loader.json","type":"file","isSymbolicLink":false,"fileMetaData":{"size":881,"lastModifiedTime":1751455560512}},"D:\\devecopyject\\project\\entry\\build\\default\\intermediates\\libs\\default":{"hashValue":"","name":"default","path":"D:\\devecopyject\\project\\entry\\build\\default\\intermediates\\libs\\default","type":"directory","isSymbolicLink":false,"children":[]},"D:\\devecopyject\\project\\entry\\src\\main\\resources":{"hashValue":"0aa3f12b19d5b0b5f76cb11570572579","name":"resources","path":"D:\\devecopyject\\project\\entry\\src\\main\\resources","type":"directory","isSymbolicLink":false,"children":[{"hashValue":"1907de95c9e9a3c15328950f2c2a1c6e","name":"base","path":"D:\\devecopyject\\project\\entry\\src\\main\\resources\\base","type":"directory","isSymbolicLink":false,"children":[{"hashValue":"fe73995ea67d6717b88a710e540f29cd","name":"element","path":"D:\\devecopyject\\project\\entry\\src\\main\\resources\\base\\element","type":"directory","isSymbolicLink":false,"children":[{"hashValue":"04e3b6db7c90eb73f90c7637b7abd5f4","name":"color.json","path":"D:\\devecopyject\\project\\entry\\src\\main\\resources\\base\\element\\color.json","type":"file","isSymbolicLink":false,"fileMetaData":{"size":105,"lastModifiedTime":1751293226603}},{"hashValue":"20f47c7618a18666c33e45fc02b8c53d","name":"float.json","path":"D:\\devecopyject\\project\\entry\\src\\main\\resources\\base\\element\\float.json","type":"file","isSymbolicLink":false,"fileMetaData":{"size":100,"lastModifiedTime":1751293226609}},{"hashValue":"0b99ae13d7cde8e35d9b3a75a99efa0f","name":"model.json","path":"D:\\devecopyject\\project\\entry\\src\\main\\resources\\base\\element\\model.json","type":"file","isSymbolicLink":false,"fileMetaData":{"size":88,"lastModifiedTime":1751368409851}},{"hashValue":"463dc09d40488d8996da20abd760df41","name":"string.json","path":"D:\\devecopyject\\project\\entry\\src\\main\\resources\\base\\element\\string.json","type":"file","isSymbolicLink":false,"fileMetaData":{"size":1694,"lastModifiedTime":1751452594134}}]},{"hashValue":"00f8c09479f5e6755aed072c07d9ccc9","name":"media","path":"D:\\devecopyject\\project\\entry\\src\\main\\resources\\base\\media","type":"directory","isSymbolicLink":false,"children":[{"hashValue":"312dc1f793b1e414cb990dcd26dc5d66","name":"17579af1e81c10a6840eb5117256cff3.jpeg","path":"D:\\devecopyject\\project\\entry\\src\\main\\resources\\base\\media\\17579af1e81c10a6840eb5117256cff3.jpeg","type":"file","isSymbolicLink":false,"fileMetaData":{"size":10534,"lastModifiedTime":1751357400015}},{"hashValue":"cd94c096d624f5d658e2b560e62f4031","name":"baby.png","path":"D:\\devecopyject\\project\\entry\\src\\main\\resources\\base\\media\\baby.png","type":"file","isSymbolicLink":false,"fileMetaData":{"size":110290,"lastModifiedTime":1751357522050}},{"hashValue":"02507360a09ba1b31114a2de91abdfb0","name":"background.png","path":"D:\\devecopyject\\project\\entry\\src\\main\\resources\\base\\media\\background.png","type":"file","isSymbolicLink":false,"fileMetaData":{"size":91942,"lastModifiedTime":1751293226616}},{"hashValue":"d2cf0b1f87bc7a19fff942f8f8f3414c","name":"d2.png","path":"D:\\devecopyject\\project\\entry\\src\\main\\resources\\base\\media\\d2.png","type":"file","isSymbolicLink":false,"fileMetaData":{"size":86687,"lastModifiedTime":1751361382020}},{"hashValue":"ff46eee85ae184843a769370a3e5e632","name":"foreground.png","path":"D:\\devecopyject\\project\\entry\\src\\main\\resources\\base\\media\\foreground.png","type":"file","isSymbolicLink":false,"fileMetaData":{"size":8805,"lastModifiedTime":1751293226620}},{"hashValue":"285e7885e0cf279cbc14745edc13efb9","name":"layered_image.json","path":"D:\\devecopyject\\project\\entry\\src\\main\\resources\\base\\media\\layered_image.json","type":"file","isSymbolicLink":false,"fileMetaData":{"size":109,"lastModifiedTime":1751293226623}},{"hashValue":"4de209f5a9081c19711a194dcc7b7c41","name":"startIcon.png","path":"D:\\devecopyject\\project\\entry\\src\\main\\resources\\base\\media\\startIcon.png","type":"file","isSymbolicLink":false,"fileMetaData":{"size":20093,"lastModifiedTime":1751293226628}}]},{"hashValue":"4b93c20b13b7e18b23daeb9da7183544","name":"profile","path":"D:\\devecopyject\\project\\entry\\src\\main\\resources\\base\\profile","type":"directory","isSymbolicLink":false,"children":[{"hashValue":"19237f8f0f0e75c534a98943d9aba306","name":"backup_config.json","path":"D:\\devecopyject\\project\\entry\\src\\main\\resources\\base\\profile\\backup_config.json","type":"file","isSymbolicLink":false,"fileMetaData":{"size":36,"lastModifiedTime":1751293226666}},{"hashValue":"0a72b09ed99d37b4f797493969e89e73","name":"main_pages.json","path":"D:\\devecopyject\\project\\entry\\src\\main\\resources\\base\\profile\\main_pages.json","type":"file","isSymbolicLink":false,"fileMetaData":{"size":325,"lastModifiedTime":1751452831912}}]}]},{"hashValue":"2a5ac3a3e419de0faf7a2da4f37d2e88","name":"dark","path":"D:\\devecopyject\\project\\entry\\src\\main\\resources\\dark","type":"directory","isSymbolicLink":false,"children":[{"hashValue":"ac53e1b3569aa68612c7a3005f51d583","name":"element","path":"D:\\devecopyject\\project\\entry\\src\\main\\resources\\dark\\element","type":"directory","isSymbolicLink":false,"children":[{"hashValue":"cec6d8e35e79641df63b227ea6d1b3ed","name":"color.json","path":"D:\\devecopyject\\project\\entry\\src\\main\\resources\\dark\\element\\color.json","type":"file","isSymbolicLink":false,"fileMetaData":{"size":105,"lastModifiedTime":1751293226654}}]}]},{"hashValue":"","name":"rawfile","path":"D:\\devecopyject\\project\\entry\\src\\main\\resources\\rawfile","type":"directory","isSymbolicLink":false,"children":[]}]},"D:\\devecopyject\\project\\AppScope\\resources":{"hashValue":"030071273b5b1b9c0e53bd46c40032bf","name":"resources","path":"D:\\devecopyject\\project\\AppScope\\resources","type":"directory","isSymbolicLink":false,"children":[{"hashValue":"d0dbb0b5cbc75c8e75d5c8822d13adc3","name":"base","path":"D:\\devecopyject\\project\\AppScope\\resources\\base","type":"directory","isSymbolicLink":false,"children":[{"hashValue":"920a42f287228af0670d35f9fdb3c982","name":"element","path":"D:\\devecopyject\\project\\AppScope\\resources\\base\\element","type":"directory","isSymbolicLink":false,"children":[{"hashValue":"38da51092d963cae9bea78e72e272e3b","name":"string.json","path":"D:\\devecopyject\\project\\AppScope\\resources\\base\\element\\string.json","type":"file","isSymbolicLink":false,"fileMetaData":{"size":99,"lastModifiedTime":1751293226441}}]},{"hashValue":"48de76ec3a8c395142f23272d586bb0f","name":"media","path":"D:\\devecopyject\\project\\AppScope\\resources\\base\\media","type":"directory","isSymbolicLink":false,"children":[{"hashValue":"4bf1009b4defa3b65b36f982288879dd","name":"app_background.png","path":"D:\\devecopyject\\project\\AppScope\\resources\\base\\media\\app_background.png","type":"file","isSymbolicLink":false,"fileMetaData":{"size":91942,"lastModifiedTime":1751293226428}},{"hashValue":"efe4310c2ef765204a01bd1d89b0861d","name":"app_foreground.png","path":"D:\\devecopyject\\project\\AppScope\\resources\\base\\media\\app_foreground.png","type":"file","isSymbolicLink":false,"fileMetaData":{"size":15325,"lastModifiedTime":1751293226432}},{"hashValue":"229847731ffe83caeaa9c42317b234b3","name":"app_layered_image.json","path":"D:\\devecopyject\\project\\AppScope\\resources\\base\\media\\app_layered_image.json","type":"file","isSymbolicLink":false,"fileMetaData":{"size":117,"lastModifiedTime":1751293226435}}]}]}]},"D:\\devecopyject\\project\\entry\\build\\default\\intermediates\\res\\default":{"hashValue":"41816812876d91d128f3b97455a0aadd","name":"default","path":"D:\\devecopyject\\project\\entry\\build\\default\\intermediates\\res\\default","type":"directory","isSymbolicLink":false,"children":[{"hashValue":"379bb55f455922c683454c5be7248503","name":".caches","path":"D:\\devecopyject\\project\\entry\\build\\default\\intermediates\\res\\default\\.caches","type":"directory","isSymbolicLink":false,"children":[{"hashValue":"4cceb0f13391545ccdec36706a7dfb5a","name":"base","path":"D:\\devecopyject\\project\\entry\\build\\default\\intermediates\\res\\default\\.caches\\base","type":"directory","isSymbolicLink":false,"children":[{"hashValue":"079b401616205e01f27fe9dcbd9f05df","name":"media","path":"D:\\devecopyject\\project\\entry\\build\\default\\intermediates\\res\\default\\.caches\\base\\media","type":"directory","isSymbolicLink":false,"children":[{"hashValue":"01dba108d0014778fa44e8ae84798b21","name":"app_background.png","path":"D:\\devecopyject\\project\\entry\\build\\default\\intermediates\\res\\default\\.caches\\base\\media\\app_background.png","type":"file","isSymbolicLink":false,"fileMetaData":{"size":70283,"lastModifiedTime":1751455561138}},{"hashValue":"8234f90f9cf01eaea708f2c20c0e2236","name":"app_foreground.png","path":"D:\\devecopyject\\project\\entry\\build\\default\\intermediates\\res\\default\\.caches\\base\\media\\app_foreground.png","type":"file","isSymbolicLink":false,"fileMetaData":{"size":13086,"lastModifiedTime":1751455561167}},{"hashValue":"10e9762c8474741f7c846b094bb11dd8","name":"background.png","path":"D:\\devecopyject\\project\\entry\\build\\default\\intermediates\\res\\default\\.caches\\base\\media\\background.png","type":"file","isSymbolicLink":false,"fileMetaData":{"size":70283,"lastModifiedTime":1751455561198}},{"hashValue":"b25aa04f20fdc9bb62d5aa733808a1b0","name":"foreground.png","path":"D:\\devecopyject\\project\\entry\\build\\default\\intermediates\\res\\default\\.caches\\base\\media\\foreground.png","type":"file","isSymbolicLink":false,"fileMetaData":{"size":9325,"lastModifiedTime":1751455561229}}]}]}]},{"hashValue":"d13dc25bf9bc9e489e27192636cc771e","name":"ark_module.json","path":"D:\\devecopyject\\project\\entry\\build\\default\\intermediates\\res\\default\\ark_module.json","type":"file","isSymbolicLink":false,"fileMetaData":{"size":1306,"lastModifiedTime":1751455560469}},{"hashValue":"e751e501c46e1709f62088e1a3ef27f2","name":"ids_map","path":"D:\\devecopyject\\project\\entry\\build\\default\\intermediates\\res\\default\\ids_map","type":"directory","isSymbolicLink":false,"children":[{"hashValue":"90db24a38d83770c3e6246f5162ad0b3","name":"id_defined.json","path":"D:\\devecopyject\\project\\entry\\build\\default\\intermediates\\res\\default\\ids_map\\id_defined.json","type":"file","isSymbolicLink":false,"fileMetaData":{"size":2933,"lastModifiedTime":1751455561231}}]},{"hashValue":"9fddfe8d00ac22e0df12e4f4355993a1","name":"module.json","path":"D:\\devecopyject\\project\\entry\\build\\default\\intermediates\\res\\default\\module.json","type":"file","isSymbolicLink":false,"fileMetaData":{"size":1803,"lastModifiedTime":1751455561107}},{"hashValue":"9d60bb13c3826418a8bd1593011870b7","name":"opt-compression.json","path":"D:\\devecopyject\\project\\entry\\build\\default\\intermediates\\res\\default\\opt-compression.json","type":"file","isSymbolicLink":false,"fileMetaData":{"size":183,"lastModifiedTime":1751298960130}},{"hashValue":"ba732dd33c2ecc93075a822c2b212032","name":"resConfig.json","path":"D:\\devecopyject\\project\\entry\\build\\default\\intermediates\\res\\default\\resConfig.json","type":"file","isSymbolicLink":false,"fileMetaData":{"size":990,"lastModifiedTime":1751298960131}},{"hashValue":"97c2ca66d47f20aa01e557eec53dfe25","name":"resources","path":"D:\\devecopyject\\project\\entry\\build\\default\\intermediates\\res\\default\\resources","type":"directory","isSymbolicLink":false,"children":[{"hashValue":"076e7dde51b69aa6a2dfde40f13f0ee7","name":"base","path":"D:\\devecopyject\\project\\entry\\build\\default\\intermediates\\res\\default\\resources\\base","type":"directory","isSymbolicLink":false,"children":[{"hashValue":"beb1dd0b910c3909cedc13432260bf02","name":"media","path":"D:\\devecopyject\\project\\entry\\build\\default\\intermediates\\res\\default\\resources\\base\\media","type":"directory","isSymbolicLink":false,"children":[{"hashValue":"312dc1f793b1e414cb990dcd26dc5d66","name":"17579af1e81c10a6840eb5117256cff3.jpeg","path":"D:\\devecopyject\\project\\entry\\build\\default\\intermediates\\res\\default\\resources\\base\\media\\17579af1e81c10a6840eb5117256cff3.jpeg","type":"file","isSymbolicLink":false,"fileMetaData":{"size":10534,"lastModifiedTime":1751357400015}},{"hashValue":"01dba108d0014778fa44e8ae84798b21","name":"app_background.png","path":"D:\\devecopyject\\project\\entry\\build\\default\\intermediates\\res\\default\\resources\\base\\media\\app_background.png","type":"file","isSymbolicLink":false,"fileMetaData":{"size":70283,"lastModifiedTime":1751455561138}},{"hashValue":"8234f90f9cf01eaea708f2c20c0e2236","name":"app_foreground.png","path":"D:\\devecopyject\\project\\entry\\build\\default\\intermediates\\res\\default\\resources\\base\\media\\app_foreground.png","type":"file","isSymbolicLink":false,"fileMetaData":{"size":13086,"lastModifiedTime":1751455561167}},{"hashValue":"89a43173af5721960610f8721d66618b","name":"app_layered_image.json","path":"D:\\devecopyject\\project\\entry\\build\\default\\intermediates\\res\\default\\resources\\base\\media\\app_layered_image.json","type":"file","isSymbolicLink":false,"fileMetaData":{"size":95,"lastModifiedTime":1751455561106}},{"hashValue":"cd94c096d624f5d658e2b560e62f4031","name":"baby.png","path":"D:\\devecopyject\\project\\entry\\build\\default\\intermediates\\res\\default\\resources\\base\\media\\baby.png","type":"file","isSymbolicLink":false,"fileMetaData":{"size":110290,"lastModifiedTime":1751357522050}},{"hashValue":"10e9762c8474741f7c846b094bb11dd8","name":"background.png","path":"D:\\devecopyject\\project\\entry\\build\\default\\intermediates\\res\\default\\resources\\base\\media\\background.png","type":"file","isSymbolicLink":false,"fileMetaData":{"size":70283,"lastModifiedTime":1751455561198}},{"hashValue":"d2cf0b1f87bc7a19fff942f8f8f3414c","name":"d2.png","path":"D:\\devecopyject\\project\\entry\\build\\default\\intermediates\\res\\default\\resources\\base\\media\\d2.png","type":"file","isSymbolicLink":false,"fileMetaData":{"size":86687,"lastModifiedTime":1751361382020}},{"hashValue":"b25aa04f20fdc9bb62d5aa733808a1b0","name":"foreground.png","path":"D:\\devecopyject\\project\\entry\\build\\default\\intermediates\\res\\default\\resources\\base\\media\\foreground.png","type":"file","isSymbolicLink":false,"fileMetaData":{"size":9325,"lastModifiedTime":1751455561229}},{"hashValue":"3dc74a0da6b21479f9964e09ded6acf8","name":"layered_image.json","path":"D:\\devecopyject\\project\\entry\\build\\default\\intermediates\\res\\default\\resources\\base\\media\\layered_image.json","type":"file","isSymbolicLink":false,"fileMetaData":{"size":95,"lastModifiedTime":1751455561106}},{"hashValue":"4de209f5a9081c19711a194dcc7b7c41","name":"startIcon.png","path":"D:\\devecopyject\\project\\entry\\build\\default\\intermediates\\res\\default\\resources\\base\\media\\startIcon.png","type":"file","isSymbolicLink":false,"fileMetaData":{"size":20093,"lastModifiedTime":1751293226628}}]},{"hashValue":"4b93c20b13b7e18b23daeb9da7183544","name":"profile","path":"D:\\devecopyject\\project\\entry\\build\\default\\intermediates\\res\\default\\resources\\base\\profile","type":"directory","isSymbolicLink":false,"children":[{"hashValue":"19237f8f0f0e75c534a98943d9aba306","name":"backup_config.json","path":"D:\\devecopyject\\project\\entry\\build\\default\\intermediates\\res\\default\\resources\\base\\profile\\backup_config.json","type":"file","isSymbolicLink":false,"fileMetaData":{"size":36,"lastModifiedTime":1751293226666}},{"hashValue":"0a72b09ed99d37b4f797493969e89e73","name":"main_pages.json","path":"D:\\devecopyject\\project\\entry\\build\\default\\intermediates\\res\\default\\resources\\base\\profile\\main_pages.json","type":"file","isSymbolicLink":false,"fileMetaData":{"size":325,"lastModifiedTime":1751452831912}}]}]},{"hashValue":"","name":"rawfile","path":"D:\\devecopyject\\project\\entry\\build\\default\\intermediates\\res\\default\\resources\\rawfile","type":"directory","isSymbolicLink":false,"children":[]}]},{"hashValue":"1a9bff1d500480ec6e6a70732f5cf70b","name":"resources.index","path":"D:\\devecopyject\\project\\entry\\build\\default\\intermediates\\res\\default\\resources.index","type":"file","isSymbolicLink":false,"fileMetaData":{"size":2516,"lastModifiedTime":1751455561231}},{"hashValue":"dad728c6848cd11bbd77c2e82a9263a3","name":"ResourceTable.txt","path":"D:\\devecopyject\\project\\entry\\build\\default\\intermediates\\res\\default\\ResourceTable.txt","type":"file","isSymbolicLink":false,"fileMetaData":{"size":1169,"lastModifiedTime":1751455561107}}]},"D:\\devecopyject\\project\\entry\\build\\default\\generated\\r\\default\\ResourceTable.h":{"hashValue":"1533489e8e60522d5a5eadf57c63b700","name":"ResourceTable.h","path":"D:\\devecopyject\\project\\entry\\build\\default\\generated\\r\\default\\ResourceTable.h","type":"file","isSymbolicLink":false,"fileMetaData":{"size":2521,"lastModifiedTime":1751455561107}},"D:\\devecopyject\\project\\entry\\build\\default\\generated\\r\\default":{"hashValue":"e18624e271f82fa9575ff8eefeebf418","name":"default","path":"D:\\devecopyject\\project\\entry\\build\\default\\generated\\r\\default","type":"directory","isSymbolicLink":false,"children":[{"hashValue":"1533489e8e60522d5a5eadf57c63b700","name":"ResourceTable.h","path":"D:\\devecopyject\\project\\entry\\build\\default\\generated\\r\\default\\ResourceTable.h","type":"file","isSymbolicLink":false,"fileMetaData":{"size":2521,"lastModifiedTime":1751455561107}}]},"D:\\devecopyject\\project\\entry\\build\\default\\intermediates\\stripped_native_libs\\default":{"hashValue":"","name":"default","path":"D:\\devecopyject\\project\\entry\\build\\default\\intermediates\\stripped_native_libs\\default","type":"directory","isSymbolicLink":false,"children":[]},"D:\\devecopyject\\project\\entry\\build\\default\\intermediates\\loader\\default":{"hashValue":"c5cf4ad79c4e716011bb2979a4c5829d","name":"default","path":"D:\\devecopyject\\project\\entry\\build\\default\\intermediates\\loader\\default","type":"directory","isSymbolicLink":false,"children":[{"hashValue":"64e2d2a8f6becfac2126149e52ff5904","name":"loader.json","path":"D:\\devecopyject\\project\\entry\\build\\default\\intermediates\\loader\\default\\loader.json","type":"file","isSymbolicLink":false,"fileMetaData":{"size":881,"lastModifiedTime":1751455560512}},{"hashValue":"d30135b6cd9750efd692d7fc104a2887","name":"pkgContextInfo.json","path":"D:\\devecopyject\\project\\entry\\build\\default\\intermediates\\loader\\default\\pkgContextInfo.json","type":"file","isSymbolicLink":false,"fileMetaData":{"size":444,"lastModifiedTime":1751376848306}}]},"D:\\devecopyject\\project\\entry\\build\\default\\intermediates\\res\\default\\resources\\rawfile":{"hashValue":"","name":"rawfile","path":"D:\\devecopyject\\project\\entry\\build\\default\\intermediates\\res\\default\\resources\\rawfile","type":"directory","isSymbolicLink":false,"children":[]},"D:\\devecopyject\\project\\entry\\build\\default\\intermediates\\res\\default\\ResourceTable.txt":{"hashValue":"dad728c6848cd11bbd77c2e82a9263a3","name":"ResourceTable.txt","path":"D:\\devecopyject\\project\\entry\\build\\default\\intermediates\\res\\default\\ResourceTable.txt","type":"file","isSymbolicLink":false,"fileMetaData":{"size":1169,"lastModifiedTime":1751455561107}},"D:\\devecopyject\\project\\entry\\build\\default\\intermediates\\res\\default\\ark_module.json":{"hashValue":"d13dc25bf9bc9e489e27192636cc771e","name":"ark_module.json","path":"D:\\devecopyject\\project\\entry\\build\\default\\intermediates\\res\\default\\ark_module.json","type":"file","isSymbolicLink":false,"fileMetaData":{"size":1306,"lastModifiedTime":1751455560469}},"D:\\devecopyject\\project\\entry\\build\\default\\intermediates\\res\\default\\resources\\base\\profile":{"hashValue":"4b93c20b13b7e18b23daeb9da7183544","name":"profile","path":"D:\\devecopyject\\project\\entry\\build\\default\\intermediates\\res\\default\\resources\\base\\profile","type":"directory","isSymbolicLink":false,"children":[{"hashValue":"19237f8f0f0e75c534a98943d9aba306","name":"backup_config.json","path":"D:\\devecopyject\\project\\entry\\build\\default\\intermediates\\res\\default\\resources\\base\\profile\\backup_config.json","type":"file","isSymbolicLink":false,"fileMetaData":{"size":36,"lastModifiedTime":1751293226666}},{"hashValue":"0a72b09ed99d37b4f797493969e89e73","name":"main_pages.json","path":"D:\\devecopyject\\project\\entry\\build\\default\\intermediates\\res\\default\\resources\\base\\profile\\main_pages.json","type":"file","isSymbolicLink":false,"fileMetaData":{"size":325,"lastModifiedTime":1751452831912}}]},"D:\\devecopyject\\project\\entry\\src\\main\\ets":{"hashValue":"359f648bfb7e30f08f863f65a922ade7","name":"ets","path":"D:\\devecopyject\\project\\entry\\src\\main\\ets","type":"directory","isSymbolicLink":false,"children":[{"hashValue":"cb606c8e837728c0b86687d7c6c6fc38","name":"entryability","path":"D:\\devecopyject\\project\\entry\\src\\main\\ets\\entryability","type":"directory","isSymbolicLink":false,"children":[{"hashValue":"153e74bdbc394e0519efe1892925b673","name":"EntryAbility.ets","path":"D:\\devecopyject\\project\\entry\\src\\main\\ets\\entryability\\EntryAbility.ets","type":"file","isSymbolicLink":false,"fileMetaData":{"size":1623,"lastModifiedTime":1751293226647}}]},{"hashValue":"3802640c6a8679558ab3ad48331d78bf","name":"entrybackupability","path":"D:\\devecopyject\\project\\entry\\src\\main\\ets\\entrybackupability","type":"directory","isSymbolicLink":false,"children":[{"hashValue":"29c3612d3735678d542a425beafc3914","name":"EntryBackupAbility.ets","path":"D:\\devecopyject\\project\\entry\\src\\main\\ets\\entrybackupability\\EntryBackupAbility.ets","type":"file","isSymbolicLink":false,"fileMetaData":{"size":522,"lastModifiedTime":1751293238027}}]},{"hashValue":"8867d64ef6577a4c3d3e5da72ff298dd","name":"HealthDatabase","path":"D:\\devecopyject\\project\\entry\\src\\main\\ets\\HealthDatabase","type":"directory","isSymbolicLink":false,"children":[{"hashValue":"da8a08defa70de30da0f337de3800e67","name":"HealthDatabase.ets","path":"D:\\devecopyject\\project\\entry\\src\\main\\ets\\HealthDatabase\\HealthDatabase.ets","type":"file","isSymbolicLink":false,"fileMetaData":{"size":4389,"lastModifiedTime":1751455783998}}]},{"hashValue":"e7ad606d0267fbd7b6a715dd09b62910","name":"pages","path":"D:\\devecopyject\\project\\entry\\src\\main\\ets\\pages","type":"directory","isSymbolicLink":false,"children":[{"hashValue":"28fb67414fca8b71ac87af824ec04f8d","name":"health","path":"D:\\devecopyject\\project\\entry\\src\\main\\ets\\pages\\health","type":"directory","isSymbolicLink":false,"children":[{"hashValue":"4b62896c1fda79d34815f7b7ad0d8879","name":"fitness","path":"D:\\devecopyject\\project\\entry\\src\\main\\ets\\pages\\health\\fitness","type":"directory","isSymbolicLink":false,"children":[{"hashValue":"0f31e5f79533bb93485078d99c9cfd59","name":"FitnessAddEdit.ets","path":"D:\\devecopyject\\project\\entry\\src\\main\\ets\\pages\\health\\fitness\\FitnessAddEdit.ets","type":"file","isSymbolicLink":false,"fileMetaData":{"size":5279,"lastModifiedTime":1751456364840}},{"hashValue":"a8fcd0fc2aa901a2d131e451048f234c","name":"FitnessIndex.ets","path":"D:\\devecopyject\\project\\entry\\src\\main\\ets\\pages\\health\\fitness\\FitnessIndex.ets","type":"file","isSymbolicLink":false,"fileMetaData":{"size":4235,"lastModifiedTime":1751456370665}},{"hashValue":"b7dea06897725f63fbc8bcdf5080df4e","name":"FitnessRecord.ets","path":"D:\\devecopyject\\project\\entry\\src\\main\\ets\\pages\\health\\fitness\\FitnessRecord.ets","type":"file","isSymbolicLink":false,"fileMetaData":{"size":220,"lastModifiedTime":1751454092324}}]},{"hashValue":"a1c9a39317f233bee04f2780d51e215a","name":"mood","path":"D:\\devecopyject\\project\\entry\\src\\main\\ets\\pages\\health\\mood","type":"directory","isSymbolicLink":false,"children":[{"hashValue":"0da28723afa62869d705bf45c7b2e03b","name":"MoodAddEdit.ets","path":"D:\\devecopyject\\project\\entry\\src\\main\\ets\\pages\\health\\mood\\MoodAddEdit.ets","type":"file","isSymbolicLink":false,"fileMetaData":{"size":3757,"lastModifiedTime":1751442564562}},{"hashValue":"95b885bd18b307f0dc7c31a4dd7d86d0","name":"MoodIndex.ets","path":"D:\\devecopyject\\project\\entry\\src\\main\\ets\\pages\\health\\mood\\MoodIndex.ets","type":"file","isSymbolicLink":false,"fileMetaData":{"size":6082,"lastModifiedTime":1751442516044}},{"hashValue":"f646e9bdf0ca9ffb273b7c374b43b91f","name":"MoodRecord.ets","path":"D:\\devecopyject\\project\\entry\\src\\main\\ets\\pages\\health\\mood\\MoodRecord.ets","type":"file","isSymbolicLink":false,"fileMetaData":{"size":118,"lastModifiedTime":1751442606680}}]},{"hashValue":"c2cc5de0e17ad796b6660e02511bc9d5","name":"sleep","path":"D:\\devecopyject\\project\\entry\\src\\main\\ets\\pages\\health\\sleep","type":"directory","isSymbolicLink":false,"children":[{"hashValue":"ae7d0380589a3d9d461c76b18813e28e","name":"SleepAddEdit.ets","path":"D:\\devecopyject\\project\\entry\\src\\main\\ets\\pages\\health\\sleep\\SleepAddEdit.ets","type":"file","isSymbolicLink":false,"fileMetaData":{"size":4229,"lastModifiedTime":1751442226757}},{"hashValue":"52fb629535be0cedb83266621cfdf569","name":"SleepIndex.ets","path":"D:\\devecopyject\\project\\entry\\src\\main\\ets\\pages\\health\\sleep\\SleepIndex.ets","type":"file","isSymbolicLink":false,"fileMetaData":{"size":3411,"lastModifiedTime":1751442174253}},{"hashValue":"433d16e2d28a8648971441226ccfee6c","name":"SleepRecord.ets","path":"D:\\devecopyject\\project\\entry\\src\\main\\ets\\pages\\health\\sleep\\SleepRecord.ets","type":"file","isSymbolicLink":false,"fileMetaData":{"size":128,"lastModifiedTime":1751442278825}}]}]},{"hashValue":"d315cf96bad5c9893889319933f0158a","name":"HealthIndex.ets","path":"D:\\devecopyject\\project\\entry\\src\\main\\ets\\pages\\HealthIndex.ets","type":"file","isSymbolicLink":false,"fileMetaData":{"size":1089,"lastModifiedTime":1751452064891}},{"hashValue":"f0a6cd71d2fd0e669bfbdd1a90bd5e96","name":"Index.ets","path":"D:\\devecopyject\\project\\entry\\src\\main\\ets\\pages\\Index.ets","type":"file","isSymbolicLink":false,"fileMetaData":{"size":2761,"lastModifiedTime":1751452928981}},{"hashValue":"a94992d512a259fa4ec8b2b366f4d36c","name":"PersonalAssistant.ets","path":"D:\\devecopyject\\project\\entry\\src\\main\\ets\\pages\\PersonalAssistant.ets","type":"file","isSymbolicLink":false,"fileMetaData":{"size":3132,"lastModifiedTime":1751452940769}}]}]},"D:\\devecopyject\\project\\entry\\build\\default\\intermediates\\loader_out\\default\\ets":{"hashValue":"1aa7a797d836b0c1dcef1558a1a1958d","name":"ets","path":"D:\\devecopyject\\project\\entry\\build\\default\\intermediates\\loader_out\\default\\ets","type":"directory","isSymbolicLink":false,"children":[{"hashValue":"7db4af075e10f87b25be00b9166e1b83","name":"modules.abc","path":"D:\\devecopyject\\project\\entry\\build\\default\\intermediates\\loader_out\\default\\ets\\modules.abc","type":"file","isSymbolicLink":false,"fileMetaData":{"size":150212,"lastModifiedTime":1751456373334}},{"hashValue":"48c85782bf8a2eb51cf176ccd8210e71","name":"sourceMaps.map","path":"D:\\devecopyject\\project\\entry\\build\\default\\intermediates\\loader_out\\default\\ets\\sourceMaps.map","type":"file","isSymbolicLink":false,"fileMetaData":{"size":44632,"lastModifiedTime":1751456372835}}]},"D:\\devecopyject\\project\\entry\\build\\default\\intermediates\\patch\\default\\base_native_libs.json":{"hashValue":"835e56914fc745dacfdbf78eb6afb2b5","name":"base_native_libs.json","path":"D:\\devecopyject\\project\\entry\\build\\default\\intermediates\\patch\\default\\base_native_libs.json","type":"file","isSymbolicLink":false,"fileMetaData":{"size":25,"lastModifiedTime":1751298963893}},"D:\\devecopyject\\project\\entry\\build\\default\\intermediates\\res\\default\\module.json":{"hashValue":"9fddfe8d00ac22e0df12e4f4355993a1","name":"module.json","path":"D:\\devecopyject\\project\\entry\\build\\default\\intermediates\\res\\default\\module.json","type":"file","isSymbolicLink":false,"fileMetaData":{"size":1803,"lastModifiedTime":1751455561107}},"D:\\devecopyject\\project\\entry\\build\\default\\intermediates\\package\\default\\module.json":{"hashValue":"9fddfe8d00ac22e0df12e4f4355993a1","name":"module.json","path":"D:\\devecopyject\\project\\entry\\build\\default\\intermediates\\package\\default\\module.json","type":"file","isSymbolicLink":false,"fileMetaData":{"size":1803,"lastModifiedTime":1751455561107}},"D:\\devecopyject\\project\\entry\\build\\default\\intermediates\\res\\default\\resources":{"hashValue":"97c2ca66d47f20aa01e557eec53dfe25","name":"resources","path":"D:\\devecopyject\\project\\entry\\build\\default\\intermediates\\res\\default\\resources","type":"directory","isSymbolicLink":false,"children":[{"hashValue":"076e7dde51b69aa6a2dfde40f13f0ee7","name":"base","path":"D:\\devecopyject\\project\\entry\\build\\default\\intermediates\\res\\default\\resources\\base","type":"directory","isSymbolicLink":false,"children":[{"hashValue":"beb1dd0b910c3909cedc13432260bf02","name":"media","path":"D:\\devecopyject\\project\\entry\\build\\default\\intermediates\\res\\default\\resources\\base\\media","type":"directory","isSymbolicLink":false,"children":[{"hashValue":"312dc1f793b1e414cb990dcd26dc5d66","name":"17579af1e81c10a6840eb5117256cff3.jpeg","path":"D:\\devecopyject\\project\\entry\\build\\default\\intermediates\\res\\default\\resources\\base\\media\\17579af1e81c10a6840eb5117256cff3.jpeg","type":"file","isSymbolicLink":false,"fileMetaData":{"size":10534,"lastModifiedTime":1751357400015}},{"hashValue":"01dba108d0014778fa44e8ae84798b21","name":"app_background.png","path":"D:\\devecopyject\\project\\entry\\build\\default\\intermediates\\res\\default\\resources\\base\\media\\app_background.png","type":"file","isSymbolicLink":false,"fileMetaData":{"size":70283,"lastModifiedTime":1751455561138}},{"hashValue":"8234f90f9cf01eaea708f2c20c0e2236","name":"app_foreground.png","path":"D:\\devecopyject\\project\\entry\\build\\default\\intermediates\\res\\default\\resources\\base\\media\\app_foreground.png","type":"file","isSymbolicLink":false,"fileMetaData":{"size":13086,"lastModifiedTime":1751455561167}},{"hashValue":"89a43173af5721960610f8721d66618b","name":"app_layered_image.json","path":"D:\\devecopyject\\project\\entry\\build\\default\\intermediates\\res\\default\\resources\\base\\media\\app_layered_image.json","type":"file","isSymbolicLink":false,"fileMetaData":{"size":95,"lastModifiedTime":1751455561106}},{"hashValue":"cd94c096d624f5d658e2b560e62f4031","name":"baby.png","path":"D:\\devecopyject\\project\\entry\\build\\default\\intermediates\\res\\default\\resources\\base\\media\\baby.png","type":"file","isSymbolicLink":false,"fileMetaData":{"size":110290,"lastModifiedTime":1751357522050}},{"hashValue":"10e9762c8474741f7c846b094bb11dd8","name":"background.png","path":"D:\\devecopyject\\project\\entry\\build\\default\\intermediates\\res\\default\\resources\\base\\media\\background.png","type":"file","isSymbolicLink":false,"fileMetaData":{"size":70283,"lastModifiedTime":1751455561198}},{"hashValue":"d2cf0b1f87bc7a19fff942f8f8f3414c","name":"d2.png","path":"D:\\devecopyject\\project\\entry\\build\\default\\intermediates\\res\\default\\resources\\base\\media\\d2.png","type":"file","isSymbolicLink":false,"fileMetaData":{"size":86687,"lastModifiedTime":1751361382020}},{"hashValue":"b25aa04f20fdc9bb62d5aa733808a1b0","name":"foreground.png","path":"D:\\devecopyject\\project\\entry\\build\\default\\intermediates\\res\\default\\resources\\base\\media\\foreground.png","type":"file","isSymbolicLink":false,"fileMetaData":{"size":9325,"lastModifiedTime":1751455561229}},{"hashValue":"3dc74a0da6b21479f9964e09ded6acf8","name":"layered_image.json","path":"D:\\devecopyject\\project\\entry\\build\\default\\intermediates\\res\\default\\resources\\base\\media\\layered_image.json","type":"file","isSymbolicLink":false,"fileMetaData":{"size":95,"lastModifiedTime":1751455561106}},{"hashValue":"4de209f5a9081c19711a194dcc7b7c41","name":"startIcon.png","path":"D:\\devecopyject\\project\\entry\\build\\default\\intermediates\\res\\default\\resources\\base\\media\\startIcon.png","type":"file","isSymbolicLink":false,"fileMetaData":{"size":20093,"lastModifiedTime":1751293226628}}]},{"hashValue":"4b93c20b13b7e18b23daeb9da7183544","name":"profile","path":"D:\\devecopyject\\project\\entry\\build\\default\\intermediates\\res\\default\\resources\\base\\profile","type":"directory","isSymbolicLink":false,"children":[{"hashValue":"19237f8f0f0e75c534a98943d9aba306","name":"backup_config.json","path":"D:\\devecopyject\\project\\entry\\build\\default\\intermediates\\res\\default\\resources\\base\\profile\\backup_config.json","type":"file","isSymbolicLink":false,"fileMetaData":{"size":36,"lastModifiedTime":1751293226666}},{"hashValue":"0a72b09ed99d37b4f797493969e89e73","name":"main_pages.json","path":"D:\\devecopyject\\project\\entry\\build\\default\\intermediates\\res\\default\\resources\\base\\profile\\main_pages.json","type":"file","isSymbolicLink":false,"fileMetaData":{"size":325,"lastModifiedTime":1751452831912}}]}]},{"hashValue":"","name":"rawfile","path":"D:\\devecopyject\\project\\entry\\build\\default\\intermediates\\res\\default\\resources\\rawfile","type":"directory","isSymbolicLink":false,"children":[]}]},"D:\\devecopyject\\project\\entry\\build\\default\\intermediates\\res\\default\\resources.index":{"hashValue":"1a9bff1d500480ec6e6a70732f5cf70b","name":"resources.index","path":"D:\\devecopyject\\project\\entry\\build\\default\\intermediates\\res\\default\\resources.index","type":"file","isSymbolicLink":false,"fileMetaData":{"size":2516,"lastModifiedTime":1751455561231}},"D:\\devecopyject\\project\\entry\\build\\default\\intermediates\\loader_out\\default\\ets\\sourceMaps.map":{"hashValue":"48c85782bf8a2eb51cf176ccd8210e71","name":"sourceMaps.map","path":"D:\\devecopyject\\project\\entry\\build\\default\\intermediates\\loader_out\\default\\ets\\sourceMaps.map","type":"file","isSymbolicLink":false,"fileMetaData":{"size":44632,"lastModifiedTime":1751456372835}},"D:\\devecopyject\\project\\entry\\build\\default\\outputs\\default\\entry-default-unsigned.hap":{"hashValue":"4baf0bca713adc9875c32e5b94f8f038","name":"entry-default-unsigned.hap","path":"D:\\devecopyject\\project\\entry\\build\\default\\outputs\\default\\entry-default-unsigned.hap","type":"file","isSymbolicLink":false,"fileMetaData":{"size":593470,"lastModifiedTime":1751456373552}},"D:\\devecopyject\\project\\entry\\build\\default\\intermediates\\source_map\\default\\sourceMaps.map":{"hashValue":"48c85782bf8a2eb51cf176ccd8210e71","name":"sourceMaps.map","path":"D:\\devecopyject\\project\\entry\\build\\default\\intermediates\\source_map\\default\\sourceMaps.map","type":"file","isSymbolicLink":false,"fileMetaData":{"size":44632,"lastModifiedTime":1751456372835}},"D:\\devecopyject\\project\\entry\\build\\default\\outputs\\default\\mapping\\sourceMaps.map":{"hashValue":"48c85782bf8a2eb51cf176ccd8210e71","name":"sourceMaps.map","path":"D:\\devecopyject\\project\\entry\\build\\default\\outputs\\default\\mapping\\sourceMaps.map","type":"file","isSymbolicLink":false,"fileMetaData":{"size":44632,"lastModifiedTime":1751456372835}},"D:\\devecopyject\\project\\entry\\.preview\\default\\intermediates\\merge_profile\\default\\module.json":{"hashValue":"62589f9936f3ba10e840f9c41c83c8bf","name":"module.json","path":"D:\\devecopyject\\project\\entry\\.preview\\default\\intermediates\\merge_profile\\default\\module.json","type":"file","isSymbolicLink":false,"fileMetaData":{"size":1601,"lastModifiedTime":1751368144167}},"D:\\devecopyject\\project\\entry\\.preview\\default\\generated\\profile\\default\\BuildProfile.ets":{"hashValue":"bfd2fdfcf14ed95186e7c76a57cd6323","name":"BuildProfile.ets","path":"D:\\devecopyject\\project\\entry\\.preview\\default\\generated\\profile\\default\\BuildProfile.ets","type":"file","isSymbolicLink":false,"fileMetaData":{"size":868,"lastModifiedTime":1751368144172}},"D:\\devecopyject\\project\\entry\\.preview\\default\\intermediates\\loader\\default\\pkgContextInfo.json":{"hashValue":"99c1a63e9e54bb8df0880186eab8f645","name":"pkgContextInfo.json","path":"D:\\devecopyject\\project\\entry\\.preview\\default\\intermediates\\loader\\default\\pkgContextInfo.json","type":"file","isSymbolicLink":false,"fileMetaData":{"size":444,"lastModifiedTime":1751368144183}},"D:\\devecopyject\\project\\entry\\.preview\\default\\intermediates\\process_profile\\default\\module.json":{"hashValue":"a16ee9ad943879e2645c650a26f997bd","name":"module.json","path":"D:\\devecopyject\\project\\entry\\.preview\\default\\intermediates\\process_profile\\default\\module.json","type":"file","isSymbolicLink":false,"fileMetaData":{"size":1687,"lastModifiedTime":1751368145079}},"D:\\devecopyject\\project\\entry\\.preview\\default\\intermediates\\router_map\\default\\temp-router-map.json":{"hashValue":"876304795953135f2789d3db258f20c7","name":"temp-router-map.json","path":"D:\\devecopyject\\project\\entry\\.preview\\default\\intermediates\\router_map\\default\\temp-router-map.json","type":"file","isSymbolicLink":false,"fileMetaData":{"size":16,"lastModifiedTime":1751368145086}},"D:\\devecopyject\\project\\entry\\.preview\\default\\intermediates\\router_map\\default\\loader-router-map.json":{"hashValue":"786e7c7da0ebc8928a53b6d6e76d1da6","name":"loader-router-map.json","path":"D:\\devecopyject\\project\\entry\\.preview\\default\\intermediates\\router_map\\default\\loader-router-map.json","type":"file","isSymbolicLink":false,"fileMetaData":{"size":16,"lastModifiedTime":1751368145087}},"D:\\devecopyject\\project\\entry\\.preview\\default\\intermediates\\loader\\default\\loader.json":{"hashValue":"a90de29f455c598454452088b608d112","name":"loader.json","path":"D:\\devecopyject\\project\\entry\\.preview\\default\\intermediates\\loader\\default\\loader.json","type":"file","isSymbolicLink":false,"fileMetaData":{"size":795,"lastModifiedTime":1751368145119}},"D:\\devecopyject\\project\\entry\\.preview\\default\\intermediates\\res\\default":{"hashValue":"77bceaa0a8625a19d89c09eb1aeb51dc","name":"default","path":"D:\\devecopyject\\project\\entry\\.preview\\default\\intermediates\\res\\default","type":"directory","isSymbolicLink":false,"children":[{"hashValue":"7d2b0c51b4abcd130aaad4a78aebf960","name":"app_compiled","path":"D:\\devecopyject\\project\\entry\\.preview\\default\\intermediates\\res\\default\\app_compiled","type":"directory","isSymbolicLink":false,"children":[{"hashValue":"f4f61c7b8ec9721b1dc608b00cefd9e4","name":"12886196541683287025","path":"D:\\devecopyject\\project\\entry\\.preview\\default\\intermediates\\res\\default\\app_compiled\\12886196541683287025","type":"file","isSymbolicLink":false,"fileMetaData":{"size":202,"lastModifiedTime":1751368145656}},{"hashValue":"26af1ca3b992fd3e93326450d33b60f3","name":"13977742911174359221","path":"D:\\devecopyject\\project\\entry\\.preview\\default\\intermediates\\res\\default\\app_compiled\\13977742911174359221","type":"file","isSymbolicLink":false,"fileMetaData":{"size":190,"lastModifiedTime":1751368145654}},{"hashValue":"35d55a5984da32934ebfe4c2cd0f2130","name":"5085135832386812204","path":"D:\\devecopyject\\project\\entry\\.preview\\default\\intermediates\\res\\default\\app_compiled\\5085135832386812204","type":"file","isSymbolicLink":false,"fileMetaData":{"size":190,"lastModifiedTime":1751368145656}},{"hashValue":"de367b1c55c1fe2e298f5d0fe64f3c9b","name":"5799323622634135384","path":"D:\\devecopyject\\project\\entry\\.preview\\default\\intermediates\\res\\default\\app_compiled\\5799323622634135384","type":"file","isSymbolicLink":false,"fileMetaData":{"size":116,"lastModifiedTime":1751368145653}}]},{"hashValue":"16a3f883e8c496081b88ed4f6fe55f17","name":"ids_map","path":"D:\\devecopyject\\project\\entry\\.preview\\default\\intermediates\\res\\default\\ids_map","type":"directory","isSymbolicLink":false,"children":[{"hashValue":"5165e05c3a15dea64e1285c31208ea56","name":"id_defined.json","path":"D:\\devecopyject\\project\\entry\\.preview\\default\\intermediates\\res\\default\\ids_map\\id_defined.json","type":"file","isSymbolicLink":false,"fileMetaData":{"size":1419,"lastModifiedTime":1751368146806}}]},{"hashValue":"df7b79c3ed476bfa7187313639ef3a5f","name":"module_compiled","path":"D:\\devecopyject\\project\\entry\\.preview\\default\\intermediates\\res\\default\\module_compiled","type":"directory","isSymbolicLink":false,"children":[{"hashValue":"c152c77e38444337d0867331441fa6a1","name":"10431590618997645528","path":"D:\\devecopyject\\project\\entry\\.preview\\default\\intermediates\\res\\default\\module_compiled\\10431590618997645528","type":"file","isSymbolicLink":false,"fileMetaData":{"size":206,"lastModifiedTime":1751368146221}},{"hashValue":"2c8ad8d5bb4ded6fdd53d271865765df","name":"13858082969010361234","path":"D:\\devecopyject\\project\\entry\\.preview\\default\\intermediates\\res\\default\\module_compiled\\13858082969010361234","type":"file","isSymbolicLink":false,"fileMetaData":{"size":187,"lastModifiedTime":1751368146221}},{"hashValue":"94948292884438bfb7e3d154478f3d1a","name":"13865852830822230191","path":"D:\\devecopyject\\project\\entry\\.preview\\default\\intermediates\\res\\default\\module_compiled\\13865852830822230191","type":"file","isSymbolicLink":false,"fileMetaData":{"size":123,"lastModifiedTime":1751368146216}},{"hashValue":"d073e97bfcd48c1ee15a945fa8fcb6bd","name":"15187212891066849231","path":"D:\\devecopyject\\project\\entry\\.preview\\default\\intermediates\\res\\default\\module_compiled\\15187212891066849231","type":"file","isSymbolicLink":false,"fileMetaData":{"size":202,"lastModifiedTime":1751368146221}},{"hashValue":"401b5edeaf72b049233fa8710cde41ed","name":"16612824501983194259","path":"D:\\devecopyject\\project\\entry\\.preview\\default\\intermediates\\res\\default\\module_compiled\\16612824501983194259","type":"file","isSymbolicLink":false,"fileMetaData":{"size":172,"lastModifiedTime":1751368146219}},{"hashValue":"84ea50308f77343c5307adab71e6bb94","name":"17832532661128432971","path":"D:\\devecopyject\\project\\entry\\.preview\\default\\intermediates\\res\\default\\module_compiled\\17832532661128432971","type":"file","isSymbolicLink":false,"fileMetaData":{"size":383,"lastModifiedTime":1751368146218}},{"hashValue":"4ed5ac051a2d974d35162f16f9766a70","name":"4141435571380747930","path":"D:\\devecopyject\\project\\entry\\.preview\\default\\intermediates\\res\\default\\module_compiled\\4141435571380747930","type":"file","isSymbolicLink":false,"fileMetaData":{"size":197,"lastModifiedTime":1751368146221}},{"hashValue":"b9a93af012aaac139b77c025fc3d1aba","name":"4313194923833168425","path":"D:\\devecopyject\\project\\entry\\.preview\\default\\intermediates\\res\\default\\module_compiled\\4313194923833168425","type":"file","isSymbolicLink":false,"fileMetaData":{"size":166,"lastModifiedTime":1751368146220}},{"hashValue":"ad18852246c19d322cab12c3e0e4d15c","name":"4349595056250987021","path":"D:\\devecopyject\\project\\entry\\.preview\\default\\intermediates\\res\\default\\module_compiled\\4349595056250987021","type":"file","isSymbolicLink":false,"fileMetaData":{"size":190,"lastModifiedTime":1751368146220}},{"hashValue":"0954984ebf2d153ae02178c1a5aefc00","name":"5380287639114463425","path":"D:\\devecopyject\\project\\entry\\.preview\\default\\intermediates\\res\\default\\module_compiled\\5380287639114463425","type":"file","isSymbolicLink":false,"fileMetaData":{"size":138,"lastModifiedTime":1751368146222}},{"hashValue":"ea44d3b50d207d54e6fed1f17f3f834c","name":"5723110639506876333","path":"D:\\devecopyject\\project\\entry\\.preview\\default\\intermediates\\res\\default\\module_compiled\\5723110639506876333","type":"file","isSymbolicLink":false,"fileMetaData":{"size":259,"lastModifiedTime":1751368146219}},{"hashValue":"eafd75820e329501bca361238a98eea4","name":"6523974498776886804","path":"D:\\devecopyject\\project\\entry\\.preview\\default\\intermediates\\res\\default\\module_compiled\\6523974498776886804","type":"file","isSymbolicLink":false,"fileMetaData":{"size":130,"lastModifiedTime":1751368146216}},{"hashValue":"358a5815a296f00dd953da7baf788976","name":"7596349236582215683","path":"D:\\devecopyject\\project\\entry\\.preview\\default\\intermediates\\res\\default\\module_compiled\\7596349236582215683","type":"file","isSymbolicLink":false,"fileMetaData":{"size":190,"lastModifiedTime":1751368146220}}]},{"hashValue":"ca6db087120f004d18737c2ae03bcbcf","name":"module.json","path":"D:\\devecopyject\\project\\entry\\.preview\\default\\intermediates\\res\\default\\module.json","type":"file","isSymbolicLink":false,"fileMetaData":{"size":1706,"lastModifiedTime":1751368146860}},{"hashValue":"7e1a8a058815c774a45cd48e239e2657","name":"resources","path":"D:\\devecopyject\\project\\entry\\.preview\\default\\intermediates\\res\\default\\resources","type":"directory","isSymbolicLink":false,"children":[{"hashValue":"bd6b6ae25529a9f85a85270937836763","name":"base","path":"D:\\devecopyject\\project\\entry\\.preview\\default\\intermediates\\res\\default\\resources\\base","type":"directory","isSymbolicLink":false,"children":[{"hashValue":"fe870ad8a2ca81fc5d7c5b8f45f7f63e","name":"media","path":"D:\\devecopyject\\project\\entry\\.preview\\default\\intermediates\\res\\default\\resources\\base\\media","type":"directory","isSymbolicLink":false,"children":[{"hashValue":"190792aa6fb7b251120e08fded4348f5","name":"app_layered_image.json","path":"D:\\devecopyject\\project\\entry\\.preview\\default\\intermediates\\res\\default\\resources\\base\\media\\app_layered_image.json","type":"file","isSymbolicLink":false,"fileMetaData":{"size":95,"lastModifiedTime":1751368146804}},{"hashValue":"0c5b2488882c8ed08ca24edcadc48559","name":"layered_image.json","path":"D:\\devecopyject\\project\\entry\\.preview\\default\\intermediates\\res\\default\\resources\\base\\media\\layered_image.json","type":"file","isSymbolicLink":false,"fileMetaData":{"size":95,"lastModifiedTime":1751368146804}}]},{"hashValue":"63f61c42fa3ed465de0b9563f44f0f04","name":"profile","path":"D:\\devecopyject\\project\\entry\\.preview\\default\\intermediates\\res\\default\\resources\\base\\profile","type":"directory","isSymbolicLink":false,"children":[{"hashValue":"19237f8f0f0e75c534a98943d9aba306","name":"backup_config.json","path":"D:\\devecopyject\\project\\entry\\.preview\\default\\intermediates\\res\\default\\resources\\base\\profile\\backup_config.json","type":"file","isSymbolicLink":false,"fileMetaData":{"size":36,"lastModifiedTime":1751293226666}},{"hashValue":"b931c9f6a36f34dcf0b158296ba94e97","name":"main_pages.json","path":"D:\\devecopyject\\project\\entry\\.preview\\default\\intermediates\\res\\default\\resources\\base\\profile\\main_pages.json","type":"file","isSymbolicLink":false,"fileMetaData":{"size":33,"lastModifiedTime":1751368146834}}]}]}]},{"hashValue":"549113dcecf442c9e525847f8b3d8fcb","name":"resources.index","path":"D:\\devecopyject\\project\\entry\\.preview\\default\\intermediates\\res\\default\\resources.index","type":"file","isSymbolicLink":false,"fileMetaData":{"size":1991,"lastModifiedTime":1751368146805}},{"hashValue":"4d3773db8dc687c91cb7c203b7e28991","name":"ResourceTable.txt","path":"D:\\devecopyject\\project\\entry\\.preview\\default\\intermediates\\res\\default\\ResourceTable.txt","type":"file","isSymbolicLink":false,"fileMetaData":{"size":575,"lastModifiedTime":1751368146808}}]},"D:\\devecopyject\\project\\entry\\.preview\\default\\generated\\r\\default":{"hashValue":"e9554023a7fd51d7596f5cfe3fa9aa76","name":"default","path":"D:\\devecopyject\\project\\entry\\.preview\\default\\generated\\r\\default","type":"directory","isSymbolicLink":false,"children":[{"hashValue":"e135e0a8e9efb756ca68fe02d204ad52","name":"ResourceTable.h","path":"D:\\devecopyject\\project\\entry\\.preview\\default\\generated\\r\\default\\ResourceTable.h","type":"file","isSymbolicLink":false,"fileMetaData":{"size":1587,"lastModifiedTime":1751368146807}}]},"D:\\devecopyject\\project\\entry\\src\\main\\resources\\base\\profile":{"hashValue":"39b873897197a9ca819b216583cfb815","name":"profile","path":"D:\\devecopyject\\project\\entry\\src\\main\\resources\\base\\profile","type":"directory","isSymbolicLink":false,"children":[{"hashValue":"19237f8f0f0e75c534a98943d9aba306","name":"backup_config.json","path":"D:\\devecopyject\\project\\entry\\src\\main\\resources\\base\\profile\\backup_config.json","type":"file","isSymbolicLink":false,"fileMetaData":{"size":36,"lastModifiedTime":1751293226666}},{"hashValue":"7d4a0653434dadea5ee3661b2ee81a68","name":"main_pages.json","path":"D:\\devecopyject\\project\\entry\\src\\main\\resources\\base\\profile\\main_pages.json","type":"file","isSymbolicLink":false,"fileMetaData":{"size":68,"lastModifiedTime":1751367224118}}]},"D:\\devecopyject\\project\\entry\\.preview\\default\\intermediates\\res\\default\\resources\\base\\profile":{"hashValue":"63f61c42fa3ed465de0b9563f44f0f04","name":"profile","path":"D:\\devecopyject\\project\\entry\\.preview\\default\\intermediates\\res\\default\\resources\\base\\profile","type":"directory","isSymbolicLink":false,"children":[{"hashValue":"19237f8f0f0e75c534a98943d9aba306","name":"backup_config.json","path":"D:\\devecopyject\\project\\entry\\.preview\\default\\intermediates\\res\\default\\resources\\base\\profile\\backup_config.json","type":"file","isSymbolicLink":false,"fileMetaData":{"size":36,"lastModifiedTime":1751293226666}},{"hashValue":"b931c9f6a36f34dcf0b158296ba94e97","name":"main_pages.json","path":"D:\\devecopyject\\project\\entry\\.preview\\default\\intermediates\\res\\default\\resources\\base\\profile\\main_pages.json","type":"file","isSymbolicLink":false,"fileMetaData":{"size":33,"lastModifiedTime":1751368146834}}]},"D:\\devecopyject\\project\\entry\\.preview\\default\\intermediates\\res\\default\\module.json":{"hashValue":"ca6db087120f004d18737c2ae03bcbcf","name":"module.json","path":"D:\\devecopyject\\project\\entry\\.preview\\default\\intermediates\\res\\default\\module.json","type":"file","isSymbolicLink":false,"fileMetaData":{"size":1706,"lastModifiedTime":1751368146860}},"D:\\devecopyject\\project\\entry\\.preview\\default\\intermediates\\res\\default\\resources\\base\\profile\\main_pages.json":{"hashValue":"b931c9f6a36f34dcf0b158296ba94e97","name":"main_pages.json","path":"D:\\devecopyject\\project\\entry\\.preview\\default\\intermediates\\res\\default\\resources\\base\\profile\\main_pages.json","type":"file","isSymbolicLink":false,"fileMetaData":{"size":33,"lastModifiedTime":1751368146834}},"D:\\devecopyject\\project\\entry\\.preview\\default\\intermediates\\loader\\default":{"hashValue":"112254b63d834e0db442ac33acc8647f","name":"default","path":"D:\\devecopyject\\project\\entry\\.preview\\default\\intermediates\\loader\\default","type":"directory","isSymbolicLink":false,"children":[{"hashValue":"a90de29f455c598454452088b608d112","name":"loader.json","path":"D:\\devecopyject\\project\\entry\\.preview\\default\\intermediates\\loader\\default\\loader.json","type":"file","isSymbolicLink":false,"fileMetaData":{"size":795,"lastModifiedTime":1751368145119}},{"hashValue":"99c1a63e9e54bb8df0880186eab8f645","name":"pkgContextInfo.json","path":"D:\\devecopyject\\project\\entry\\.preview\\default\\intermediates\\loader\\default\\pkgContextInfo.json","type":"file","isSymbolicLink":false,"fileMetaData":{"size":444,"lastModifiedTime":1751368144183}}]},"D:\\devecopyject\\project\\entry\\.preview\\default\\intermediates\\res\\default\\ResourceTable.txt":{"hashValue":"4d3773db8dc687c91cb7c203b7e28991","name":"ResourceTable.txt","path":"D:\\devecopyject\\project\\entry\\.preview\\default\\intermediates\\res\\default\\ResourceTable.txt","type":"file","isSymbolicLink":false,"fileMetaData":{"size":575,"lastModifiedTime":1751368146808}},"D:\\devecopyject\\project\\entry\\build\\default\\generated\\profile\\default\\ModuleInfo.ts":{"hashValue":"","name":"emptyroot","path":"","type":"unknown","isSymbolicLink":false,"children":[]},"D:\\devecopyject\\project\\build\\cache\\default\\integrated_hsp\\integratedHspCache.json":{"hashValue":"","name":"emptyroot","path":"","type":"unknown","isSymbolicLink":false,"children":[]},"D:\\devecopyject\\project\\entry\\build\\default\\intermediates\\syscap\\default\\rpcid.sc":{"hashValue":"","name":"emptyroot","path":"","type":"unknown","isSymbolicLink":false,"children":[]},"D:\\devecopyject\\project\\entry\\build\\default\\intermediates\\startup\\default\\startup_config.json":{"hashValue":"","name":"emptyroot","path":"","type":"unknown","isSymbolicLink":false,"children":[]},"D:\\devecopyject\\project\\entry\\build\\default\\intermediates\\loader_out\\default\\js":{"hashValue":"","name":"emptyroot","path":"","type":"unknown","isSymbolicLink":false,"children":[]},"D:\\devecopyject\\project\\entry\\build\\default\\outputs\\default\\entry-default-signed.hap":{"hashValue":"","name":"emptyroot","path":"","type":"unknown","isSymbolicLink":false,"children":[]},"D:\\devecopyject\\project\\entry\\build\\default\\outputs\\default\\symbol":{"hashValue":"","name":"emptyroot","path":"","type":"unknown","isSymbolicLink":false,"children":[]}}