{"deviceType":"phone,tablet","buildMode":"debug","note":"false","logLevel":"3","isPreview":"true","port":"29917","checkEntry":"true","localPropertiesPath":"D:\\HarmonyOS\\DuoLa\\local.properties","Path":"D:\\HarmonyOS\\DevEco Studio\\tools\\node\\","aceProfilePath":"D:\\HarmonyOS\\DuoLa\\entry\\.preview\\default\\intermediates\\res\\default\\resources\\base\\profile","hapMode":"false","img2bin":"true","projectProfilePath":"D:\\HarmonyOS\\DuoLa\\build-profile.json5","watchMode":"true","appResource":"D:\\HarmonyOS\\DuoLa\\entry\\.preview\\default\\intermediates\\res\\default\\ResourceTable.txt","aceBuildJson":"D:\\HarmonyOS\\DuoLa\\entry\\.preview\\default\\intermediates\\loader\\default\\loader.json","aceModuleRoot":"D:\\HarmonyOS\\DuoLa\\entry\\src\\main\\ets","aceSoPath":"D:\\HarmonyOS\\DuoLa\\entry\\.preview\\cache\\nativeDependencies.txt","cachePath":"D:\\HarmonyOS\\DuoLa\\entry\\.preview\\cache\\.default","aceModuleBuild":"D:\\HarmonyOS\\DuoLa\\entry\\.preview\\default\\intermediates\\assets\\default\\ets","aceModuleJsonPath":"D:\\HarmonyOS\\DuoLa\\entry\\.preview\\default\\intermediates\\res\\default\\module.json","stageRouterConfig":{"paths":["D:\\HarmonyOS\\DuoLa\\entry\\.preview\\default\\intermediates\\res\\default\\module.json","D:\\HarmonyOS\\DuoLa\\entry\\.preview\\default\\intermediates\\res\\default\\resources\\base\\profile\\main_pages.json"],"contents":["{\"module\":{\"pages\":\"$profile:main_pages\",\"name\":\"entry\"}}","{\"src\":[\"pages/Index\",\"pages/CalendarPage\",\"pages/ReminderEditPage\",\"pages/ReminderListPage\"]}"]}}