{
  "color": [
    {
      "name": "primary_blue",
      "value": "#007DFF"
    },
    {
      "name": "text_black",
      "value": "#000000"
    },
    {
      "name": "text_gray",
      "value": "#AAAAAA"
    },
    {
      "name": "indicator_red",
      "value": "#FF0000"
    },
    {
      "name": "window_background",
      "value": "#FFFFFF"
    },
    {
      "name": "time_picker_bg",
      "value": "#FFFFFF"
    },
    {
      "name": "time_picker_selected",
      "value": "#F0F0F0"
    },
    {
      "name": "time_picker_border",
      "value": "#EEEEEE"
    },
    {
      "name": "picker_bg",
      "value": "#FFFFFF"
    },
    {
      "name": "picker_shadow",
      "value": "#888888"
    }
  ]
}